#
# There is insufficient memory for the Java Runtime Environment to continue.
# Native memory allocation (malloc) failed to allocate 3164496 bytes for Chunk::new
# Possible reasons:
#   The system is out of physical RAM or swap space
#   The process is running with CompressedOops enabled, and the Java Heap may be blocking the growth of the native heap
# Possible solutions:
#   Reduce memory load on the system
#   Increase physical memory or swap space
#   Check if swap backing store is full
#   Decrease Java heap size (-Xmx/-Xms)
#   Decrease number of Java threads
#   Decrease Java thread stack sizes (-Xss)
#   Set larger code cache with -XX:ReservedCodeCacheSize=
#   JVM is running with Unscaled Compressed Oops mode in which the Java heap is
#     placed in the first 4GB address space. The Java Heap base address is the
#     maximum limit for the native heap growth. Please use -XX:HeapBaseMinAddress
#     to set the Java Heap base and to place the Java Heap above 4GB virtual address.
# This output file may be truncated or incomplete.
#
#  Out of Memory Error (arena.cpp:191), pid=21648, tid=20880
#
# JRE version: OpenJDK Runtime Environment (17.0.10) (build 17.0.10+0--11609105)
# Java VM: OpenJDK 64-Bit Server VM (17.0.10+0--11609105, mixed mode, tiered, compressed oops, compressed class ptrs, g1 gc, windows-amd64)
# No core dump will be written. Minidumps are not enabled by default on client versions of Windows
#

---------------  S U M M A R Y ------------

Command Line: --add-opens=java.base/java.util=ALL-UNNAMED --add-opens=java.base/java.lang=ALL-UNNAMED --add-opens=java.base/java.lang.invoke=ALL-UNNAMED --add-opens=java.prefs/java.util.prefs=ALL-UNNAMED --add-opens=java.base/java.nio.charset=ALL-UNNAMED --add-opens=java.base/java.net=ALL-UNNAMED --add-opens=java.base/java.util.concurrent.atomic=ALL-UNNAMED -Xmx2048m -Dfile.encoding=UTF-8 -Duser.country=US -Duser.language=en -Duser.variant -javaagent:C:\Users\sadra\.gradle\wrapper\dists\gradle-8.7-bin\wrapper\dists\gradle-8.7-bin\bhs2wmbdwecv87pi65oeuq5iu\gradle-8.7\lib\agents\gradle-instrumentation-agent-8.7.jar org.gradle.launcher.daemon.bootstrap.GradleDaemon 8.7

Host: Intel(R) Core(TM) i7-6500U CPU @ 2.50GHz, 4 cores, 7G,  Windows 10 , 64 bit Build 19041 (10.0.19041.4717)
Time: Thu Sep 26 09:46:30 2024 Iran Standard Time elapsed time: 1076.800095 seconds (0d 0h 17m 56s)

---------------  T H R E A D  ---------------

Current thread (0x000002614750a690):  JavaThread "C2 CompilerThread1" daemon [_thread_in_native, id=20880, stack(0x000000eeb8200000,0x000000eeb8300000)]


Current CompileTask:
C2:1076800 33387 %     4       com.android.tools.r8.ir.regalloc.b::b @ 59 (4458 bytes)

Stack: [0x000000eeb8200000,0x000000eeb8300000]
Native frames: (J=compiled Java code, j=interpreted, Vv=VM code, C=native code)
V  [jvm.dll+0x688de9]
V  [jvm.dll+0x8423da]
V  [jvm.dll+0x84401e]
V  [jvm.dll+0x844683]
V  [jvm.dll+0x24be0f]
V  [jvm.dll+0xac524]
V  [jvm.dll+0xacb6c]
V  [jvm.dll+0x36bd67]
V  [jvm.dll+0x1be002]
V  [jvm.dll+0x21dbf9]
V  [jvm.dll+0x21cec1]
V  [jvm.dll+0x1a60ad]
V  [jvm.dll+0x22cd78]
V  [jvm.dll+0x22aeb0]
V  [jvm.dll+0x7f6877]
V  [jvm.dll+0x7f0c7a]
V  [jvm.dll+0x687c65]
C  [ucrtbase.dll+0x21bb2]
C  [KERNEL32.DLL+0x17374]
C  [ntdll.dll+0x4cc91]


---------------  P R O C E S S  ---------------

Threads class SMR info:
_java_thread_list=0x000002614734fe60, length=83, elements={
0x0000026125193710, 0x000002613e786720, 0x000002613e7877b0, 0x000002613e8df290,
0x000002613e8e1d60, 0x000002613e8e2720, 0x000002613e8e34f0, 0x000002613e8e4290,
0x000002613e8f2700, 0x000002613e8f5130, 0x000002613e6fae00, 0x000002613eb96520,
0x0000026144381550, 0x000002613eb75400, 0x0000026144ce8070, 0x000002614533dd50,
0x000002614533afc0, 0x000002614533d330, 0x000002614533b9e0, 0x000002614533ce20,
0x000002614659a510, 0x00000261465a0f60, 0x000002614859bd70, 0x000002614e946250,
0x000002614e947690, 0x000002614859a930, 0x000002614859eb00, 0x00000261485980b0,
0x0000026148598ad0, 0x000002614636c6b0, 0x000002614636cbc0, 0x0000026146371cc0,
0x000002614636b780, 0x000002614636f440, 0x000002614636fe60, 0x00000261463717b0,
0x000002614636e510, 0x000002614636d0d0, 0x000002614636ea20, 0x000002614636ef30,
0x0000026146370370, 0x0000026146373100, 0x0000026146370880, 0x00000261463726e0,
0x00000261463721d0, 0x0000026146372bf0, 0x000002614636daf0, 0x000002614636e000,
0x000002614636c1a0, 0x000002614e94ae40, 0x000002614e946c70, 0x000002614e945d40,
0x000002614e947ba0, 0x000002614e948fe0, 0x000002614e949a00, 0x000002614e9485c0,
0x000002614e948ad0, 0x000002614e94a930, 0x000002614e947180, 0x000002614e94c280,
0x000002614e9494f0, 0x000002614e94cca0, 0x000002614e94a420, 0x000002614e94b860,
0x000002614e94d1b0, 0x00000261465a0540, 0x000002614659be60, 0x000002614659b440,
0x000002614659e6e0, 0x000002614659ebf0, 0x000002614659a000, 0x000002614859d1b0,
0x000002614859e5f0, 0x000002614859dbd0, 0x000002614859f010, 0x000002614859d6c0,
0x000002614533c400, 0x000002614533e260, 0x000002614659f100, 0x000002614e949f10,
0x00000261479df840, 0x000002614750a690, 0x00000261479de910
}

Java Threads: ( => current thread )
  0x0000026125193710 JavaThread "main" [_thread_blocked, id=2460, stack(0x000000eeb6700000,0x000000eeb6800000)]
  0x000002613e786720 JavaThread "Reference Handler" daemon [_thread_blocked, id=10204, stack(0x000000eeb6e00000,0x000000eeb6f00000)]
  0x000002613e7877b0 JavaThread "Finalizer" daemon [_thread_blocked, id=4688, stack(0x000000eeb6f00000,0x000000eeb7000000)]
  0x000002613e8df290 JavaThread "Signal Dispatcher" daemon [_thread_blocked, id=17840, stack(0x000000eeb7000000,0x000000eeb7100000)]
  0x000002613e8e1d60 JavaThread "Attach Listener" daemon [_thread_blocked, id=19604, stack(0x000000eeb7100000,0x000000eeb7200000)]
  0x000002613e8e2720 JavaThread "Service Thread" daemon [_thread_blocked, id=19964, stack(0x000000eeb7200000,0x000000eeb7300000)]
  0x000002613e8e34f0 JavaThread "Monitor Deflation Thread" daemon [_thread_blocked, id=11280, stack(0x000000eeb7300000,0x000000eeb7400000)]
  0x000002613e8e4290 JavaThread "C2 CompilerThread0" daemon [_thread_in_native, id=17232, stack(0x000000eeb7400000,0x000000eeb7500000)]
  0x000002613e8f2700 JavaThread "C1 CompilerThread0" daemon [_thread_blocked, id=22416, stack(0x000000eeb7500000,0x000000eeb7600000)]
  0x000002613e8f5130 JavaThread "Sweeper thread" daemon [_thread_blocked, id=14244, stack(0x000000eeb7600000,0x000000eeb7700000)]
  0x000002613e6fae00 JavaThread "Common-Cleaner" daemon [_thread_blocked, id=14808, stack(0x000000eeb7700000,0x000000eeb7800000)]
  0x000002613eb96520 JavaThread "Notification Thread" daemon [_thread_blocked, id=12320, stack(0x000000eeb7800000,0x000000eeb7900000)]
  0x0000026144381550 JavaThread "Daemon health stats" [_thread_blocked, id=11676, stack(0x000000eeb7e00000,0x000000eeb7f00000)]
  0x000002613eb75400 JavaThread "Incoming local TCP Connector on port 62851" [_thread_in_native, id=15300, stack(0x000000eeb7c00000,0x000000eeb7d00000)]
  0x0000026144ce8070 JavaThread "Daemon periodic checks" [_thread_blocked, id=4676, stack(0x000000eeb8000000,0x000000eeb8100000)]
  0x000002614533dd50 JavaThread "Cache worker for journal cache (C:\Users\sadra\.gradle\wrapper\dists\gradle-8.7-bin\caches\journal-1)" [_thread_blocked, id=11892, stack(0x000000eeb8800000,0x000000eeb8900000)]
  0x000002614533afc0 JavaThread "File lock request listener" [_thread_in_native, id=2800, stack(0x000000eeb8900000,0x000000eeb8a00000)]
  0x000002614533d330 JavaThread "Cache worker for file hash cache (C:\Users\sadra\.gradle\wrapper\dists\gradle-8.7-bin\caches\8.7\fileHashes)" [_thread_blocked, id=9592, stack(0x000000eeb8a00000,0x000000eeb8b00000)]
  0x000002614533b9e0 JavaThread "File watcher server" daemon [_thread_in_native, id=8064, stack(0x000000eeb8c00000,0x000000eeb8d00000)]
  0x000002614533ce20 JavaThread "File watcher consumer" daemon [_thread_blocked, id=856, stack(0x000000eeb8d00000,0x000000eeb8e00000)]
  0x000002614659a510 JavaThread "Cache worker for file content cache (C:\Users\sadra\.gradle\wrapper\dists\gradle-8.7-bin\caches\8.7\fileContent)" [_thread_blocked, id=17312, stack(0x000000eeb9100000,0x000000eeb9200000)]
  0x00000261465a0f60 JavaThread "Memory manager" [_thread_blocked, id=22300, stack(0x000000eeb9c00000,0x000000eeb9d00000)]
  0x000002614859bd70 JavaThread "pool-3-thread-1" [_thread_blocked, id=21984, stack(0x000000eeb9e00000,0x000000eeb9f00000)]
  0x000002614e946250 JavaThread "pool-7-thread-1" [_thread_blocked, id=21004, stack(0x000000eeb9700000,0x000000eeb9800000)]
  0x000002614e947690 JavaThread "pool-10-thread-1" [_thread_blocked, id=15824, stack(0x000000eeb9600000,0x000000eeb9700000)]
  0x000002614859a930 JavaThread "RMI Scheduler(0)" daemon [_thread_blocked, id=10780, stack(0x000000eebb100000,0x000000eebb200000)]
  0x000002614859eb00 JavaThread "RMI GC Daemon" daemon [_thread_blocked, id=9284, stack(0x000000eebb300000,0x000000eebb400000)]
  0x00000261485980b0 JavaThread "RMI TCP Accept-0" daemon [_thread_in_native, id=15480, stack(0x000000eebb400000,0x000000eebb500000)]
  0x0000026148598ad0 JavaThread "RMI Reaper" [_thread_blocked, id=1928, stack(0x000000eebb500000,0x000000eebb600000)]
  0x000002614636c6b0 JavaThread "Daemon Thread 4" [_thread_blocked, id=11260, stack(0x000000eeb6400000,0x000000eeb6500000)]
  0x000002614636cbc0 JavaThread "Handler for socket connection from /127.0.0.1:62851 to /127.0.0.1:63236" [_thread_in_native, id=3600, stack(0x000000eeb6500000,0x000000eeb6600000)]
  0x0000026146371cc0 JavaThread "Cancel handler" [_thread_blocked, id=13532, stack(0x000000eeb6600000,0x000000eeb6700000)]
  0x000002614636b780 JavaThread "Daemon worker Thread 4" [_thread_blocked, id=22148, stack(0x000000eeb7f00000,0x000000eeb8000000)]
  0x000002614636f440 JavaThread "Asynchronous log dispatcher for DefaultDaemonConnection: socket connection from /127.0.0.1:62851 to /127.0.0.1:63236" [_thread_blocked, id=10856, stack(0x000000eeb8100000,0x000000eeb8200000)]
  0x000002614636fe60 JavaThread "Daemon client event forwarder" [_thread_blocked, id=12256, stack(0x000000eeb8300000,0x000000eeb8400000)]
  0x00000261463717b0 JavaThread "Cache worker for file hash cache (E:\myprojects\TotanPay\.gradle\8.7\fileHashes)" [_thread_blocked, id=20932, stack(0x000000eeb8400000,0x000000eeb8500000)]
  0x000002614636e510 JavaThread "Cache worker for checksums cache (E:\myprojects\TotanPay\.gradle\8.7\checksums)" [_thread_blocked, id=5820, stack(0x000000eeb8500000,0x000000eeb8600000)]
  0x000002614636d0d0 JavaThread "Cache worker for cache directory md-supplier (C:\Users\sadra\.gradle\wrapper\dists\gradle-8.7-bin\caches\8.7\md-supplier)" [_thread_blocked, id=9804, stack(0x000000eeb8600000,0x000000eeb8700000)]
  0x000002614636ea20 JavaThread "Cache worker for cache directory md-rule (C:\Users\sadra\.gradle\wrapper\dists\gradle-8.7-bin\caches\8.7\md-rule)" [_thread_blocked, id=15172, stack(0x000000eeb8700000,0x000000eeb8800000)]
  0x000002614636ef30 JavaThread "Cache worker for Build Output Cleanup Cache (E:\myprojects\TotanPay\.gradle\buildOutputCleanup)" [_thread_blocked, id=1256, stack(0x000000eeb8b00000,0x000000eeb8c00000)]
  0x0000026146370370 JavaThread "Unconstrained build operations" [_thread_blocked, id=21548, stack(0x000000eeb9000000,0x000000eeb9100000)]
  0x0000026146373100 JavaThread "Unconstrained build operations Thread 2" [_thread_blocked, id=17456, stack(0x000000eeb9300000,0x000000eeb9400000)]
  0x0000026146370880 JavaThread "Unconstrained build operations Thread 3" [_thread_blocked, id=11968, stack(0x000000eeb9400000,0x000000eeb9500000)]
  0x00000261463726e0 JavaThread "build event listener" [_thread_blocked, id=1300, stack(0x000000eeb9500000,0x000000eeb9600000)]
  0x00000261463721d0 JavaThread "build event listener" [_thread_blocked, id=17076, stack(0x000000eeb9800000,0x000000eeb9900000)]
  0x0000026146372bf0 JavaThread "pool-14-thread-1" [_thread_blocked, id=20864, stack(0x000000eeb9900000,0x000000eeb9a00000)]
  0x000002614636daf0 JavaThread "build event listener" [_thread_blocked, id=13188, stack(0x000000eeb9a00000,0x000000eeb9b00000)]
  0x000002614636e000 JavaThread "included builds" [_thread_blocked, id=22204, stack(0x000000eeb9b00000,0x000000eeb9c00000)]
  0x000002614636c1a0 JavaThread "Execution worker" [_thread_blocked, id=16580, stack(0x000000eeb9d00000,0x000000eeb9e00000)]
  0x000002614e94ae40 JavaThread "Execution worker Thread 2" [_thread_blocked, id=11460, stack(0x000000eeb9f00000,0x000000eeba000000)]
  0x000002614e946c70 JavaThread "Execution worker Thread 3" [_thread_blocked, id=16244, stack(0x000000eeba000000,0x000000eeba100000)]
  0x000002614e945d40 JavaThread "Cache worker for execution history cache (E:\myprojects\TotanPay\.gradle\8.7\executionHistory)" [_thread_blocked, id=5360, stack(0x000000eeba100000,0x000000eeba200000)]
  0x000002614e947ba0 JavaThread "Unconstrained build operations Thread 4" [_thread_blocked, id=19576, stack(0x000000eeba200000,0x000000eeba300000)]
  0x000002614e948fe0 JavaThread "Unconstrained build operations Thread 5" [_thread_blocked, id=10076, stack(0x000000eeba300000,0x000000eeba400000)]
  0x000002614e949a00 JavaThread "Unconstrained build operations Thread 6" [_thread_blocked, id=17576, stack(0x000000eeba400000,0x000000eeba500000)]
  0x000002614e9485c0 JavaThread "Unconstrained build operations Thread 7" [_thread_blocked, id=4188, stack(0x000000eeba500000,0x000000eeba600000)]
  0x000002614e948ad0 JavaThread "Unconstrained build operations Thread 8" [_thread_blocked, id=10196, stack(0x000000eeba600000,0x000000eeba700000)]
  0x000002614e94a930 JavaThread "Unconstrained build operations Thread 9" [_thread_blocked, id=12364, stack(0x000000eeba700000,0x000000eeba800000)]
  0x000002614e947180 JavaThread "Unconstrained build operations Thread 10" [_thread_blocked, id=10756, stack(0x000000eeba800000,0x000000eeba900000)]
  0x000002614e94c280 JavaThread "Unconstrained build operations Thread 11" [_thread_blocked, id=11944, stack(0x000000eeba900000,0x000000eebaa00000)]
  0x000002614e9494f0 JavaThread "Unconstrained build operations Thread 12" [_thread_blocked, id=19136, stack(0x000000eebaa00000,0x000000eebab00000)]
  0x000002614e94cca0 JavaThread "Unconstrained build operations Thread 13" [_thread_blocked, id=16404, stack(0x000000eebab00000,0x000000eebac00000)]
  0x000002614e94a420 JavaThread "Unconstrained build operations Thread 14" [_thread_blocked, id=2868, stack(0x000000eebac00000,0x000000eebad00000)]
  0x000002614e94b860 JavaThread "Unconstrained build operations Thread 15" [_thread_blocked, id=9636, stack(0x000000eebad00000,0x000000eebae00000)]
  0x000002614e94d1b0 JavaThread "Unconstrained build operations Thread 16" [_thread_blocked, id=5344, stack(0x000000eebae00000,0x000000eebaf00000)]
  0x00000261465a0540 JavaThread "WorkerExecutor Queue" [_thread_blocked, id=19312, stack(0x000000eebaf00000,0x000000eebb000000)]
  0x000002614659be60 JavaThread "Unconstrained build operations Thread 17" [_thread_blocked, id=14436, stack(0x000000eebb000000,0x000000eebb100000)]
  0x000002614659b440 JavaThread "Unconstrained build operations Thread 18" [_thread_blocked, id=22112, stack(0x000000eebb200000,0x000000eebb300000)]
  0x000002614659e6e0 JavaThread "Unconstrained build operations Thread 19" [_thread_blocked, id=17080, stack(0x000000eebb600000,0x000000eebb700000)]
  0x000002614659ebf0 JavaThread "RMI TCP Connection(idle)" daemon [_thread_blocked, id=7664, stack(0x000000eebb800000,0x000000eebb900000)]
  0x000002614659a000 JavaThread "WorkerExecutor Queue Thread 2" [_thread_in_Java, id=12868, stack(0x000000eebb900000,0x000000eebba00000)]
  0x000002614859d1b0 JavaThread "Unconstrained build operations Thread 20" [_thread_blocked, id=9392, stack(0x000000eebbb00000,0x000000eebbc00000)]
  0x000002614859e5f0 JavaThread "WorkerExecutor Queue Thread 3" [_thread_in_Java, id=10164, stack(0x000000eeb8f00000,0x000000eeb9000000)]
  0x000002614859dbd0 JavaThread "RMI TCP Connection(6)-127.0.0.1" daemon [_thread_in_native, id=16076, stack(0x000000eebbd00000,0x000000eebbe00000)]
  0x000002614859f010 JavaThread "Cache worker for Java compile cache (C:\Users\sadra\.gradle\wrapper\dists\gradle-8.7-bin\caches\8.7\javaCompile)" [_thread_blocked, id=7496, stack(0x000000eebbf00000,0x000000eebc000000)]
  0x000002614859d6c0 JavaThread "Build operations" [_thread_blocked, id=504, stack(0x000000eebbc00000,0x000000eebbd00000)]
  0x000002614533c400 JavaThread "Build operations Thread 2" [_thread_blocked, id=21328, stack(0x000000eebc000000,0x000000eebc100000)]
  0x000002614533e260 JavaThread "Build operations Thread 3" [_thread_blocked, id=7528, stack(0x000000eebc100000,0x000000eebc200000)]
  0x000002614659f100 JavaThread "Unconstrained build operations Thread 21" [_thread_blocked, id=22224, stack(0x000000eebc200000,0x000000eebc300000)]
  0x000002614e949f10 JavaThread "Build operations Thread 4" [_thread_blocked, id=4220, stack(0x000000eebc300000,0x000000eebc400000)]
  0x00000261479df840 JavaThread "WorkerExecutor Queue Thread 4" [_thread_in_Java, id=17192, stack(0x000000eebbe00000,0x000000eebbf00000)]
=>0x000002614750a690 JavaThread "C2 CompilerThread1" daemon [_thread_in_native, id=20880, stack(0x000000eeb8200000,0x000000eeb8300000)]
  0x00000261479de910 JavaThread "WorkerExecutor Queue Thread 5" [_thread_in_Java, id=5212, stack(0x000000eebc400000,0x000000eebc500000)]

Other Threads:
  0x000002613e773970 VMThread "VM Thread" [stack: 0x000000eeb6d00000,0x000000eeb6e00000] [id=6428]
  0x000002613ebc2a40 WatcherThread [stack: 0x000000eeb7900000,0x000000eeb7a00000] [id=21192]
  0x000002612304e810 GCTaskThread "GC Thread#0" [stack: 0x000000eeb6800000,0x000000eeb6900000] [id=11924]
  0x00000261430338c0 GCTaskThread "GC Thread#1" [stack: 0x000000eeb7a00000,0x000000eeb7b00000] [id=11328]
  0x0000026143033b80 GCTaskThread "GC Thread#2" [stack: 0x000000eeb7b00000,0x000000eeb7c00000] [id=9440]
  0x0000026143b4d760 GCTaskThread "GC Thread#3" [stack: 0x000000eeb7d00000,0x000000eeb7e00000] [id=13512]
  0x00000261251fa410 ConcurrentGCThread "G1 Main Marker" [stack: 0x000000eeb6900000,0x000000eeb6a00000] [id=7536]
  0x00000261251fb4e0 ConcurrentGCThread "G1 Conc#0" [stack: 0x000000eeb6a00000,0x000000eeb6b00000] [id=10800]
  0x000002612523e620 ConcurrentGCThread "G1 Refine#0" [stack: 0x000000eeb6b00000,0x000000eeb6c00000] [id=13184]
  0x00000261464de9d0 ConcurrentGCThread "G1 Refine#1" [stack: 0x000000eeb9200000,0x000000eeb9300000] [id=18056]
  0x0000026146ff20b0 ConcurrentGCThread "G1 Refine#2" [stack: 0x000000eebb700000,0x000000eebb800000] [id=15604]
  0x000002614f1d0670 ConcurrentGCThread "G1 Refine#3" [stack: 0x000000eebba00000,0x000000eebbb00000] [id=16568]
  0x000002613e5c9260 ConcurrentGCThread "G1 Service" [stack: 0x000000eeb6c00000,0x000000eeb6d00000] [id=11084]

Threads with active compile tasks:
C2 CompilerThread0  1076851 33436 %     4       com.android.tools.r8.ir.regalloc.b::a @ 1587 (1862 bytes)
C2 CompilerThread1  1076852 33387 %     4       com.android.tools.r8.ir.regalloc.b::b @ 59 (4458 bytes)

VM state: not at safepoint (normal execution)

VM Mutex/Monitor currently owned by a thread: None

Heap address: 0x0000000080000000, size: 2048 MB, Compressed Oops mode: 32-bit

CDS archive(s) not mapped
Compressed class space mapped at: 0x0000000100000000-0x0000000140000000, reserved size: 1073741824
Narrow klass base: 0x0000000000000000, Narrow klass shift: 3, Narrow klass range: 0x140000000

GC Precious Log:
 CPUs: 4 total, 4 available
 Memory: 7989M
 Large Page Support: Disabled
 NUMA Support: Disabled
 Compressed Oops: Enabled (32-bit)
 Heap Region Size: 1M
 Heap Min Capacity: 8M
 Heap Initial Capacity: 126M
 Heap Max Capacity: 2G
 Pre-touch: Disabled
 Parallel Workers: 4
 Concurrent Workers: 1
 Concurrent Refinement Workers: 4
 Periodic GC: Disabled

Heap:
 garbage-first heap   total 990208K, used 510734K [0x0000000080000000, 0x0000000100000000)
  region size 1024K, 268 young (274432K), 1 survivors (1024K)
 Metaspace       used 187816K, committed 189120K, reserved 1245184K
  class space    used 24551K, committed 25152K, reserved 1048576K

Heap Regions: E=young(eden), S=young(survivor), O=old, HS=humongous(starts), HC=humongous(continues), CS=collection set, F=free, OA=open archive, CA=closed archive, TAMS=top-at-mark-start (previous, next)
|   0|0x0000000080000000, 0x0000000080100000, 0x0000000080100000|100%|HS|  |TAMS 0x0000000080100000, 0x0000000080000000| Complete 
|   1|0x0000000080100000, 0x0000000080200000, 0x0000000080200000|100%|HC|  |TAMS 0x0000000080200000, 0x0000000080100000| Complete 
|   2|0x0000000080200000, 0x0000000080300000, 0x0000000080300000|100%|HC|  |TAMS 0x0000000080300000, 0x0000000080200000| Complete 
|   3|0x0000000080300000, 0x0000000080400000, 0x0000000080400000|100%|HC|  |TAMS 0x0000000080400000, 0x0000000080300000| Complete 
|   4|0x0000000080400000, 0x0000000080500000, 0x0000000080500000|100%| O|  |TAMS 0x0000000080500000, 0x0000000080400000| Untracked 
|   5|0x0000000080500000, 0x0000000080600000, 0x0000000080600000|100%| O|  |TAMS 0x0000000080600000, 0x0000000080500000| Untracked 
|   6|0x0000000080600000, 0x0000000080700000, 0x0000000080700000|100%| O|  |TAMS 0x0000000080700000, 0x0000000080600000| Untracked 
|   7|0x0000000080700000, 0x0000000080800000, 0x0000000080800000|100%| O|  |TAMS 0x0000000080800000, 0x0000000080700000| Untracked 
|   8|0x0000000080800000, 0x0000000080900000, 0x0000000080900000|100%| O|  |TAMS 0x0000000080900000, 0x0000000080800000| Untracked 
|   9|0x0000000080900000, 0x0000000080a00000, 0x0000000080a00000|100%| O|  |TAMS 0x0000000080a00000, 0x0000000080900000| Untracked 
|  10|0x0000000080a00000, 0x0000000080abf600, 0x0000000080b00000| 74%| O|  |TAMS 0x0000000080abf600, 0x0000000080a00000| Untracked 
|  11|0x0000000080b00000, 0x0000000080c00000, 0x0000000080c00000|100%| O|  |TAMS 0x0000000080c00000, 0x0000000080b00000| Untracked 
|  12|0x0000000080c00000, 0x0000000080d00000, 0x0000000080d00000|100%| O|  |TAMS 0x0000000080d00000, 0x0000000080c00000| Untracked 
|  13|0x0000000080d00000, 0x0000000080e00000, 0x0000000080e00000|100%| O|  |TAMS 0x0000000080e00000, 0x0000000080d00000| Untracked 
|  14|0x0000000080e00000, 0x0000000080f00000, 0x0000000080f00000|100%| O|  |TAMS 0x0000000080f00000, 0x0000000080e00000| Untracked 
|  15|0x0000000080f00000, 0x0000000081000000, 0x0000000081000000|100%| O|  |TAMS 0x0000000081000000, 0x0000000080f00000| Untracked 
|  16|0x0000000081000000, 0x0000000081100000, 0x0000000081100000|100%| O|  |TAMS 0x0000000081100000, 0x0000000081000000| Untracked 
|  17|0x0000000081100000, 0x0000000081200000, 0x0000000081200000|100%| O|  |TAMS 0x0000000081200000, 0x0000000081100000| Untracked 
|  18|0x0000000081200000, 0x0000000081300000, 0x0000000081300000|100%| O|  |TAMS 0x0000000081300000, 0x0000000081200000| Untracked 
|  19|0x0000000081300000, 0x0000000081400000, 0x0000000081400000|100%| O|  |TAMS 0x0000000081400000, 0x0000000081300000| Untracked 
|  20|0x0000000081400000, 0x0000000081500000, 0x0000000081500000|100%| O|  |TAMS 0x0000000081500000, 0x0000000081400000| Untracked 
|  21|0x0000000081500000, 0x0000000081600000, 0x0000000081600000|100%| O|  |TAMS 0x0000000081600000, 0x0000000081500000| Untracked 
|  22|0x0000000081600000, 0x0000000081700000, 0x0000000081700000|100%| O|  |TAMS 0x0000000081700000, 0x0000000081600000| Untracked 
|  23|0x0000000081700000, 0x0000000081800000, 0x0000000081800000|100%|HS|  |TAMS 0x0000000081800000, 0x0000000081700000| Complete 
|  24|0x0000000081800000, 0x0000000081900000, 0x0000000081900000|100%| O|  |TAMS 0x0000000081900000, 0x0000000081800000| Untracked 
|  25|0x0000000081900000, 0x0000000081a00000, 0x0000000081a00000|100%| O|  |TAMS 0x0000000081a00000, 0x0000000081900000| Untracked 
|  26|0x0000000081a00000, 0x0000000081b00000, 0x0000000081b00000|100%| O|  |TAMS 0x0000000081b00000, 0x0000000081a00000| Untracked 
|  27|0x0000000081b00000, 0x0000000081c00000, 0x0000000081c00000|100%| O|  |TAMS 0x0000000081c00000, 0x0000000081b00000| Untracked 
|  28|0x0000000081c00000, 0x0000000081d00000, 0x0000000081d00000|100%| O|  |TAMS 0x0000000081d00000, 0x0000000081c00000| Untracked 
|  29|0x0000000081d00000, 0x0000000081e00000, 0x0000000081e00000|100%| O|  |TAMS 0x0000000081e00000, 0x0000000081d00000| Untracked 
|  30|0x0000000081e00000, 0x0000000081f00000, 0x0000000081f00000|100%| O|  |TAMS 0x0000000081e00000, 0x0000000081e00000| Untracked 
|  31|0x0000000081f00000, 0x0000000082000000, 0x0000000082000000|100%| O|  |TAMS 0x0000000082000000, 0x0000000081f00000| Untracked 
|  32|0x0000000082000000, 0x0000000082100000, 0x0000000082100000|100%| O|  |TAMS 0x0000000082100000, 0x0000000082000000| Untracked 
|  33|0x0000000082100000, 0x0000000082200000, 0x0000000082200000|100%| O|  |TAMS 0x0000000082200000, 0x0000000082100000| Untracked 
|  34|0x0000000082200000, 0x0000000082300000, 0x0000000082300000|100%| O|  |TAMS 0x0000000082300000, 0x0000000082200000| Untracked 
|  35|0x0000000082300000, 0x0000000082400000, 0x0000000082400000|100%| O|  |TAMS 0x0000000082400000, 0x0000000082300000| Untracked 
|  36|0x0000000082400000, 0x0000000082500000, 0x0000000082500000|100%| O|  |TAMS 0x0000000082500000, 0x0000000082400000| Untracked 
|  37|0x0000000082500000, 0x0000000082600000, 0x0000000082600000|100%|HS|  |TAMS 0x0000000082500000, 0x0000000082500000| Complete 
|  38|0x0000000082600000, 0x0000000082700000, 0x0000000082700000|100%| O|  |TAMS 0x0000000082600000, 0x0000000082600000| Untracked 
|  39|0x0000000082700000, 0x0000000082800000, 0x0000000082800000|100%| O|  |TAMS 0x0000000082800000, 0x0000000082700000| Untracked 
|  40|0x0000000082800000, 0x0000000082900000, 0x0000000082900000|100%|HS|  |TAMS 0x0000000082900000, 0x0000000082800000| Complete 
|  41|0x0000000082900000, 0x0000000082a00000, 0x0000000082a00000|100%|HS|  |TAMS 0x0000000082a00000, 0x0000000082900000| Complete 
|  42|0x0000000082a00000, 0x0000000082b00000, 0x0000000082b00000|100%|HS|  |TAMS 0x0000000082b00000, 0x0000000082a00000| Complete 
|  43|0x0000000082b00000, 0x0000000082c00000, 0x0000000082c00000|100%|HC|  |TAMS 0x0000000082c00000, 0x0000000082b00000| Complete 
|  44|0x0000000082c00000, 0x0000000082d00000, 0x0000000082d00000|100%|HS|  |TAMS 0x0000000082d00000, 0x0000000082c00000| Complete 
|  45|0x0000000082d00000, 0x0000000082e00000, 0x0000000082e00000|100%|HC|  |TAMS 0x0000000082e00000, 0x0000000082d00000| Complete 
|  46|0x0000000082e00000, 0x0000000082f00000, 0x0000000082f00000|100%| O|  |TAMS 0x0000000082f00000, 0x0000000082e00000| Untracked 
|  47|0x0000000082f00000, 0x0000000083000000, 0x0000000083000000|100%| O|  |TAMS 0x0000000082f00000, 0x0000000082f00000| Untracked 
|  48|0x0000000083000000, 0x0000000083100000, 0x0000000083100000|100%| O|  |TAMS 0x0000000083000000, 0x0000000083000000| Untracked 
|  49|0x0000000083100000, 0x0000000083200000, 0x0000000083200000|100%| O|  |TAMS 0x0000000083200000, 0x0000000083100000| Untracked 
|  50|0x0000000083200000, 0x0000000083300000, 0x0000000083300000|100%| O|  |TAMS 0x0000000083300000, 0x0000000083200000| Untracked 
|  51|0x0000000083300000, 0x0000000083400000, 0x0000000083400000|100%|HS|  |TAMS 0x0000000083400000, 0x0000000083300000| Complete 
|  52|0x0000000083400000, 0x0000000083500000, 0x0000000083500000|100%|HS|  |TAMS 0x0000000083500000, 0x0000000083400000| Complete 
|  53|0x0000000083500000, 0x0000000083600000, 0x0000000083600000|100%|HC|  |TAMS 0x0000000083600000, 0x0000000083500000| Complete 
|  54|0x0000000083600000, 0x0000000083700000, 0x0000000083700000|100%|HC|  |TAMS 0x0000000083700000, 0x0000000083600000| Complete 
|  55|0x0000000083700000, 0x0000000083800000, 0x0000000083800000|100%|HC|  |TAMS 0x0000000083800000, 0x0000000083700000| Complete 
|  56|0x0000000083800000, 0x0000000083900000, 0x0000000083900000|100%|HS|  |TAMS 0x0000000083900000, 0x0000000083800000| Complete 
|  57|0x0000000083900000, 0x0000000083a00000, 0x0000000083a00000|100%| O|  |TAMS 0x0000000083a00000, 0x0000000083900000| Untracked 
|  58|0x0000000083a00000, 0x0000000083b00000, 0x0000000083b00000|100%|HS|  |TAMS 0x0000000083b00000, 0x0000000083a00000| Complete 
|  59|0x0000000083b00000, 0x0000000083b80000, 0x0000000083c00000| 50%| O|  |TAMS 0x0000000083b00000, 0x0000000083b00000| Untracked 
|  60|0x0000000083c00000, 0x0000000083d00000, 0x0000000083d00000|100%|HS|  |TAMS 0x0000000083c00000, 0x0000000083c00000| Complete 
|  61|0x0000000083d00000, 0x0000000083e00000, 0x0000000083e00000|100%| O|  |TAMS 0x0000000083e00000, 0x0000000083d00000| Untracked 
|  62|0x0000000083e00000, 0x0000000083e00000, 0x0000000083f00000|  0%| F|  |TAMS 0x0000000083e00000, 0x0000000083e00000| Untracked 
|  63|0x0000000083f00000, 0x0000000083f00000, 0x0000000084000000|  0%| F|  |TAMS 0x0000000083f00000, 0x0000000083f00000| Untracked 
|  64|0x0000000084000000, 0x0000000084100000, 0x0000000084100000|100%| O|  |TAMS 0x0000000084100000, 0x0000000084000000| Untracked 
|  65|0x0000000084100000, 0x0000000084200000, 0x0000000084200000|100%| O|  |TAMS 0x0000000084200000, 0x0000000084100000| Untracked 
|  66|0x0000000084200000, 0x0000000084300000, 0x0000000084300000|100%| O|  |TAMS 0x0000000084300000, 0x0000000084200000| Untracked 
|  67|0x0000000084300000, 0x0000000084400000, 0x0000000084400000|100%| O|  |TAMS 0x0000000084400000, 0x0000000084300000| Untracked 
|  68|0x0000000084400000, 0x0000000084500000, 0x0000000084500000|100%| O|  |TAMS 0x0000000084500000, 0x0000000084400000| Untracked 
|  69|0x0000000084500000, 0x0000000084600000, 0x0000000084600000|100%| O|  |TAMS 0x0000000084600000, 0x0000000084500000| Untracked 
|  70|0x0000000084600000, 0x0000000084700000, 0x0000000084700000|100%| O|  |TAMS 0x0000000084700000, 0x0000000084600000| Untracked 
|  71|0x0000000084700000, 0x0000000084800000, 0x0000000084800000|100%| O|  |TAMS 0x0000000084800000, 0x0000000084700000| Untracked 
|  72|0x0000000084800000, 0x0000000084900000, 0x0000000084900000|100%|HS|  |TAMS 0x0000000084900000, 0x0000000084800000| Complete 
|  73|0x0000000084900000, 0x0000000084a00000, 0x0000000084a00000|100%|HS|  |TAMS 0x0000000084a00000, 0x0000000084900000| Complete 
|  74|0x0000000084a00000, 0x0000000084b00000, 0x0000000084b00000|100%|HC|  |TAMS 0x0000000084b00000, 0x0000000084a00000| Complete 
|  75|0x0000000084b00000, 0x0000000084c00000, 0x0000000084c00000|100%|HC|  |TAMS 0x0000000084c00000, 0x0000000084b00000| Complete 
|  76|0x0000000084c00000, 0x0000000084d00000, 0x0000000084d00000|100%|HC|  |TAMS 0x0000000084d00000, 0x0000000084c00000| Complete 
|  77|0x0000000084d00000, 0x0000000084e00000, 0x0000000084e00000|100%| O|  |TAMS 0x0000000084e00000, 0x0000000084d00000| Untracked 
|  78|0x0000000084e00000, 0x0000000084f00000, 0x0000000084f00000|100%| O|  |TAMS 0x0000000084f00000, 0x0000000084e00000| Untracked 
|  79|0x0000000084f00000, 0x0000000085000000, 0x0000000085000000|100%| O|  |TAMS 0x0000000085000000, 0x0000000084f00000| Untracked 
|  80|0x0000000085000000, 0x0000000085100000, 0x0000000085100000|100%| O|  |TAMS 0x0000000085100000, 0x0000000085000000| Untracked 
|  81|0x0000000085100000, 0x0000000085200000, 0x0000000085200000|100%| O|  |TAMS 0x0000000085200000, 0x0000000085100000| Untracked 
|  82|0x0000000085200000, 0x0000000085300000, 0x0000000085300000|100%| O|  |TAMS 0x0000000085300000, 0x0000000085200000| Untracked 
|  83|0x0000000085300000, 0x0000000085400000, 0x0000000085400000|100%| O|  |TAMS 0x0000000085400000, 0x0000000085300000| Untracked 
|  84|0x0000000085400000, 0x0000000085500000, 0x0000000085500000|100%| O|  |TAMS 0x0000000085500000, 0x0000000085400000| Untracked 
|  85|0x0000000085500000, 0x0000000085600000, 0x0000000085600000|100%| O|  |TAMS 0x0000000085600000, 0x0000000085500000| Untracked 
|  86|0x0000000085600000, 0x0000000085700000, 0x0000000085700000|100%| O|  |TAMS 0x0000000085700000, 0x0000000085600000| Untracked 
|  87|0x0000000085700000, 0x0000000085800000, 0x0000000085800000|100%| O|  |TAMS 0x0000000085800000, 0x0000000085700000| Untracked 
|  88|0x0000000085800000, 0x0000000085900000, 0x0000000085900000|100%| O|  |TAMS 0x0000000085900000, 0x0000000085800000| Untracked 
|  89|0x0000000085900000, 0x0000000085a00000, 0x0000000085a00000|100%| O|  |TAMS 0x0000000085a00000, 0x0000000085900000| Untracked 
|  90|0x0000000085a00000, 0x0000000085a00000, 0x0000000085b00000|  0%| F|  |TAMS 0x0000000085a00000, 0x0000000085a00000| Untracked 
|  91|0x0000000085b00000, 0x0000000085c00000, 0x0000000085c00000|100%| O|  |TAMS 0x0000000085c00000, 0x0000000085b00000| Untracked 
|  92|0x0000000085c00000, 0x0000000085d00000, 0x0000000085d00000|100%| O|  |TAMS 0x0000000085d00000, 0x0000000085c00000| Untracked 
|  93|0x0000000085d00000, 0x0000000085e00000, 0x0000000085e00000|100%| O|  |TAMS 0x0000000085e00000, 0x0000000085d00000| Untracked 
|  94|0x0000000085e00000, 0x0000000085f00000, 0x0000000085f00000|100%| O|  |TAMS 0x0000000085f00000, 0x0000000085e00000| Untracked 
|  95|0x0000000085f00000, 0x0000000085f00000, 0x0000000086000000|  0%| F|  |TAMS 0x0000000085f00000, 0x0000000085f00000| Untracked 
|  96|0x0000000086000000, 0x0000000086100000, 0x0000000086100000|100%| O|  |TAMS 0x0000000086100000, 0x0000000086000000| Untracked 
|  97|0x0000000086100000, 0x0000000086200000, 0x0000000086200000|100%| O|  |TAMS 0x0000000086200000, 0x0000000086100000| Untracked 
|  98|0x0000000086200000, 0x0000000086300000, 0x0000000086300000|100%| O|  |TAMS 0x0000000086300000, 0x0000000086200000| Untracked 
|  99|0x0000000086300000, 0x0000000086400000, 0x0000000086400000|100%| O|  |TAMS 0x0000000086400000, 0x0000000086300000| Untracked 
| 100|0x0000000086400000, 0x0000000086500000, 0x0000000086500000|100%| O|  |TAMS 0x0000000086500000, 0x0000000086400000| Untracked 
| 101|0x0000000086500000, 0x0000000086500000, 0x0000000086600000|  0%| F|  |TAMS 0x0000000086500000, 0x0000000086500000| Untracked 
| 102|0x0000000086600000, 0x0000000086700000, 0x0000000086700000|100%| O|  |TAMS 0x0000000086700000, 0x0000000086600000| Untracked 
| 103|0x0000000086700000, 0x0000000086700000, 0x0000000086800000|  0%| F|  |TAMS 0x0000000086700000, 0x0000000086700000| Untracked 
| 104|0x0000000086800000, 0x0000000086800000, 0x0000000086900000|  0%| F|  |TAMS 0x0000000086800000, 0x0000000086800000| Untracked 
| 105|0x0000000086900000, 0x0000000086900000, 0x0000000086a00000|  0%| F|  |TAMS 0x0000000086900000, 0x0000000086900000| Untracked 
| 106|0x0000000086a00000, 0x0000000086a00000, 0x0000000086b00000|  0%| F|  |TAMS 0x0000000086a00000, 0x0000000086a00000| Untracked 
| 107|0x0000000086b00000, 0x0000000086c00000, 0x0000000086c00000|100%| O|  |TAMS 0x0000000086c00000, 0x0000000086b00000| Untracked 
| 108|0x0000000086c00000, 0x0000000086d00000, 0x0000000086d00000|100%| O|  |TAMS 0x0000000086d00000, 0x0000000086c00000| Untracked 
| 109|0x0000000086d00000, 0x0000000086e00000, 0x0000000086e00000|100%| O|  |TAMS 0x0000000086e00000, 0x0000000086d00000| Untracked 
| 110|0x0000000086e00000, 0x0000000086e00000, 0x0000000086f00000|  0%| F|  |TAMS 0x0000000086e00000, 0x0000000086e00000| Untracked 
| 111|0x0000000086f00000, 0x0000000086f00000, 0x0000000087000000|  0%| F|  |TAMS 0x0000000086f00000, 0x0000000086f00000| Untracked 
| 112|0x0000000087000000, 0x0000000087000000, 0x0000000087100000|  0%| F|  |TAMS 0x0000000087000000, 0x0000000087000000| Untracked 
| 113|0x0000000087100000, 0x0000000087100000, 0x0000000087200000|  0%| F|  |TAMS 0x0000000087100000, 0x0000000087100000| Untracked 
| 114|0x0000000087200000, 0x0000000087300000, 0x0000000087300000|100%| O|  |TAMS 0x0000000087300000, 0x0000000087200000| Untracked 
| 115|0x0000000087300000, 0x0000000087300000, 0x0000000087400000|  0%| F|  |TAMS 0x0000000087300000, 0x0000000087300000| Untracked 
| 116|0x0000000087400000, 0x0000000087500000, 0x0000000087500000|100%| O|  |TAMS 0x0000000087500000, 0x0000000087400000| Untracked 
| 117|0x0000000087500000, 0x0000000087600000, 0x0000000087600000|100%| O|  |TAMS 0x0000000087600000, 0x0000000087500000| Untracked 
| 118|0x0000000087600000, 0x0000000087600000, 0x0000000087700000|  0%| F|  |TAMS 0x0000000087600000, 0x0000000087600000| Untracked 
| 119|0x0000000087700000, 0x0000000087700000, 0x0000000087800000|  0%| F|  |TAMS 0x0000000087700000, 0x0000000087700000| Untracked 
| 120|0x0000000087800000, 0x0000000087900000, 0x0000000087900000|100%| O|  |TAMS 0x0000000087900000, 0x0000000087800000| Untracked 
| 121|0x0000000087900000, 0x0000000087a00000, 0x0000000087a00000|100%| O|  |TAMS 0x0000000087a00000, 0x0000000087900000| Untracked 
| 122|0x0000000087a00000, 0x0000000087b00000, 0x0000000087b00000|100%| O|  |TAMS 0x0000000087b00000, 0x0000000087a00000| Untracked 
| 123|0x0000000087b00000, 0x0000000087c00000, 0x0000000087c00000|100%| O|  |TAMS 0x0000000087c00000, 0x0000000087b00000| Untracked 
| 124|0x0000000087c00000, 0x0000000087d00000, 0x0000000087d00000|100%| O|  |TAMS 0x0000000087c00000, 0x0000000087c00000| Untracked 
| 125|0x0000000087d00000, 0x0000000087e00000, 0x0000000087e00000|100%| O|  |TAMS 0x0000000087e00000, 0x0000000087d00000| Untracked 
| 126|0x0000000087e00000, 0x0000000087f00000, 0x0000000087f00000|100%| O|  |TAMS 0x0000000087f00000, 0x0000000087e00000| Untracked 
| 127|0x0000000087f00000, 0x0000000087f00000, 0x0000000088000000|  0%| F|  |TAMS 0x0000000087f00000, 0x0000000087f00000| Untracked 
| 128|0x0000000088000000, 0x0000000088000000, 0x0000000088100000|  0%| F|  |TAMS 0x0000000088000000, 0x0000000088000000| Untracked 
| 129|0x0000000088100000, 0x0000000088200000, 0x0000000088200000|100%| O|  |TAMS 0x0000000088200000, 0x0000000088100000| Untracked 
| 130|0x0000000088200000, 0x0000000088300000, 0x0000000088300000|100%| O|  |TAMS 0x0000000088300000, 0x0000000088200000| Untracked 
| 131|0x0000000088300000, 0x0000000088400000, 0x0000000088400000|100%| O|  |TAMS 0x0000000088400000, 0x0000000088300000| Untracked 
| 132|0x0000000088400000, 0x0000000088400000, 0x0000000088500000|  0%| F|  |TAMS 0x0000000088400000, 0x0000000088400000| Untracked 
| 133|0x0000000088500000, 0x0000000088600000, 0x0000000088600000|100%| O|  |TAMS 0x0000000088600000, 0x0000000088500000| Untracked 
| 134|0x0000000088600000, 0x0000000088600000, 0x0000000088700000|  0%| F|  |TAMS 0x0000000088600000, 0x0000000088600000| Untracked 
| 135|0x0000000088700000, 0x0000000088700000, 0x0000000088800000|  0%| F|  |TAMS 0x0000000088700000, 0x0000000088700000| Untracked 
| 136|0x0000000088800000, 0x0000000088900000, 0x0000000088900000|100%| O|  |TAMS 0x0000000088800000, 0x0000000088800000| Untracked 
| 137|0x0000000088900000, 0x0000000088a00000, 0x0000000088a00000|100%| O|  |TAMS 0x0000000088900000, 0x0000000088900000| Untracked 
| 138|0x0000000088a00000, 0x0000000088b00000, 0x0000000088b00000|100%| O|  |TAMS 0x0000000088a00000, 0x0000000088a00000| Untracked 
| 139|0x0000000088b00000, 0x0000000088c00000, 0x0000000088c00000|100%| O|  |TAMS 0x0000000088c00000, 0x0000000088b00000| Untracked 
| 140|0x0000000088c00000, 0x0000000088d00000, 0x0000000088d00000|100%| O|  |TAMS 0x0000000088d00000, 0x0000000088c00000| Untracked 
| 141|0x0000000088d00000, 0x0000000088e00000, 0x0000000088e00000|100%| O|  |TAMS 0x0000000088e00000, 0x0000000088d00000| Untracked 
| 142|0x0000000088e00000, 0x0000000088e00000, 0x0000000088f00000|  0%| F|  |TAMS 0x0000000088e00000, 0x0000000088e00000| Untracked 
| 143|0x0000000088f00000, 0x0000000089000000, 0x0000000089000000|100%| O|  |TAMS 0x0000000088f00000, 0x0000000088f00000| Untracked 
| 144|0x0000000089000000, 0x0000000089100000, 0x0000000089100000|100%| O|  |TAMS 0x0000000089100000, 0x0000000089000000| Untracked 
| 145|0x0000000089100000, 0x0000000089100000, 0x0000000089200000|  0%| F|  |TAMS 0x0000000089100000, 0x0000000089100000| Untracked 
| 146|0x0000000089200000, 0x0000000089300000, 0x0000000089300000|100%| O|  |TAMS 0x0000000089300000, 0x0000000089200000| Untracked 
| 147|0x0000000089300000, 0x0000000089300000, 0x0000000089400000|  0%| F|  |TAMS 0x0000000089300000, 0x0000000089300000| Untracked 
| 148|0x0000000089400000, 0x0000000089500000, 0x0000000089500000|100%| O|  |TAMS 0x0000000089400000, 0x0000000089400000| Untracked 
| 149|0x0000000089500000, 0x0000000089600000, 0x0000000089600000|100%| O|  |TAMS 0x0000000089500000, 0x0000000089500000| Untracked 
| 150|0x0000000089600000, 0x0000000089700000, 0x0000000089700000|100%| O|  |TAMS 0x0000000089600000, 0x0000000089600000| Untracked 
| 151|0x0000000089700000, 0x0000000089800000, 0x0000000089800000|100%| O|  |TAMS 0x0000000089700000, 0x0000000089700000| Untracked 
| 152|0x0000000089800000, 0x0000000089900000, 0x0000000089900000|100%| O|  |TAMS 0x0000000089800000, 0x0000000089800000| Untracked 
| 153|0x0000000089900000, 0x0000000089a00000, 0x0000000089a00000|100%| O|  |TAMS 0x0000000089900000, 0x0000000089900000| Untracked 
| 154|0x0000000089a00000, 0x0000000089a00000, 0x0000000089b00000|  0%| F|  |TAMS 0x0000000089a00000, 0x0000000089a00000| Untracked 
| 155|0x0000000089b00000, 0x0000000089c00000, 0x0000000089c00000|100%| O|  |TAMS 0x0000000089c00000, 0x0000000089b00000| Untracked 
| 156|0x0000000089c00000, 0x0000000089d00000, 0x0000000089d00000|100%| O|  |TAMS 0x0000000089c00000, 0x0000000089c00000| Untracked 
| 157|0x0000000089d00000, 0x0000000089e00000, 0x0000000089e00000|100%| O|  |TAMS 0x0000000089d00000, 0x0000000089d00000| Untracked 
| 158|0x0000000089e00000, 0x0000000089f00000, 0x0000000089f00000|100%| O|  |TAMS 0x0000000089e00000, 0x0000000089e00000| Untracked 
| 159|0x0000000089f00000, 0x000000008a000000, 0x000000008a000000|100%| O|  |TAMS 0x0000000089f00000, 0x0000000089f00000| Untracked 
| 160|0x000000008a000000, 0x000000008a100000, 0x000000008a100000|100%|HS|  |TAMS 0x000000008a000000, 0x000000008a000000| Complete 
| 161|0x000000008a100000, 0x000000008a200000, 0x000000008a200000|100%|HC|  |TAMS 0x000000008a100000, 0x000000008a100000| Complete 
| 162|0x000000008a200000, 0x000000008a300000, 0x000000008a300000|100%| O|  |TAMS 0x000000008a200000, 0x000000008a200000| Untracked 
| 163|0x000000008a300000, 0x000000008a400000, 0x000000008a400000|100%| O|  |TAMS 0x000000008a300000, 0x000000008a300000| Untracked 
| 164|0x000000008a400000, 0x000000008a500000, 0x000000008a500000|100%| O|  |TAMS 0x000000008a400000, 0x000000008a400000| Untracked 
| 165|0x000000008a500000, 0x000000008a600000, 0x000000008a600000|100%| O|  |TAMS 0x000000008a500000, 0x000000008a500000| Untracked 
| 166|0x000000008a600000, 0x000000008a700000, 0x000000008a700000|100%| O|  |TAMS 0x000000008a600000, 0x000000008a600000| Untracked 
| 167|0x000000008a700000, 0x000000008a800000, 0x000000008a800000|100%| O|  |TAMS 0x000000008a700000, 0x000000008a700000| Untracked 
| 168|0x000000008a800000, 0x000000008a900000, 0x000000008a900000|100%| O|  |TAMS 0x000000008a800000, 0x000000008a800000| Untracked 
| 169|0x000000008a900000, 0x000000008aa00000, 0x000000008aa00000|100%| O|  |TAMS 0x000000008a900000, 0x000000008a900000| Untracked 
| 170|0x000000008aa00000, 0x000000008ab00000, 0x000000008ab00000|100%| O|  |TAMS 0x000000008aa00000, 0x000000008aa00000| Untracked 
| 171|0x000000008ab00000, 0x000000008ac00000, 0x000000008ac00000|100%| O|  |TAMS 0x000000008ab00000, 0x000000008ab00000| Untracked 
| 172|0x000000008ac00000, 0x000000008ad00000, 0x000000008ad00000|100%| O|  |TAMS 0x000000008ac00000, 0x000000008ac00000| Untracked 
| 173|0x000000008ad00000, 0x000000008ae00000, 0x000000008ae00000|100%| O|  |TAMS 0x000000008ad00000, 0x000000008ad00000| Untracked 
| 174|0x000000008ae00000, 0x000000008af00000, 0x000000008af00000|100%| O|  |TAMS 0x000000008ae00000, 0x000000008ae00000| Untracked 
| 175|0x000000008af00000, 0x000000008b000000, 0x000000008b000000|100%| O|  |TAMS 0x000000008af00000, 0x000000008af00000| Untracked 
| 176|0x000000008b000000, 0x000000008b000000, 0x000000008b100000|  0%| F|  |TAMS 0x000000008b000000, 0x000000008b000000| Untracked 
| 177|0x000000008b100000, 0x000000008b100000, 0x000000008b200000|  0%| F|  |TAMS 0x000000008b100000, 0x000000008b100000| Untracked 
| 178|0x000000008b200000, 0x000000008b200000, 0x000000008b300000|  0%| F|  |TAMS 0x000000008b200000, 0x000000008b200000| Untracked 
| 179|0x000000008b300000, 0x000000008b300000, 0x000000008b400000|  0%| F|  |TAMS 0x000000008b300000, 0x000000008b300000| Untracked 
| 180|0x000000008b400000, 0x000000008b500000, 0x000000008b500000|100%|HS|  |TAMS 0x000000008b500000, 0x000000008b400000| Complete 
| 181|0x000000008b500000, 0x000000008b600000, 0x000000008b600000|100%|HC|  |TAMS 0x000000008b600000, 0x000000008b500000| Complete 
| 182|0x000000008b600000, 0x000000008b700000, 0x000000008b700000|100%| O|  |TAMS 0x000000008b700000, 0x000000008b600000| Untracked 
| 183|0x000000008b700000, 0x000000008b800000, 0x000000008b800000|100%| O|  |TAMS 0x000000008b800000, 0x000000008b700000| Untracked 
| 184|0x000000008b800000, 0x000000008b900000, 0x000000008b900000|100%| O|  |TAMS 0x000000008b900000, 0x000000008b800000| Untracked 
| 185|0x000000008b900000, 0x000000008ba00000, 0x000000008ba00000|100%| O|  |TAMS 0x000000008ba00000, 0x000000008b900000| Untracked 
| 186|0x000000008ba00000, 0x000000008ba00000, 0x000000008bb00000|  0%| F|  |TAMS 0x000000008ba00000, 0x000000008ba00000| Untracked 
| 187|0x000000008bb00000, 0x000000008bb00000, 0x000000008bc00000|  0%| F|  |TAMS 0x000000008bb00000, 0x000000008bb00000| Untracked 
| 188|0x000000008bc00000, 0x000000008bc00000, 0x000000008bd00000|  0%| F|  |TAMS 0x000000008bc00000, 0x000000008bc00000| Untracked 
| 189|0x000000008bd00000, 0x000000008bd00000, 0x000000008be00000|  0%| F|  |TAMS 0x000000008bd00000, 0x000000008bd00000| Untracked 
| 190|0x000000008be00000, 0x000000008be00000, 0x000000008bf00000|  0%| F|  |TAMS 0x000000008be00000, 0x000000008be00000| Untracked 
| 191|0x000000008bf00000, 0x000000008bf00000, 0x000000008c000000|  0%| F|  |TAMS 0x000000008bf00000, 0x000000008bf00000| Untracked 
| 192|0x000000008c000000, 0x000000008c000000, 0x000000008c100000|  0%| F|  |TAMS 0x000000008c000000, 0x000000008c000000| Untracked 
| 193|0x000000008c100000, 0x000000008c200000, 0x000000008c200000|100%| O|  |TAMS 0x000000008c200000, 0x000000008c100000| Untracked 
| 194|0x000000008c200000, 0x000000008c300000, 0x000000008c300000|100%| O|  |TAMS 0x000000008c300000, 0x000000008c200000| Untracked 
| 195|0x000000008c300000, 0x000000008c400000, 0x000000008c400000|100%| O|  |TAMS 0x000000008c400000, 0x000000008c300000| Untracked 
| 196|0x000000008c400000, 0x000000008c500000, 0x000000008c500000|100%| O|  |TAMS 0x000000008c500000, 0x000000008c400000| Untracked 
| 197|0x000000008c500000, 0x000000008c600000, 0x000000008c600000|100%| O|  |TAMS 0x000000008c600000, 0x000000008c500000| Untracked 
| 198|0x000000008c600000, 0x000000008c700000, 0x000000008c700000|100%| O|  |TAMS 0x000000008c700000, 0x000000008c600000| Untracked 
| 199|0x000000008c700000, 0x000000008c800000, 0x000000008c800000|100%| O|  |TAMS 0x000000008c800000, 0x000000008c700000| Untracked 
| 200|0x000000008c800000, 0x000000008c900000, 0x000000008c900000|100%| O|  |TAMS 0x000000008c900000, 0x000000008c800000| Untracked 
| 201|0x000000008c900000, 0x000000008ca00000, 0x000000008ca00000|100%| O|  |TAMS 0x000000008ca00000, 0x000000008c900000| Untracked 
| 202|0x000000008ca00000, 0x000000008cb00000, 0x000000008cb00000|100%| O|  |TAMS 0x000000008cb00000, 0x000000008ca00000| Untracked 
| 203|0x000000008cb00000, 0x000000008cc00000, 0x000000008cc00000|100%| O|  |TAMS 0x000000008cc00000, 0x000000008cb00000| Untracked 
| 204|0x000000008cc00000, 0x000000008cd00000, 0x000000008cd00000|100%| O|  |TAMS 0x000000008cd00000, 0x000000008cc00000| Untracked 
| 205|0x000000008cd00000, 0x000000008cd00000, 0x000000008ce00000|  0%| F|  |TAMS 0x000000008cd00000, 0x000000008cd00000| Untracked 
| 206|0x000000008ce00000, 0x000000008ce00000, 0x000000008cf00000|  0%| F|  |TAMS 0x000000008ce00000, 0x000000008ce00000| Untracked 
| 207|0x000000008cf00000, 0x000000008cf00000, 0x000000008d000000|  0%| F|  |TAMS 0x000000008cf00000, 0x000000008cf00000| Untracked 
| 208|0x000000008d000000, 0x000000008d000000, 0x000000008d100000|  0%| F|  |TAMS 0x000000008d000000, 0x000000008d000000| Untracked 
| 209|0x000000008d100000, 0x000000008d200000, 0x000000008d200000|100%| O|  |TAMS 0x000000008d100000, 0x000000008d100000| Untracked 
| 210|0x000000008d200000, 0x000000008d200000, 0x000000008d300000|  0%| F|  |TAMS 0x000000008d200000, 0x000000008d200000| Untracked 
| 211|0x000000008d300000, 0x000000008d300000, 0x000000008d400000|  0%| F|  |TAMS 0x000000008d300000, 0x000000008d300000| Untracked 
| 212|0x000000008d400000, 0x000000008d500000, 0x000000008d500000|100%| O|  |TAMS 0x000000008d400000, 0x000000008d400000| Untracked 
| 213|0x000000008d500000, 0x000000008d500000, 0x000000008d600000|  0%| F|  |TAMS 0x000000008d500000, 0x000000008d500000| Untracked 
| 214|0x000000008d600000, 0x000000008d700000, 0x000000008d700000|100%| O|  |TAMS 0x000000008d600000, 0x000000008d600000| Untracked 
| 215|0x000000008d700000, 0x000000008d800000, 0x000000008d800000|100%| O|  |TAMS 0x000000008d700000, 0x000000008d700000| Untracked 
| 216|0x000000008d800000, 0x000000008d900000, 0x000000008d900000|100%| O|  |TAMS 0x000000008d800000, 0x000000008d800000| Untracked 
| 217|0x000000008d900000, 0x000000008da00000, 0x000000008da00000|100%| O|  |TAMS 0x000000008da00000, 0x000000008d900000| Untracked 
| 218|0x000000008da00000, 0x000000008da00000, 0x000000008db00000|  0%| F|  |TAMS 0x000000008da00000, 0x000000008da00000| Untracked 
| 219|0x000000008db00000, 0x000000008db00000, 0x000000008dc00000|  0%| F|  |TAMS 0x000000008db00000, 0x000000008db00000| Untracked 
| 220|0x000000008dc00000, 0x000000008dd00000, 0x000000008dd00000|100%| O|  |TAMS 0x000000008dd00000, 0x000000008dc00000| Untracked 
| 221|0x000000008dd00000, 0x000000008dd00000, 0x000000008de00000|  0%| F|  |TAMS 0x000000008dd00000, 0x000000008dd00000| Untracked 
| 222|0x000000008de00000, 0x000000008df00000, 0x000000008df00000|100%| O|  |TAMS 0x000000008df00000, 0x000000008de00000| Untracked 
| 223|0x000000008df00000, 0x000000008e000000, 0x000000008e000000|100%| O|  |TAMS 0x000000008e000000, 0x000000008df00000| Untracked 
| 224|0x000000008e000000, 0x000000008e000000, 0x000000008e100000|  0%| F|  |TAMS 0x000000008e000000, 0x000000008e000000| Untracked 
| 225|0x000000008e100000, 0x000000008e100000, 0x000000008e200000|  0%| F|  |TAMS 0x000000008e100000, 0x000000008e100000| Untracked 
| 226|0x000000008e200000, 0x000000008e200000, 0x000000008e300000|  0%| F|  |TAMS 0x000000008e200000, 0x000000008e200000| Untracked 
| 227|0x000000008e300000, 0x000000008e300000, 0x000000008e400000|  0%| F|  |TAMS 0x000000008e300000, 0x000000008e300000| Untracked 
| 228|0x000000008e400000, 0x000000008e400000, 0x000000008e500000|  0%| F|  |TAMS 0x000000008e400000, 0x000000008e400000| Untracked 
| 229|0x000000008e500000, 0x000000008e500000, 0x000000008e600000|  0%| F|  |TAMS 0x000000008e500000, 0x000000008e500000| Untracked 
| 230|0x000000008e600000, 0x000000008e600000, 0x000000008e700000|  0%| F|  |TAMS 0x000000008e600000, 0x000000008e600000| Untracked 
| 231|0x000000008e700000, 0x000000008e700000, 0x000000008e800000|  0%| F|  |TAMS 0x000000008e700000, 0x000000008e700000| Untracked 
| 232|0x000000008e800000, 0x000000008e900000, 0x000000008e900000|100%| O|  |TAMS 0x000000008e900000, 0x000000008e800000| Untracked 
| 233|0x000000008e900000, 0x000000008ea00000, 0x000000008ea00000|100%| O|  |TAMS 0x000000008ea00000, 0x000000008e900000| Untracked 
| 234|0x000000008ea00000, 0x000000008ea00000, 0x000000008eb00000|  0%| F|  |TAMS 0x000000008ea00000, 0x000000008ea00000| Untracked 
| 235|0x000000008eb00000, 0x000000008eb00000, 0x000000008ec00000|  0%| F|  |TAMS 0x000000008eb00000, 0x000000008eb00000| Untracked 
| 236|0x000000008ec00000, 0x000000008ed00000, 0x000000008ed00000|100%| O|  |TAMS 0x000000008ec00000, 0x000000008ec00000| Untracked 
| 237|0x000000008ed00000, 0x000000008ed00000, 0x000000008ee00000|  0%| F|  |TAMS 0x000000008ed00000, 0x000000008ed00000| Untracked 
| 238|0x000000008ee00000, 0x000000008ef00000, 0x000000008ef00000|100%| O|  |TAMS 0x000000008ef00000, 0x000000008ee00000| Untracked 
| 239|0x000000008ef00000, 0x000000008ef00000, 0x000000008f000000|  0%| F|  |TAMS 0x000000008ef00000, 0x000000008ef00000| Untracked 
| 240|0x000000008f000000, 0x000000008f000000, 0x000000008f100000|  0%| F|  |TAMS 0x000000008f000000, 0x000000008f000000| Untracked 
| 241|0x000000008f100000, 0x000000008f200000, 0x000000008f200000|100%| O|  |TAMS 0x000000008f200000, 0x000000008f100000| Untracked 
| 242|0x000000008f200000, 0x000000008f200000, 0x000000008f300000|  0%| F|  |TAMS 0x000000008f200000, 0x000000008f200000| Untracked 
| 243|0x000000008f300000, 0x000000008f300000, 0x000000008f400000|  0%| F|  |TAMS 0x000000008f300000, 0x000000008f300000| Untracked 
| 244|0x000000008f400000, 0x000000008f400000, 0x000000008f500000|  0%| F|  |TAMS 0x000000008f400000, 0x000000008f400000| Untracked 
| 245|0x000000008f500000, 0x000000008f500000, 0x000000008f600000|  0%| F|  |TAMS 0x000000008f500000, 0x000000008f500000| Untracked 
| 246|0x000000008f600000, 0x000000008f600000, 0x000000008f700000|  0%| F|  |TAMS 0x000000008f600000, 0x000000008f600000| Untracked 
| 247|0x000000008f700000, 0x000000008f800000, 0x000000008f800000|100%| O|  |TAMS 0x000000008f800000, 0x000000008f700000| Untracked 
| 248|0x000000008f800000, 0x000000008f900000, 0x000000008f900000|100%| O|  |TAMS 0x000000008f900000, 0x000000008f800000| Untracked 
| 249|0x000000008f900000, 0x000000008fa00000, 0x000000008fa00000|100%| O|  |TAMS 0x000000008fa00000, 0x000000008f900000| Untracked 
| 250|0x000000008fa00000, 0x000000008fa00000, 0x000000008fb00000|  0%| F|  |TAMS 0x000000008fa00000, 0x000000008fa00000| Untracked 
| 251|0x000000008fb00000, 0x000000008fb00000, 0x000000008fc00000|  0%| F|  |TAMS 0x000000008fb00000, 0x000000008fb00000| Untracked 
| 252|0x000000008fc00000, 0x000000008fd00000, 0x000000008fd00000|100%| O|  |TAMS 0x000000008fd00000, 0x000000008fc00000| Untracked 
| 253|0x000000008fd00000, 0x000000008fd00000, 0x000000008fe00000|  0%| F|  |TAMS 0x000000008fd00000, 0x000000008fd00000| Untracked 
| 254|0x000000008fe00000, 0x000000008fe00000, 0x000000008ff00000|  0%| F|  |TAMS 0x000000008fe00000, 0x000000008fe00000| Untracked 
| 255|0x000000008ff00000, 0x0000000090000000, 0x0000000090000000|100%| O|  |TAMS 0x0000000090000000, 0x000000008ff00000| Untracked 
| 256|0x0000000090000000, 0x0000000090100000, 0x0000000090100000|100%| O|  |TAMS 0x0000000090100000, 0x0000000090000000| Untracked 
| 257|0x0000000090100000, 0x0000000090200000, 0x0000000090200000|100%| O|  |TAMS 0x0000000090200000, 0x0000000090100000| Untracked 
| 258|0x0000000090200000, 0x0000000090200000, 0x0000000090300000|  0%| F|  |TAMS 0x0000000090200000, 0x0000000090200000| Untracked 
| 259|0x0000000090300000, 0x0000000090400000, 0x0000000090400000|100%| O|  |TAMS 0x0000000090400000, 0x0000000090300000| Untracked 
| 260|0x0000000090400000, 0x0000000090500000, 0x0000000090500000|100%| O|  |TAMS 0x0000000090500000, 0x0000000090400000| Untracked 
| 261|0x0000000090500000, 0x0000000090600000, 0x0000000090600000|100%| O|  |TAMS 0x0000000090600000, 0x0000000090500000| Untracked 
| 262|0x0000000090600000, 0x0000000090700000, 0x0000000090700000|100%| O|  |TAMS 0x0000000090700000, 0x0000000090600000| Untracked 
| 263|0x0000000090700000, 0x0000000090700000, 0x0000000090800000|  0%| F|  |TAMS 0x0000000090700000, 0x0000000090700000| Untracked 
| 264|0x0000000090800000, 0x0000000090800000, 0x0000000090900000|  0%| F|  |TAMS 0x0000000090800000, 0x0000000090800000| Untracked 
| 265|0x0000000090900000, 0x0000000090900000, 0x0000000090a00000|  0%| F|  |TAMS 0x0000000090900000, 0x0000000090900000| Untracked 
| 266|0x0000000090a00000, 0x0000000090b00000, 0x0000000090b00000|100%| O|  |TAMS 0x0000000090a00000, 0x0000000090a00000| Untracked 
| 267|0x0000000090b00000, 0x0000000090c00000, 0x0000000090c00000|100%| O|  |TAMS 0x0000000090b00000, 0x0000000090b00000| Untracked 
| 268|0x0000000090c00000, 0x0000000090c00000, 0x0000000090d00000|  0%| F|  |TAMS 0x0000000090c00000, 0x0000000090c00000| Untracked 
| 269|0x0000000090d00000, 0x0000000090d00000, 0x0000000090e00000|  0%| F|  |TAMS 0x0000000090d00000, 0x0000000090d00000| Untracked 
| 270|0x0000000090e00000, 0x0000000090e00000, 0x0000000090f00000|  0%| F|  |TAMS 0x0000000090e00000, 0x0000000090e00000| Untracked 
| 271|0x0000000090f00000, 0x0000000090f00000, 0x0000000091000000|  0%| F|  |TAMS 0x0000000090f00000, 0x0000000090f00000| Untracked 
| 272|0x0000000091000000, 0x0000000091100000, 0x0000000091100000|100%|HS|  |TAMS 0x0000000091100000, 0x0000000091000000| Complete 
| 273|0x0000000091100000, 0x0000000091200000, 0x0000000091200000|100%|HC|  |TAMS 0x0000000091200000, 0x0000000091100000| Complete 
| 274|0x0000000091200000, 0x0000000091300000, 0x0000000091300000|100%| O|  |TAMS 0x0000000091300000, 0x0000000091200000| Untracked 
| 275|0x0000000091300000, 0x0000000091400000, 0x0000000091400000|100%| O|  |TAMS 0x0000000091400000, 0x0000000091300000| Untracked 
| 276|0x0000000091400000, 0x0000000091500000, 0x0000000091500000|100%| O|  |TAMS 0x0000000091500000, 0x0000000091400000| Untracked 
| 277|0x0000000091500000, 0x0000000091600000, 0x0000000091600000|100%| O|  |TAMS 0x0000000091600000, 0x0000000091500000| Untracked 
| 278|0x0000000091600000, 0x0000000091700000, 0x0000000091700000|100%| O|  |TAMS 0x0000000091700000, 0x0000000091600000| Untracked 
| 279|0x0000000091700000, 0x0000000091800000, 0x0000000091800000|100%| O|  |TAMS 0x0000000091800000, 0x0000000091700000| Untracked 
| 280|0x0000000091800000, 0x0000000091900000, 0x0000000091900000|100%| O|  |TAMS 0x0000000091900000, 0x0000000091800000| Untracked 
| 281|0x0000000091900000, 0x0000000091a00000, 0x0000000091a00000|100%| O|  |TAMS 0x0000000091a00000, 0x0000000091900000| Untracked 
| 282|0x0000000091a00000, 0x0000000091a00000, 0x0000000091b00000|  0%| F|  |TAMS 0x0000000091a00000, 0x0000000091a00000| Untracked 
| 283|0x0000000091b00000, 0x0000000091c00000, 0x0000000091c00000|100%| O|  |TAMS 0x0000000091c00000, 0x0000000091b00000| Untracked 
| 284|0x0000000091c00000, 0x0000000091d00000, 0x0000000091d00000|100%| O|  |TAMS 0x0000000091d00000, 0x0000000091c00000| Untracked 
| 285|0x0000000091d00000, 0x0000000091e00000, 0x0000000091e00000|100%| O|  |TAMS 0x0000000091e00000, 0x0000000091d00000| Untracked 
| 286|0x0000000091e00000, 0x0000000091f00000, 0x0000000091f00000|100%| O|  |TAMS 0x0000000091f00000, 0x0000000091e00000| Untracked 
| 287|0x0000000091f00000, 0x0000000092000000, 0x0000000092000000|100%| O|  |TAMS 0x0000000092000000, 0x0000000091f00000| Untracked 
| 288|0x0000000092000000, 0x0000000092100000, 0x0000000092100000|100%| O|  |TAMS 0x0000000092100000, 0x0000000092000000| Untracked 
| 289|0x0000000092100000, 0x0000000092200000, 0x0000000092200000|100%| O|  |TAMS 0x0000000092200000, 0x0000000092100000| Untracked 
| 290|0x0000000092200000, 0x0000000092300000, 0x0000000092300000|100%| O|  |TAMS 0x0000000092300000, 0x0000000092200000| Untracked 
| 291|0x0000000092300000, 0x0000000092400000, 0x0000000092400000|100%| O|  |TAMS 0x0000000092400000, 0x0000000092300000| Untracked 
| 292|0x0000000092400000, 0x0000000092500000, 0x0000000092500000|100%| O|  |TAMS 0x0000000092500000, 0x0000000092400000| Untracked 
| 293|0x0000000092500000, 0x0000000092600000, 0x0000000092600000|100%| O|  |TAMS 0x0000000092600000, 0x0000000092500000| Untracked 
| 294|0x0000000092600000, 0x0000000092700000, 0x0000000092700000|100%| O|  |TAMS 0x0000000092700000, 0x0000000092600000| Untracked 
| 295|0x0000000092700000, 0x0000000092800000, 0x0000000092800000|100%| O|  |TAMS 0x0000000092800000, 0x0000000092700000| Untracked 
| 296|0x0000000092800000, 0x0000000092800000, 0x0000000092900000|  0%| F|  |TAMS 0x0000000092800000, 0x0000000092800000| Untracked 
| 297|0x0000000092900000, 0x0000000092a00000, 0x0000000092a00000|100%| O|  |TAMS 0x0000000092a00000, 0x0000000092900000| Untracked 
| 298|0x0000000092a00000, 0x0000000092b00000, 0x0000000092b00000|100%| O|  |TAMS 0x0000000092b00000, 0x0000000092a00000| Untracked 
| 299|0x0000000092b00000, 0x0000000092b00000, 0x0000000092c00000|  0%| F|  |TAMS 0x0000000092b00000, 0x0000000092b00000| Untracked 
| 300|0x0000000092c00000, 0x0000000092d00000, 0x0000000092d00000|100%| O|  |TAMS 0x0000000092d00000, 0x0000000092c00000| Untracked 
| 301|0x0000000092d00000, 0x0000000092e00000, 0x0000000092e00000|100%| O|  |TAMS 0x0000000092e00000, 0x0000000092d00000| Untracked 
| 302|0x0000000092e00000, 0x0000000092f00000, 0x0000000092f00000|100%| O|  |TAMS 0x0000000092f00000, 0x0000000092e00000| Untracked 
| 303|0x0000000092f00000, 0x0000000093000000, 0x0000000093000000|100%| O|  |TAMS 0x0000000093000000, 0x0000000092f00000| Untracked 
| 304|0x0000000093000000, 0x0000000093100000, 0x0000000093100000|100%| O|  |TAMS 0x0000000093100000, 0x0000000093000000| Untracked 
| 305|0x0000000093100000, 0x0000000093200000, 0x0000000093200000|100%| O|  |TAMS 0x0000000093200000, 0x0000000093100000| Untracked 
| 306|0x0000000093200000, 0x0000000093300000, 0x0000000093300000|100%| O|  |TAMS 0x0000000093233e00, 0x0000000093200000| Untracked 
| 307|0x0000000093300000, 0x0000000093400000, 0x0000000093400000|100%| O|  |TAMS 0x0000000093300000, 0x0000000093300000| Untracked 
| 308|0x0000000093400000, 0x0000000093500000, 0x0000000093500000|100%| O|  |TAMS 0x0000000093400000, 0x0000000093400000| Untracked 
| 309|0x0000000093500000, 0x0000000093600000, 0x0000000093600000|100%| O|  |TAMS 0x0000000093500000, 0x0000000093500000| Untracked 
| 310|0x0000000093600000, 0x0000000093700000, 0x0000000093700000|100%| O|  |TAMS 0x0000000093600000, 0x0000000093600000| Untracked 
| 311|0x0000000093700000, 0x0000000093800000, 0x0000000093800000|100%| O|  |TAMS 0x0000000093700000, 0x0000000093700000| Untracked 
| 312|0x0000000093800000, 0x0000000093900000, 0x0000000093900000|100%| O|  |TAMS 0x0000000093800000, 0x0000000093800000| Untracked 
| 313|0x0000000093900000, 0x0000000093900000, 0x0000000093a00000|  0%| F|  |TAMS 0x0000000093900000, 0x0000000093900000| Untracked 
| 314|0x0000000093a00000, 0x0000000093a00000, 0x0000000093b00000|  0%| F|  |TAMS 0x0000000093a00000, 0x0000000093a00000| Untracked 
| 315|0x0000000093b00000, 0x0000000093b00000, 0x0000000093c00000|  0%| F|  |TAMS 0x0000000093b00000, 0x0000000093b00000| Untracked 
| 316|0x0000000093c00000, 0x0000000093c00000, 0x0000000093d00000|  0%| F|  |TAMS 0x0000000093c00000, 0x0000000093c00000| Untracked 
| 317|0x0000000093d00000, 0x0000000093d00000, 0x0000000093e00000|  0%| F|  |TAMS 0x0000000093d00000, 0x0000000093d00000| Untracked 
| 318|0x0000000093e00000, 0x0000000093e00000, 0x0000000093f00000|  0%| F|  |TAMS 0x0000000093e00000, 0x0000000093e00000| Untracked 
| 319|0x0000000093f00000, 0x0000000093f00000, 0x0000000094000000|  0%| F|  |TAMS 0x0000000093f00000, 0x0000000093f00000| Untracked 
| 320|0x0000000094000000, 0x0000000094000000, 0x0000000094100000|  0%| F|  |TAMS 0x0000000094000000, 0x0000000094000000| Untracked 
| 321|0x0000000094100000, 0x0000000094100000, 0x0000000094200000|  0%| F|  |TAMS 0x0000000094100000, 0x0000000094100000| Untracked 
| 322|0x0000000094200000, 0x0000000094200000, 0x0000000094300000|  0%| F|  |TAMS 0x0000000094200000, 0x0000000094200000| Untracked 
| 323|0x0000000094300000, 0x0000000094300000, 0x0000000094400000|  0%| F|  |TAMS 0x0000000094300000, 0x0000000094300000| Untracked 
| 324|0x0000000094400000, 0x0000000094400000, 0x0000000094500000|  0%| F|  |TAMS 0x0000000094400000, 0x0000000094400000| Untracked 
| 325|0x0000000094500000, 0x0000000094500000, 0x0000000094600000|  0%| F|  |TAMS 0x0000000094500000, 0x0000000094500000| Untracked 
| 326|0x0000000094600000, 0x0000000094600000, 0x0000000094700000|  0%| F|  |TAMS 0x0000000094600000, 0x0000000094600000| Untracked 
| 327|0x0000000094700000, 0x0000000094700000, 0x0000000094800000|  0%| F|  |TAMS 0x0000000094700000, 0x0000000094700000| Untracked 
| 328|0x0000000094800000, 0x0000000094800000, 0x0000000094900000|  0%| F|  |TAMS 0x0000000094800000, 0x0000000094800000| Untracked 
| 329|0x0000000094900000, 0x0000000094900000, 0x0000000094a00000|  0%| F|  |TAMS 0x0000000094900000, 0x0000000094900000| Untracked 
| 330|0x0000000094a00000, 0x0000000094a00000, 0x0000000094b00000|  0%| F|  |TAMS 0x0000000094a00000, 0x0000000094a00000| Untracked 
| 331|0x0000000094b00000, 0x0000000094b00000, 0x0000000094c00000|  0%| F|  |TAMS 0x0000000094b00000, 0x0000000094b00000| Untracked 
| 332|0x0000000094c00000, 0x0000000094c00000, 0x0000000094d00000|  0%| F|  |TAMS 0x0000000094c00000, 0x0000000094c00000| Untracked 
| 333|0x0000000094d00000, 0x0000000094d00000, 0x0000000094e00000|  0%| F|  |TAMS 0x0000000094d00000, 0x0000000094d00000| Untracked 
| 334|0x0000000094e00000, 0x0000000094e00000, 0x0000000094f00000|  0%| F|  |TAMS 0x0000000094e00000, 0x0000000094e00000| Untracked 
| 335|0x0000000094f00000, 0x0000000094f00000, 0x0000000095000000|  0%| F|  |TAMS 0x0000000094f00000, 0x0000000094f00000| Untracked 
| 336|0x0000000095000000, 0x0000000095000000, 0x0000000095100000|  0%| F|  |TAMS 0x0000000095000000, 0x0000000095000000| Untracked 
| 337|0x0000000095100000, 0x0000000095100000, 0x0000000095200000|  0%| F|  |TAMS 0x0000000095100000, 0x0000000095100000| Untracked 
| 338|0x0000000095200000, 0x0000000095200000, 0x0000000095300000|  0%| F|  |TAMS 0x0000000095200000, 0x0000000095200000| Untracked 
| 339|0x0000000095300000, 0x0000000095300000, 0x0000000095400000|  0%| F|  |TAMS 0x0000000095300000, 0x0000000095300000| Untracked 
| 340|0x0000000095400000, 0x0000000095400000, 0x0000000095500000|  0%| F|  |TAMS 0x0000000095400000, 0x0000000095400000| Untracked 
| 341|0x0000000095500000, 0x0000000095500000, 0x0000000095600000|  0%| F|  |TAMS 0x0000000095500000, 0x0000000095500000| Untracked 
| 342|0x0000000095600000, 0x0000000095600000, 0x0000000095700000|  0%| F|  |TAMS 0x0000000095600000, 0x0000000095600000| Untracked 
| 343|0x0000000095700000, 0x0000000095700000, 0x0000000095800000|  0%| F|  |TAMS 0x0000000095700000, 0x0000000095700000| Untracked 
| 344|0x0000000095800000, 0x0000000095800000, 0x0000000095900000|  0%| F|  |TAMS 0x0000000095800000, 0x0000000095800000| Untracked 
| 345|0x0000000095900000, 0x0000000095900000, 0x0000000095a00000|  0%| F|  |TAMS 0x0000000095900000, 0x0000000095900000| Untracked 
| 346|0x0000000095a00000, 0x0000000095a00000, 0x0000000095b00000|  0%| F|  |TAMS 0x0000000095a00000, 0x0000000095a00000| Untracked 
| 347|0x0000000095b00000, 0x0000000095b00000, 0x0000000095c00000|  0%| F|  |TAMS 0x0000000095b00000, 0x0000000095b00000| Untracked 
| 348|0x0000000095c00000, 0x0000000095c00000, 0x0000000095d00000|  0%| F|  |TAMS 0x0000000095c00000, 0x0000000095c00000| Untracked 
| 349|0x0000000095d00000, 0x0000000095d00000, 0x0000000095e00000|  0%| F|  |TAMS 0x0000000095d00000, 0x0000000095d00000| Untracked 
| 350|0x0000000095e00000, 0x0000000095e00000, 0x0000000095f00000|  0%| F|  |TAMS 0x0000000095e00000, 0x0000000095e00000| Untracked 
| 351|0x0000000095f00000, 0x0000000095f00000, 0x0000000096000000|  0%| F|  |TAMS 0x0000000095f00000, 0x0000000095f00000| Untracked 
| 352|0x0000000096000000, 0x0000000096000000, 0x0000000096100000|  0%| F|  |TAMS 0x0000000096000000, 0x0000000096000000| Untracked 
| 353|0x0000000096100000, 0x0000000096100000, 0x0000000096200000|  0%| F|  |TAMS 0x0000000096100000, 0x0000000096100000| Untracked 
| 354|0x0000000096200000, 0x0000000096200000, 0x0000000096300000|  0%| F|  |TAMS 0x0000000096200000, 0x0000000096200000| Untracked 
| 355|0x0000000096300000, 0x0000000096300000, 0x0000000096400000|  0%| F|  |TAMS 0x0000000096300000, 0x0000000096300000| Untracked 
| 356|0x0000000096400000, 0x0000000096400000, 0x0000000096500000|  0%| F|  |TAMS 0x0000000096400000, 0x0000000096400000| Untracked 
| 357|0x0000000096500000, 0x0000000096500000, 0x0000000096600000|  0%| F|  |TAMS 0x0000000096500000, 0x0000000096500000| Untracked 
| 358|0x0000000096600000, 0x0000000096600000, 0x0000000096700000|  0%| F|  |TAMS 0x0000000096600000, 0x0000000096600000| Untracked 
| 359|0x0000000096700000, 0x0000000096700000, 0x0000000096800000|  0%| F|  |TAMS 0x0000000096700000, 0x0000000096700000| Untracked 
| 360|0x0000000096800000, 0x0000000096800000, 0x0000000096900000|  0%| F|  |TAMS 0x0000000096800000, 0x0000000096800000| Untracked 
| 361|0x0000000096900000, 0x0000000096900000, 0x0000000096a00000|  0%| F|  |TAMS 0x0000000096900000, 0x0000000096900000| Untracked 
| 362|0x0000000096a00000, 0x0000000096a00000, 0x0000000096b00000|  0%| F|  |TAMS 0x0000000096a00000, 0x0000000096a00000| Untracked 
| 363|0x0000000096b00000, 0x0000000096b00000, 0x0000000096c00000|  0%| F|  |TAMS 0x0000000096b00000, 0x0000000096b00000| Untracked 
| 364|0x0000000096c00000, 0x0000000096c00000, 0x0000000096d00000|  0%| F|  |TAMS 0x0000000096c00000, 0x0000000096c00000| Untracked 
| 365|0x0000000096d00000, 0x0000000096d00000, 0x0000000096e00000|  0%| F|  |TAMS 0x0000000096d00000, 0x0000000096d00000| Untracked 
| 366|0x0000000096e00000, 0x0000000096e00000, 0x0000000096f00000|  0%| F|  |TAMS 0x0000000096e00000, 0x0000000096e00000| Untracked 
| 367|0x0000000096f00000, 0x0000000096f00000, 0x0000000097000000|  0%| F|  |TAMS 0x0000000096f00000, 0x0000000096f00000| Untracked 
| 368|0x0000000097000000, 0x0000000097000000, 0x0000000097100000|  0%| F|  |TAMS 0x0000000097000000, 0x0000000097000000| Untracked 
| 369|0x0000000097100000, 0x0000000097100000, 0x0000000097200000|  0%| F|  |TAMS 0x0000000097100000, 0x0000000097100000| Untracked 
| 370|0x0000000097200000, 0x0000000097200000, 0x0000000097300000|  0%| F|  |TAMS 0x0000000097200000, 0x0000000097200000| Untracked 
| 371|0x0000000097300000, 0x0000000097300000, 0x0000000097400000|  0%| F|  |TAMS 0x0000000097300000, 0x0000000097300000| Untracked 
| 372|0x0000000097400000, 0x0000000097400000, 0x0000000097500000|  0%| F|  |TAMS 0x0000000097400000, 0x0000000097400000| Untracked 
| 373|0x0000000097500000, 0x0000000097500000, 0x0000000097600000|  0%| F|  |TAMS 0x0000000097500000, 0x0000000097500000| Untracked 
| 374|0x0000000097600000, 0x0000000097600000, 0x0000000097700000|  0%| F|  |TAMS 0x0000000097600000, 0x0000000097600000| Untracked 
| 375|0x0000000097700000, 0x0000000097700000, 0x0000000097800000|  0%| F|  |TAMS 0x0000000097700000, 0x0000000097700000| Untracked 
| 376|0x0000000097800000, 0x0000000097800000, 0x0000000097900000|  0%| F|  |TAMS 0x0000000097800000, 0x0000000097800000| Untracked 
| 377|0x0000000097900000, 0x0000000097900000, 0x0000000097a00000|  0%| F|  |TAMS 0x0000000097900000, 0x0000000097900000| Untracked 
| 378|0x0000000097a00000, 0x0000000097a00000, 0x0000000097b00000|  0%| F|  |TAMS 0x0000000097a00000, 0x0000000097a00000| Untracked 
| 379|0x0000000097b00000, 0x0000000097b00000, 0x0000000097c00000|  0%| F|  |TAMS 0x0000000097b00000, 0x0000000097b00000| Untracked 
| 380|0x0000000097c00000, 0x0000000097c00000, 0x0000000097d00000|  0%| F|  |TAMS 0x0000000097c00000, 0x0000000097c00000| Untracked 
| 381|0x0000000097d00000, 0x0000000097d00000, 0x0000000097e00000|  0%| F|  |TAMS 0x0000000097d00000, 0x0000000097d00000| Untracked 
| 382|0x0000000097e00000, 0x0000000097e00000, 0x0000000097f00000|  0%| F|  |TAMS 0x0000000097e00000, 0x0000000097e00000| Untracked 
| 383|0x0000000097f00000, 0x0000000097f00000, 0x0000000098000000|  0%| F|  |TAMS 0x0000000097f00000, 0x0000000097f00000| Untracked 
| 384|0x0000000098000000, 0x0000000098000000, 0x0000000098100000|  0%| F|  |TAMS 0x0000000098000000, 0x0000000098000000| Untracked 
| 385|0x0000000098100000, 0x0000000098100000, 0x0000000098200000|  0%| F|  |TAMS 0x0000000098100000, 0x0000000098100000| Untracked 
| 386|0x0000000098200000, 0x0000000098200000, 0x0000000098300000|  0%| F|  |TAMS 0x0000000098200000, 0x0000000098200000| Untracked 
| 387|0x0000000098300000, 0x0000000098300000, 0x0000000098400000|  0%| F|  |TAMS 0x0000000098300000, 0x0000000098300000| Untracked 
| 388|0x0000000098400000, 0x0000000098400000, 0x0000000098500000|  0%| F|  |TAMS 0x0000000098400000, 0x0000000098400000| Untracked 
| 389|0x0000000098500000, 0x0000000098500000, 0x0000000098600000|  0%| F|  |TAMS 0x0000000098500000, 0x0000000098500000| Untracked 
| 390|0x0000000098600000, 0x0000000098600000, 0x0000000098700000|  0%| F|  |TAMS 0x0000000098600000, 0x0000000098600000| Untracked 
| 391|0x0000000098700000, 0x0000000098700000, 0x0000000098800000|  0%| F|  |TAMS 0x0000000098700000, 0x0000000098700000| Untracked 
| 392|0x0000000098800000, 0x0000000098800000, 0x0000000098900000|  0%| F|  |TAMS 0x0000000098800000, 0x0000000098800000| Untracked 
| 393|0x0000000098900000, 0x0000000098900000, 0x0000000098a00000|  0%| F|  |TAMS 0x0000000098900000, 0x0000000098900000| Untracked 
| 394|0x0000000098a00000, 0x0000000098a00000, 0x0000000098b00000|  0%| F|  |TAMS 0x0000000098a00000, 0x0000000098a00000| Untracked 
| 395|0x0000000098b00000, 0x0000000098b00000, 0x0000000098c00000|  0%| F|  |TAMS 0x0000000098b00000, 0x0000000098b00000| Untracked 
| 396|0x0000000098c00000, 0x0000000098c00000, 0x0000000098d00000|  0%| F|  |TAMS 0x0000000098c00000, 0x0000000098c00000| Untracked 
| 397|0x0000000098d00000, 0x0000000098d00000, 0x0000000098e00000|  0%| F|  |TAMS 0x0000000098d00000, 0x0000000098d00000| Untracked 
| 398|0x0000000098e00000, 0x0000000098e00000, 0x0000000098f00000|  0%| F|  |TAMS 0x0000000098e00000, 0x0000000098e00000| Untracked 
| 399|0x0000000098f00000, 0x0000000098f00000, 0x0000000099000000|  0%| F|  |TAMS 0x0000000098f00000, 0x0000000098f00000| Untracked 
| 400|0x0000000099000000, 0x0000000099000000, 0x0000000099100000|  0%| F|  |TAMS 0x0000000099000000, 0x0000000099000000| Untracked 
| 401|0x0000000099100000, 0x0000000099100000, 0x0000000099200000|  0%| F|  |TAMS 0x0000000099100000, 0x0000000099100000| Untracked 
| 402|0x0000000099200000, 0x0000000099200000, 0x0000000099300000|  0%| F|  |TAMS 0x0000000099200000, 0x0000000099200000| Untracked 
| 403|0x0000000099300000, 0x0000000099300000, 0x0000000099400000|  0%| F|  |TAMS 0x0000000099300000, 0x0000000099300000| Untracked 
| 404|0x0000000099400000, 0x0000000099400000, 0x0000000099500000|  0%| F|  |TAMS 0x0000000099400000, 0x0000000099400000| Untracked 
| 405|0x0000000099500000, 0x0000000099500000, 0x0000000099600000|  0%| F|  |TAMS 0x0000000099500000, 0x0000000099500000| Untracked 
| 406|0x0000000099600000, 0x0000000099600000, 0x0000000099700000|  0%| F|  |TAMS 0x0000000099600000, 0x0000000099600000| Untracked 
| 407|0x0000000099700000, 0x0000000099700000, 0x0000000099800000|  0%| F|  |TAMS 0x0000000099700000, 0x0000000099700000| Untracked 
| 408|0x0000000099800000, 0x0000000099800000, 0x0000000099900000|  0%| F|  |TAMS 0x0000000099800000, 0x0000000099800000| Untracked 
| 409|0x0000000099900000, 0x0000000099900000, 0x0000000099a00000|  0%| F|  |TAMS 0x0000000099900000, 0x0000000099900000| Untracked 
| 410|0x0000000099a00000, 0x0000000099a00000, 0x0000000099b00000|  0%| F|  |TAMS 0x0000000099a00000, 0x0000000099a00000| Untracked 
| 411|0x0000000099b00000, 0x0000000099b00000, 0x0000000099c00000|  0%| F|  |TAMS 0x0000000099b00000, 0x0000000099b00000| Untracked 
| 412|0x0000000099c00000, 0x0000000099c00000, 0x0000000099d00000|  0%| F|  |TAMS 0x0000000099c00000, 0x0000000099c00000| Untracked 
| 413|0x0000000099d00000, 0x0000000099d00000, 0x0000000099e00000|  0%| F|  |TAMS 0x0000000099d00000, 0x0000000099d00000| Untracked 
| 414|0x0000000099e00000, 0x0000000099e00000, 0x0000000099f00000|  0%| F|  |TAMS 0x0000000099e00000, 0x0000000099e00000| Untracked 
| 415|0x0000000099f00000, 0x0000000099f00000, 0x000000009a000000|  0%| F|  |TAMS 0x0000000099f00000, 0x0000000099f00000| Untracked 
| 416|0x000000009a000000, 0x000000009a000000, 0x000000009a100000|  0%| F|  |TAMS 0x000000009a000000, 0x000000009a000000| Untracked 
| 417|0x000000009a100000, 0x000000009a100000, 0x000000009a200000|  0%| F|  |TAMS 0x000000009a100000, 0x000000009a100000| Untracked 
| 418|0x000000009a200000, 0x000000009a200000, 0x000000009a300000|  0%| F|  |TAMS 0x000000009a200000, 0x000000009a200000| Untracked 
| 419|0x000000009a300000, 0x000000009a300000, 0x000000009a400000|  0%| F|  |TAMS 0x000000009a300000, 0x000000009a300000| Untracked 
| 420|0x000000009a400000, 0x000000009a400000, 0x000000009a500000|  0%| F|  |TAMS 0x000000009a400000, 0x000000009a400000| Untracked 
| 421|0x000000009a500000, 0x000000009a500000, 0x000000009a600000|  0%| F|  |TAMS 0x000000009a500000, 0x000000009a500000| Untracked 
| 422|0x000000009a600000, 0x000000009a600000, 0x000000009a700000|  0%| F|  |TAMS 0x000000009a600000, 0x000000009a600000| Untracked 
| 423|0x000000009a700000, 0x000000009a700000, 0x000000009a800000|  0%| F|  |TAMS 0x000000009a700000, 0x000000009a700000| Untracked 
| 424|0x000000009a800000, 0x000000009a800000, 0x000000009a900000|  0%| F|  |TAMS 0x000000009a800000, 0x000000009a800000| Untracked 
| 425|0x000000009a900000, 0x000000009a900000, 0x000000009aa00000|  0%| F|  |TAMS 0x000000009a900000, 0x000000009a900000| Untracked 
| 426|0x000000009aa00000, 0x000000009aa00000, 0x000000009ab00000|  0%| F|  |TAMS 0x000000009aa00000, 0x000000009aa00000| Untracked 
| 427|0x000000009ab00000, 0x000000009ab00000, 0x000000009ac00000|  0%| F|  |TAMS 0x000000009ab00000, 0x000000009ab00000| Untracked 
| 428|0x000000009ac00000, 0x000000009ac00000, 0x000000009ad00000|  0%| F|  |TAMS 0x000000009ac00000, 0x000000009ac00000| Untracked 
| 429|0x000000009ad00000, 0x000000009ad00000, 0x000000009ae00000|  0%| F|  |TAMS 0x000000009ad00000, 0x000000009ad00000| Untracked 
| 430|0x000000009ae00000, 0x000000009ae00000, 0x000000009af00000|  0%| F|  |TAMS 0x000000009ae00000, 0x000000009ae00000| Untracked 
| 431|0x000000009af00000, 0x000000009af00000, 0x000000009b000000|  0%| F|  |TAMS 0x000000009af00000, 0x000000009af00000| Untracked 
| 432|0x000000009b000000, 0x000000009b000000, 0x000000009b100000|  0%| F|  |TAMS 0x000000009b000000, 0x000000009b000000| Untracked 
| 433|0x000000009b100000, 0x000000009b100000, 0x000000009b200000|  0%| F|  |TAMS 0x000000009b100000, 0x000000009b100000| Untracked 
| 434|0x000000009b200000, 0x000000009b200000, 0x000000009b300000|  0%| F|  |TAMS 0x000000009b200000, 0x000000009b200000| Untracked 
| 435|0x000000009b300000, 0x000000009b300000, 0x000000009b400000|  0%| F|  |TAMS 0x000000009b300000, 0x000000009b300000| Untracked 
| 436|0x000000009b400000, 0x000000009b400000, 0x000000009b500000|  0%| F|  |TAMS 0x000000009b400000, 0x000000009b400000| Untracked 
| 437|0x000000009b500000, 0x000000009b500000, 0x000000009b600000|  0%| F|  |TAMS 0x000000009b500000, 0x000000009b500000| Untracked 
| 438|0x000000009b600000, 0x000000009b600000, 0x000000009b700000|  0%| F|  |TAMS 0x000000009b600000, 0x000000009b600000| Untracked 
| 439|0x000000009b700000, 0x000000009b700000, 0x000000009b800000|  0%| F|  |TAMS 0x000000009b700000, 0x000000009b700000| Untracked 
| 440|0x000000009b800000, 0x000000009b800000, 0x000000009b900000|  0%| F|  |TAMS 0x000000009b800000, 0x000000009b800000| Untracked 
| 441|0x000000009b900000, 0x000000009b900000, 0x000000009ba00000|  0%| F|  |TAMS 0x000000009b900000, 0x000000009b900000| Untracked 
| 442|0x000000009ba00000, 0x000000009ba00000, 0x000000009bb00000|  0%| F|  |TAMS 0x000000009ba00000, 0x000000009ba00000| Untracked 
| 443|0x000000009bb00000, 0x000000009bb00000, 0x000000009bc00000|  0%| F|  |TAMS 0x000000009bb00000, 0x000000009bb00000| Untracked 
| 444|0x000000009bc00000, 0x000000009bc00000, 0x000000009bd00000|  0%| F|  |TAMS 0x000000009bc00000, 0x000000009bc00000| Untracked 
| 445|0x000000009bd00000, 0x000000009bd00000, 0x000000009be00000|  0%| F|  |TAMS 0x000000009bd00000, 0x000000009bd00000| Untracked 
| 446|0x000000009be00000, 0x000000009be00000, 0x000000009bf00000|  0%| F|  |TAMS 0x000000009be00000, 0x000000009be00000| Untracked 
| 447|0x000000009bf00000, 0x000000009bf00000, 0x000000009c000000|  0%| F|  |TAMS 0x000000009bf00000, 0x000000009bf00000| Untracked 
| 448|0x000000009c000000, 0x000000009c000000, 0x000000009c100000|  0%| F|  |TAMS 0x000000009c000000, 0x000000009c000000| Untracked 
| 449|0x000000009c100000, 0x000000009c100000, 0x000000009c200000|  0%| F|  |TAMS 0x000000009c100000, 0x000000009c100000| Untracked 
| 450|0x000000009c200000, 0x000000009c200000, 0x000000009c300000|  0%| F|  |TAMS 0x000000009c200000, 0x000000009c200000| Untracked 
| 451|0x000000009c300000, 0x000000009c300000, 0x000000009c400000|  0%| F|  |TAMS 0x000000009c300000, 0x000000009c300000| Untracked 
| 452|0x000000009c400000, 0x000000009c400000, 0x000000009c500000|  0%| F|  |TAMS 0x000000009c400000, 0x000000009c400000| Untracked 
| 453|0x000000009c500000, 0x000000009c500000, 0x000000009c600000|  0%| F|  |TAMS 0x000000009c500000, 0x000000009c500000| Untracked 
| 454|0x000000009c600000, 0x000000009c600000, 0x000000009c700000|  0%| F|  |TAMS 0x000000009c600000, 0x000000009c600000| Untracked 
| 455|0x000000009c700000, 0x000000009c700000, 0x000000009c800000|  0%| F|  |TAMS 0x000000009c700000, 0x000000009c700000| Untracked 
| 456|0x000000009c800000, 0x000000009c800000, 0x000000009c900000|  0%| F|  |TAMS 0x000000009c800000, 0x000000009c800000| Untracked 
| 457|0x000000009c900000, 0x000000009c900000, 0x000000009ca00000|  0%| F|  |TAMS 0x000000009c900000, 0x000000009c900000| Untracked 
| 458|0x000000009ca00000, 0x000000009ca00000, 0x000000009cb00000|  0%| F|  |TAMS 0x000000009ca00000, 0x000000009ca00000| Untracked 
| 459|0x000000009cb00000, 0x000000009cb00000, 0x000000009cc00000|  0%| F|  |TAMS 0x000000009cb00000, 0x000000009cb00000| Untracked 
| 460|0x000000009cc00000, 0x000000009cc00000, 0x000000009cd00000|  0%| F|  |TAMS 0x000000009cc00000, 0x000000009cc00000| Untracked 
| 461|0x000000009cd00000, 0x000000009cd00000, 0x000000009ce00000|  0%| F|  |TAMS 0x000000009cd00000, 0x000000009cd00000| Untracked 
| 462|0x000000009ce00000, 0x000000009ce00000, 0x000000009cf00000|  0%| F|  |TAMS 0x000000009ce00000, 0x000000009ce00000| Untracked 
| 463|0x000000009cf00000, 0x000000009cf00000, 0x000000009d000000|  0%| F|  |TAMS 0x000000009cf00000, 0x000000009cf00000| Untracked 
| 464|0x000000009d000000, 0x000000009d000000, 0x000000009d100000|  0%| F|  |TAMS 0x000000009d000000, 0x000000009d000000| Untracked 
| 465|0x000000009d100000, 0x000000009d100000, 0x000000009d200000|  0%| F|  |TAMS 0x000000009d100000, 0x000000009d100000| Untracked 
| 466|0x000000009d200000, 0x000000009d200000, 0x000000009d300000|  0%| F|  |TAMS 0x000000009d200000, 0x000000009d200000| Untracked 
| 467|0x000000009d300000, 0x000000009d300000, 0x000000009d400000|  0%| F|  |TAMS 0x000000009d300000, 0x000000009d300000| Untracked 
| 468|0x000000009d400000, 0x000000009d400000, 0x000000009d500000|  0%| F|  |TAMS 0x000000009d400000, 0x000000009d400000| Untracked 
| 469|0x000000009d500000, 0x000000009d500000, 0x000000009d600000|  0%| F|  |TAMS 0x000000009d500000, 0x000000009d500000| Untracked 
| 470|0x000000009d600000, 0x000000009d600000, 0x000000009d700000|  0%| F|  |TAMS 0x000000009d600000, 0x000000009d600000| Untracked 
| 471|0x000000009d700000, 0x000000009d700000, 0x000000009d800000|  0%| F|  |TAMS 0x000000009d700000, 0x000000009d700000| Untracked 
| 472|0x000000009d800000, 0x000000009d800000, 0x000000009d900000|  0%| F|  |TAMS 0x000000009d800000, 0x000000009d800000| Untracked 
| 473|0x000000009d900000, 0x000000009d900000, 0x000000009da00000|  0%| F|  |TAMS 0x000000009d900000, 0x000000009d900000| Untracked 
| 474|0x000000009da00000, 0x000000009da00000, 0x000000009db00000|  0%| F|  |TAMS 0x000000009da00000, 0x000000009da00000| Untracked 
| 475|0x000000009db00000, 0x000000009db00000, 0x000000009dc00000|  0%| F|  |TAMS 0x000000009db00000, 0x000000009db00000| Untracked 
| 476|0x000000009dc00000, 0x000000009dc00000, 0x000000009dd00000|  0%| F|  |TAMS 0x000000009dc00000, 0x000000009dc00000| Untracked 
| 477|0x000000009dd00000, 0x000000009dd00000, 0x000000009de00000|  0%| F|  |TAMS 0x000000009dd00000, 0x000000009dd00000| Untracked 
| 478|0x000000009de00000, 0x000000009de00000, 0x000000009df00000|  0%| F|  |TAMS 0x000000009de00000, 0x000000009de00000| Untracked 
| 479|0x000000009df00000, 0x000000009df00000, 0x000000009e000000|  0%| F|  |TAMS 0x000000009df00000, 0x000000009df00000| Untracked 
| 480|0x000000009e000000, 0x000000009e000000, 0x000000009e100000|  0%| F|  |TAMS 0x000000009e000000, 0x000000009e000000| Untracked 
| 481|0x000000009e100000, 0x000000009e100000, 0x000000009e200000|  0%| F|  |TAMS 0x000000009e100000, 0x000000009e100000| Untracked 
| 482|0x000000009e200000, 0x000000009e200000, 0x000000009e300000|  0%| F|  |TAMS 0x000000009e200000, 0x000000009e200000| Untracked 
| 483|0x000000009e300000, 0x000000009e300000, 0x000000009e400000|  0%| F|  |TAMS 0x000000009e300000, 0x000000009e300000| Untracked 
| 484|0x000000009e400000, 0x000000009e400000, 0x000000009e500000|  0%| F|  |TAMS 0x000000009e400000, 0x000000009e400000| Untracked 
| 485|0x000000009e500000, 0x000000009e500000, 0x000000009e600000|  0%| F|  |TAMS 0x000000009e500000, 0x000000009e500000| Untracked 
| 486|0x000000009e600000, 0x000000009e600000, 0x000000009e700000|  0%| F|  |TAMS 0x000000009e600000, 0x000000009e600000| Untracked 
| 487|0x000000009e700000, 0x000000009e700000, 0x000000009e800000|  0%| F|  |TAMS 0x000000009e700000, 0x000000009e700000| Untracked 
| 488|0x000000009e800000, 0x000000009e800000, 0x000000009e900000|  0%| F|  |TAMS 0x000000009e800000, 0x000000009e800000| Untracked 
| 489|0x000000009e900000, 0x000000009e900000, 0x000000009ea00000|  0%| F|  |TAMS 0x000000009e900000, 0x000000009e900000| Untracked 
| 490|0x000000009ea00000, 0x000000009ea00000, 0x000000009eb00000|  0%| F|  |TAMS 0x000000009ea00000, 0x000000009ea00000| Untracked 
| 491|0x000000009eb00000, 0x000000009eb00000, 0x000000009ec00000|  0%| F|  |TAMS 0x000000009eb00000, 0x000000009eb00000| Untracked 
| 492|0x000000009ec00000, 0x000000009ec00000, 0x000000009ed00000|  0%| F|  |TAMS 0x000000009ec00000, 0x000000009ec00000| Untracked 
| 493|0x000000009ed00000, 0x000000009ed00000, 0x000000009ee00000|  0%| F|  |TAMS 0x000000009ed00000, 0x000000009ed00000| Untracked 
| 494|0x000000009ee00000, 0x000000009ee00000, 0x000000009ef00000|  0%| F|  |TAMS 0x000000009ee00000, 0x000000009ee00000| Untracked 
| 495|0x000000009ef00000, 0x000000009ef00000, 0x000000009f000000|  0%| F|  |TAMS 0x000000009ef00000, 0x000000009ef00000| Untracked 
| 496|0x000000009f000000, 0x000000009f000000, 0x000000009f100000|  0%| F|  |TAMS 0x000000009f000000, 0x000000009f000000| Untracked 
| 497|0x000000009f100000, 0x000000009f100000, 0x000000009f200000|  0%| F|  |TAMS 0x000000009f100000, 0x000000009f100000| Untracked 
| 498|0x000000009f200000, 0x000000009f200000, 0x000000009f300000|  0%| F|  |TAMS 0x000000009f200000, 0x000000009f200000| Untracked 
| 499|0x000000009f300000, 0x000000009f300000, 0x000000009f400000|  0%| F|  |TAMS 0x000000009f300000, 0x000000009f300000| Untracked 
| 500|0x000000009f400000, 0x000000009f400000, 0x000000009f500000|  0%| F|  |TAMS 0x000000009f400000, 0x000000009f400000| Untracked 
| 501|0x000000009f500000, 0x000000009f500000, 0x000000009f600000|  0%| F|  |TAMS 0x000000009f500000, 0x000000009f500000| Untracked 
| 502|0x000000009f600000, 0x000000009f600000, 0x000000009f700000|  0%| F|  |TAMS 0x000000009f600000, 0x000000009f600000| Untracked 
| 503|0x000000009f700000, 0x000000009f700000, 0x000000009f800000|  0%| F|  |TAMS 0x000000009f700000, 0x000000009f700000| Untracked 
| 504|0x000000009f800000, 0x000000009f800000, 0x000000009f900000|  0%| F|  |TAMS 0x000000009f800000, 0x000000009f800000| Untracked 
| 505|0x000000009f900000, 0x000000009f900000, 0x000000009fa00000|  0%| F|  |TAMS 0x000000009f900000, 0x000000009f900000| Untracked 
| 506|0x000000009fa00000, 0x000000009fa00000, 0x000000009fb00000|  0%| F|  |TAMS 0x000000009fa00000, 0x000000009fa00000| Untracked 
| 507|0x000000009fb00000, 0x000000009fb00000, 0x000000009fc00000|  0%| F|  |TAMS 0x000000009fb00000, 0x000000009fb00000| Untracked 
| 508|0x000000009fc00000, 0x000000009fc00000, 0x000000009fd00000|  0%| F|  |TAMS 0x000000009fc00000, 0x000000009fc00000| Untracked 
| 509|0x000000009fd00000, 0x000000009fd00000, 0x000000009fe00000|  0%| F|  |TAMS 0x000000009fd00000, 0x000000009fd00000| Untracked 
| 510|0x000000009fe00000, 0x000000009fe00000, 0x000000009ff00000|  0%| F|  |TAMS 0x000000009fe00000, 0x000000009fe00000| Untracked 
| 511|0x000000009ff00000, 0x000000009ff00000, 0x00000000a0000000|  0%| F|  |TAMS 0x000000009ff00000, 0x000000009ff00000| Untracked 
| 512|0x00000000a0000000, 0x00000000a0000000, 0x00000000a0100000|  0%| F|  |TAMS 0x00000000a0000000, 0x00000000a0000000| Untracked 
| 513|0x00000000a0100000, 0x00000000a0100000, 0x00000000a0200000|  0%| F|  |TAMS 0x00000000a0100000, 0x00000000a0100000| Untracked 
| 514|0x00000000a0200000, 0x00000000a0200000, 0x00000000a0300000|  0%| F|  |TAMS 0x00000000a0200000, 0x00000000a0200000| Untracked 
| 515|0x00000000a0300000, 0x00000000a0300000, 0x00000000a0400000|  0%| F|  |TAMS 0x00000000a0300000, 0x00000000a0300000| Untracked 
| 516|0x00000000a0400000, 0x00000000a0400000, 0x00000000a0500000|  0%| F|  |TAMS 0x00000000a0400000, 0x00000000a0400000| Untracked 
| 517|0x00000000a0500000, 0x00000000a0500000, 0x00000000a0600000|  0%| F|  |TAMS 0x00000000a0500000, 0x00000000a0500000| Untracked 
| 518|0x00000000a0600000, 0x00000000a0600000, 0x00000000a0700000|  0%| F|  |TAMS 0x00000000a0600000, 0x00000000a0600000| Untracked 
| 519|0x00000000a0700000, 0x00000000a0700000, 0x00000000a0800000|  0%| F|  |TAMS 0x00000000a0700000, 0x00000000a0700000| Untracked 
| 520|0x00000000a0800000, 0x00000000a0800000, 0x00000000a0900000|  0%| F|  |TAMS 0x00000000a0800000, 0x00000000a0800000| Untracked 
| 521|0x00000000a0900000, 0x00000000a0900000, 0x00000000a0a00000|  0%| F|  |TAMS 0x00000000a0900000, 0x00000000a0900000| Untracked 
| 522|0x00000000a0a00000, 0x00000000a0a00000, 0x00000000a0b00000|  0%| F|  |TAMS 0x00000000a0a00000, 0x00000000a0a00000| Untracked 
| 523|0x00000000a0b00000, 0x00000000a0b00000, 0x00000000a0c00000|  0%| F|  |TAMS 0x00000000a0b00000, 0x00000000a0b00000| Untracked 
| 524|0x00000000a0c00000, 0x00000000a0c00000, 0x00000000a0d00000|  0%| F|  |TAMS 0x00000000a0c00000, 0x00000000a0c00000| Untracked 
| 525|0x00000000a0d00000, 0x00000000a0d00000, 0x00000000a0e00000|  0%| F|  |TAMS 0x00000000a0d00000, 0x00000000a0d00000| Untracked 
| 526|0x00000000a0e00000, 0x00000000a0e00000, 0x00000000a0f00000|  0%| F|  |TAMS 0x00000000a0e00000, 0x00000000a0e00000| Untracked 
| 527|0x00000000a0f00000, 0x00000000a0f00000, 0x00000000a1000000|  0%| F|  |TAMS 0x00000000a0f00000, 0x00000000a0f00000| Untracked 
| 528|0x00000000a1000000, 0x00000000a1000000, 0x00000000a1100000|  0%| F|  |TAMS 0x00000000a1000000, 0x00000000a1000000| Untracked 
| 529|0x00000000a1100000, 0x00000000a1100000, 0x00000000a1200000|  0%| F|  |TAMS 0x00000000a1100000, 0x00000000a1100000| Untracked 
| 530|0x00000000a1200000, 0x00000000a1200000, 0x00000000a1300000|  0%| F|  |TAMS 0x00000000a1200000, 0x00000000a1200000| Untracked 
| 531|0x00000000a1300000, 0x00000000a1300000, 0x00000000a1400000|  0%| F|  |TAMS 0x00000000a1300000, 0x00000000a1300000| Untracked 
| 532|0x00000000a1400000, 0x00000000a1400000, 0x00000000a1500000|  0%| F|  |TAMS 0x00000000a1400000, 0x00000000a1400000| Untracked 
| 533|0x00000000a1500000, 0x00000000a1500000, 0x00000000a1600000|  0%| F|  |TAMS 0x00000000a1500000, 0x00000000a1500000| Untracked 
| 534|0x00000000a1600000, 0x00000000a1600000, 0x00000000a1700000|  0%| F|  |TAMS 0x00000000a1600000, 0x00000000a1600000| Untracked 
| 535|0x00000000a1700000, 0x00000000a1700000, 0x00000000a1800000|  0%| F|  |TAMS 0x00000000a1700000, 0x00000000a1700000| Untracked 
| 536|0x00000000a1800000, 0x00000000a1800000, 0x00000000a1900000|  0%| F|  |TAMS 0x00000000a1800000, 0x00000000a1800000| Untracked 
| 537|0x00000000a1900000, 0x00000000a1900000, 0x00000000a1a00000|  0%| F|  |TAMS 0x00000000a1900000, 0x00000000a1900000| Untracked 
| 538|0x00000000a1a00000, 0x00000000a1a00000, 0x00000000a1b00000|  0%| F|  |TAMS 0x00000000a1a00000, 0x00000000a1a00000| Untracked 
| 539|0x00000000a1b00000, 0x00000000a1b00000, 0x00000000a1c00000|  0%| F|  |TAMS 0x00000000a1b00000, 0x00000000a1b00000| Untracked 
| 540|0x00000000a1c00000, 0x00000000a1c00000, 0x00000000a1d00000|  0%| F|  |TAMS 0x00000000a1c00000, 0x00000000a1c00000| Untracked 
| 541|0x00000000a1d00000, 0x00000000a1d00000, 0x00000000a1e00000|  0%| F|  |TAMS 0x00000000a1d00000, 0x00000000a1d00000| Untracked 
| 542|0x00000000a1e00000, 0x00000000a1e00000, 0x00000000a1f00000|  0%| F|  |TAMS 0x00000000a1e00000, 0x00000000a1e00000| Untracked 
| 543|0x00000000a1f00000, 0x00000000a1f00000, 0x00000000a2000000|  0%| F|  |TAMS 0x00000000a1f00000, 0x00000000a1f00000| Untracked 
| 544|0x00000000a2000000, 0x00000000a2000000, 0x00000000a2100000|  0%| F|  |TAMS 0x00000000a2000000, 0x00000000a2000000| Untracked 
| 545|0x00000000a2100000, 0x00000000a2100000, 0x00000000a2200000|  0%| F|  |TAMS 0x00000000a2100000, 0x00000000a2100000| Untracked 
| 546|0x00000000a2200000, 0x00000000a2200000, 0x00000000a2300000|  0%| F|  |TAMS 0x00000000a2200000, 0x00000000a2200000| Untracked 
| 547|0x00000000a2300000, 0x00000000a2300000, 0x00000000a2400000|  0%| F|  |TAMS 0x00000000a2300000, 0x00000000a2300000| Untracked 
| 548|0x00000000a2400000, 0x00000000a2400000, 0x00000000a2500000|  0%| F|  |TAMS 0x00000000a2400000, 0x00000000a2400000| Untracked 
| 549|0x00000000a2500000, 0x00000000a2500000, 0x00000000a2600000|  0%| F|  |TAMS 0x00000000a2500000, 0x00000000a2500000| Untracked 
| 550|0x00000000a2600000, 0x00000000a2600000, 0x00000000a2700000|  0%| F|  |TAMS 0x00000000a2600000, 0x00000000a2600000| Untracked 
| 551|0x00000000a2700000, 0x00000000a2700000, 0x00000000a2800000|  0%| F|  |TAMS 0x00000000a2700000, 0x00000000a2700000| Untracked 
| 552|0x00000000a2800000, 0x00000000a2800000, 0x00000000a2900000|  0%| F|  |TAMS 0x00000000a2800000, 0x00000000a2800000| Untracked 
| 553|0x00000000a2900000, 0x00000000a2900000, 0x00000000a2a00000|  0%| F|  |TAMS 0x00000000a2900000, 0x00000000a2900000| Untracked 
| 554|0x00000000a2a00000, 0x00000000a2a00000, 0x00000000a2b00000|  0%| F|  |TAMS 0x00000000a2a00000, 0x00000000a2a00000| Untracked 
| 555|0x00000000a2b00000, 0x00000000a2b00000, 0x00000000a2c00000|  0%| F|  |TAMS 0x00000000a2b00000, 0x00000000a2b00000| Untracked 
| 556|0x00000000a2c00000, 0x00000000a2c00000, 0x00000000a2d00000|  0%| F|  |TAMS 0x00000000a2c00000, 0x00000000a2c00000| Untracked 
| 557|0x00000000a2d00000, 0x00000000a2d00000, 0x00000000a2e00000|  0%| F|  |TAMS 0x00000000a2d00000, 0x00000000a2d00000| Untracked 
| 558|0x00000000a2e00000, 0x00000000a2e00000, 0x00000000a2f00000|  0%| F|  |TAMS 0x00000000a2e00000, 0x00000000a2e00000| Untracked 
| 559|0x00000000a2f00000, 0x00000000a2f00000, 0x00000000a3000000|  0%| F|  |TAMS 0x00000000a2f00000, 0x00000000a2f00000| Untracked 
| 560|0x00000000a3000000, 0x00000000a3000000, 0x00000000a3100000|  0%| F|  |TAMS 0x00000000a3000000, 0x00000000a3000000| Untracked 
| 561|0x00000000a3100000, 0x00000000a3100000, 0x00000000a3200000|  0%| F|  |TAMS 0x00000000a3100000, 0x00000000a3100000| Untracked 
| 562|0x00000000a3200000, 0x00000000a3200000, 0x00000000a3300000|  0%| F|  |TAMS 0x00000000a3200000, 0x00000000a3200000| Untracked 
| 563|0x00000000a3300000, 0x00000000a3300000, 0x00000000a3400000|  0%| F|  |TAMS 0x00000000a3300000, 0x00000000a3300000| Untracked 
| 564|0x00000000a3400000, 0x00000000a3400000, 0x00000000a3500000|  0%| F|  |TAMS 0x00000000a3400000, 0x00000000a3400000| Untracked 
| 565|0x00000000a3500000, 0x00000000a3500000, 0x00000000a3600000|  0%| F|  |TAMS 0x00000000a3500000, 0x00000000a3500000| Untracked 
| 566|0x00000000a3600000, 0x00000000a3600000, 0x00000000a3700000|  0%| F|  |TAMS 0x00000000a3600000, 0x00000000a3600000| Untracked 
| 567|0x00000000a3700000, 0x00000000a3700000, 0x00000000a3800000|  0%| F|  |TAMS 0x00000000a3700000, 0x00000000a3700000| Untracked 
| 568|0x00000000a3800000, 0x00000000a3800000, 0x00000000a3900000|  0%| F|  |TAMS 0x00000000a3800000, 0x00000000a3800000| Untracked 
| 569|0x00000000a3900000, 0x00000000a3900000, 0x00000000a3a00000|  0%| F|  |TAMS 0x00000000a3900000, 0x00000000a3900000| Untracked 
| 570|0x00000000a3a00000, 0x00000000a3a00000, 0x00000000a3b00000|  0%| F|  |TAMS 0x00000000a3a00000, 0x00000000a3a00000| Untracked 
| 571|0x00000000a3b00000, 0x00000000a3b00000, 0x00000000a3c00000|  0%| F|  |TAMS 0x00000000a3b00000, 0x00000000a3b00000| Untracked 
| 572|0x00000000a3c00000, 0x00000000a3c00000, 0x00000000a3d00000|  0%| F|  |TAMS 0x00000000a3c00000, 0x00000000a3c00000| Untracked 
| 573|0x00000000a3d00000, 0x00000000a3d00000, 0x00000000a3e00000|  0%| F|  |TAMS 0x00000000a3d00000, 0x00000000a3d00000| Untracked 
| 574|0x00000000a3e00000, 0x00000000a3e00000, 0x00000000a3f00000|  0%| F|  |TAMS 0x00000000a3e00000, 0x00000000a3e00000| Untracked 
| 575|0x00000000a3f00000, 0x00000000a3f00000, 0x00000000a4000000|  0%| F|  |TAMS 0x00000000a3f00000, 0x00000000a3f00000| Untracked 
| 576|0x00000000a4000000, 0x00000000a4000000, 0x00000000a4100000|  0%| F|  |TAMS 0x00000000a4000000, 0x00000000a4000000| Untracked 
| 577|0x00000000a4100000, 0x00000000a4100000, 0x00000000a4200000|  0%| F|  |TAMS 0x00000000a4100000, 0x00000000a4100000| Untracked 
| 578|0x00000000a4200000, 0x00000000a4200000, 0x00000000a4300000|  0%| F|  |TAMS 0x00000000a4200000, 0x00000000a4200000| Untracked 
| 579|0x00000000a4300000, 0x00000000a4300000, 0x00000000a4400000|  0%| F|  |TAMS 0x00000000a4300000, 0x00000000a4300000| Untracked 
| 580|0x00000000a4400000, 0x00000000a4400000, 0x00000000a4500000|  0%| F|  |TAMS 0x00000000a4400000, 0x00000000a4400000| Untracked 
| 581|0x00000000a4500000, 0x00000000a4500000, 0x00000000a4600000|  0%| F|  |TAMS 0x00000000a4500000, 0x00000000a4500000| Untracked 
| 582|0x00000000a4600000, 0x00000000a4600000, 0x00000000a4700000|  0%| F|  |TAMS 0x00000000a4600000, 0x00000000a4600000| Untracked 
| 583|0x00000000a4700000, 0x00000000a4700000, 0x00000000a4800000|  0%| F|  |TAMS 0x00000000a4700000, 0x00000000a4700000| Untracked 
| 584|0x00000000a4800000, 0x00000000a4800000, 0x00000000a4900000|  0%| F|  |TAMS 0x00000000a4800000, 0x00000000a4800000| Untracked 
| 585|0x00000000a4900000, 0x00000000a4900000, 0x00000000a4a00000|  0%| F|  |TAMS 0x00000000a4900000, 0x00000000a4900000| Untracked 
| 586|0x00000000a4a00000, 0x00000000a4a00000, 0x00000000a4b00000|  0%| F|  |TAMS 0x00000000a4a00000, 0x00000000a4a00000| Untracked 
| 587|0x00000000a4b00000, 0x00000000a4b00000, 0x00000000a4c00000|  0%| F|  |TAMS 0x00000000a4b00000, 0x00000000a4b00000| Untracked 
| 588|0x00000000a4c00000, 0x00000000a4c00000, 0x00000000a4d00000|  0%| F|  |TAMS 0x00000000a4c00000, 0x00000000a4c00000| Untracked 
| 589|0x00000000a4d00000, 0x00000000a4d00000, 0x00000000a4e00000|  0%| F|  |TAMS 0x00000000a4d00000, 0x00000000a4d00000| Untracked 
| 590|0x00000000a4e00000, 0x00000000a4e00000, 0x00000000a4f00000|  0%| F|  |TAMS 0x00000000a4e00000, 0x00000000a4e00000| Untracked 
| 591|0x00000000a4f00000, 0x00000000a4f00000, 0x00000000a5000000|  0%| F|  |TAMS 0x00000000a4f00000, 0x00000000a4f00000| Untracked 
| 592|0x00000000a5000000, 0x00000000a5000000, 0x00000000a5100000|  0%| F|  |TAMS 0x00000000a5000000, 0x00000000a5000000| Untracked 
| 593|0x00000000a5100000, 0x00000000a5100000, 0x00000000a5200000|  0%| F|  |TAMS 0x00000000a5100000, 0x00000000a5100000| Untracked 
| 594|0x00000000a5200000, 0x00000000a5200000, 0x00000000a5300000|  0%| F|  |TAMS 0x00000000a5200000, 0x00000000a5200000| Untracked 
| 595|0x00000000a5300000, 0x00000000a5300000, 0x00000000a5400000|  0%| F|  |TAMS 0x00000000a5300000, 0x00000000a5300000| Untracked 
| 596|0x00000000a5400000, 0x00000000a5400000, 0x00000000a5500000|  0%| F|  |TAMS 0x00000000a5400000, 0x00000000a5400000| Untracked 
| 597|0x00000000a5500000, 0x00000000a5500000, 0x00000000a5600000|  0%| F|  |TAMS 0x00000000a5500000, 0x00000000a5500000| Untracked 
| 598|0x00000000a5600000, 0x00000000a5600000, 0x00000000a5700000|  0%| F|  |TAMS 0x00000000a5600000, 0x00000000a5600000| Untracked 
| 599|0x00000000a5700000, 0x00000000a5700000, 0x00000000a5800000|  0%| F|  |TAMS 0x00000000a5700000, 0x00000000a5700000| Untracked 
| 600|0x00000000a5800000, 0x00000000a5800000, 0x00000000a5900000|  0%| F|  |TAMS 0x00000000a5800000, 0x00000000a5800000| Untracked 
| 601|0x00000000a5900000, 0x00000000a5900000, 0x00000000a5a00000|  0%| F|  |TAMS 0x00000000a5900000, 0x00000000a5900000| Untracked 
| 602|0x00000000a5a00000, 0x00000000a5a00000, 0x00000000a5b00000|  0%| F|  |TAMS 0x00000000a5a00000, 0x00000000a5a00000| Untracked 
| 603|0x00000000a5b00000, 0x00000000a5b00000, 0x00000000a5c00000|  0%| F|  |TAMS 0x00000000a5b00000, 0x00000000a5b00000| Untracked 
| 604|0x00000000a5c00000, 0x00000000a5c00000, 0x00000000a5d00000|  0%| F|  |TAMS 0x00000000a5c00000, 0x00000000a5c00000| Untracked 
| 605|0x00000000a5d00000, 0x00000000a5d00000, 0x00000000a5e00000|  0%| F|  |TAMS 0x00000000a5d00000, 0x00000000a5d00000| Untracked 
| 606|0x00000000a5e00000, 0x00000000a5e00000, 0x00000000a5f00000|  0%| F|  |TAMS 0x00000000a5e00000, 0x00000000a5e00000| Untracked 
| 607|0x00000000a5f00000, 0x00000000a5f00000, 0x00000000a6000000|  0%| F|  |TAMS 0x00000000a5f00000, 0x00000000a5f00000| Untracked 
| 608|0x00000000a6000000, 0x00000000a6000000, 0x00000000a6100000|  0%| F|  |TAMS 0x00000000a6000000, 0x00000000a6000000| Untracked 
| 609|0x00000000a6100000, 0x00000000a6100000, 0x00000000a6200000|  0%| F|  |TAMS 0x00000000a6100000, 0x00000000a6100000| Untracked 
| 610|0x00000000a6200000, 0x00000000a6200000, 0x00000000a6300000|  0%| F|  |TAMS 0x00000000a6200000, 0x00000000a6200000| Untracked 
| 611|0x00000000a6300000, 0x00000000a6300000, 0x00000000a6400000|  0%| F|  |TAMS 0x00000000a6300000, 0x00000000a6300000| Untracked 
| 612|0x00000000a6400000, 0x00000000a6400000, 0x00000000a6500000|  0%| F|  |TAMS 0x00000000a6400000, 0x00000000a6400000| Untracked 
| 613|0x00000000a6500000, 0x00000000a6500000, 0x00000000a6600000|  0%| F|  |TAMS 0x00000000a6500000, 0x00000000a6500000| Untracked 
| 614|0x00000000a6600000, 0x00000000a6600000, 0x00000000a6700000|  0%| F|  |TAMS 0x00000000a6600000, 0x00000000a6600000| Untracked 
| 615|0x00000000a6700000, 0x00000000a6700000, 0x00000000a6800000|  0%| F|  |TAMS 0x00000000a6700000, 0x00000000a6700000| Untracked 
| 616|0x00000000a6800000, 0x00000000a6800000, 0x00000000a6900000|  0%| F|  |TAMS 0x00000000a6800000, 0x00000000a6800000| Untracked 
| 617|0x00000000a6900000, 0x00000000a6900000, 0x00000000a6a00000|  0%| F|  |TAMS 0x00000000a6900000, 0x00000000a6900000| Untracked 
| 618|0x00000000a6a00000, 0x00000000a6a00000, 0x00000000a6b00000|  0%| F|  |TAMS 0x00000000a6a00000, 0x00000000a6a00000| Untracked 
| 619|0x00000000a6b00000, 0x00000000a6b00000, 0x00000000a6c00000|  0%| F|  |TAMS 0x00000000a6b00000, 0x00000000a6b00000| Untracked 
| 620|0x00000000a6c00000, 0x00000000a6c00000, 0x00000000a6d00000|  0%| F|  |TAMS 0x00000000a6c00000, 0x00000000a6c00000| Untracked 
| 621|0x00000000a6d00000, 0x00000000a6d00000, 0x00000000a6e00000|  0%| F|  |TAMS 0x00000000a6d00000, 0x00000000a6d00000| Untracked 
| 622|0x00000000a6e00000, 0x00000000a6e00000, 0x00000000a6f00000|  0%| F|  |TAMS 0x00000000a6e00000, 0x00000000a6e00000| Untracked 
| 623|0x00000000a6f00000, 0x00000000a6f00000, 0x00000000a7000000|  0%| F|  |TAMS 0x00000000a6f00000, 0x00000000a6f00000| Untracked 
| 624|0x00000000a7000000, 0x00000000a7000000, 0x00000000a7100000|  0%| F|  |TAMS 0x00000000a7000000, 0x00000000a7000000| Untracked 
| 625|0x00000000a7100000, 0x00000000a7100000, 0x00000000a7200000|  0%| F|  |TAMS 0x00000000a7100000, 0x00000000a7100000| Untracked 
| 626|0x00000000a7200000, 0x00000000a7200000, 0x00000000a7300000|  0%| F|  |TAMS 0x00000000a7200000, 0x00000000a7200000| Untracked 
| 627|0x00000000a7300000, 0x00000000a7300000, 0x00000000a7400000|  0%| F|  |TAMS 0x00000000a7300000, 0x00000000a7300000| Untracked 
| 628|0x00000000a7400000, 0x00000000a7400000, 0x00000000a7500000|  0%| F|  |TAMS 0x00000000a7400000, 0x00000000a7400000| Untracked 
| 629|0x00000000a7500000, 0x00000000a7500000, 0x00000000a7600000|  0%| F|  |TAMS 0x00000000a7500000, 0x00000000a7500000| Untracked 
| 630|0x00000000a7600000, 0x00000000a7600000, 0x00000000a7700000|  0%| F|  |TAMS 0x00000000a7600000, 0x00000000a7600000| Untracked 
| 631|0x00000000a7700000, 0x00000000a7700000, 0x00000000a7800000|  0%| F|  |TAMS 0x00000000a7700000, 0x00000000a7700000| Untracked 
| 632|0x00000000a7800000, 0x00000000a7800000, 0x00000000a7900000|  0%| F|  |TAMS 0x00000000a7800000, 0x00000000a7800000| Untracked 
| 633|0x00000000a7900000, 0x00000000a7900000, 0x00000000a7a00000|  0%| F|  |TAMS 0x00000000a7900000, 0x00000000a7900000| Untracked 
| 634|0x00000000a7a00000, 0x00000000a7a00000, 0x00000000a7b00000|  0%| F|  |TAMS 0x00000000a7a00000, 0x00000000a7a00000| Untracked 
| 635|0x00000000a7b00000, 0x00000000a7b00000, 0x00000000a7c00000|  0%| F|  |TAMS 0x00000000a7b00000, 0x00000000a7b00000| Untracked 
| 636|0x00000000a7c00000, 0x00000000a7c00000, 0x00000000a7d00000|  0%| F|  |TAMS 0x00000000a7c00000, 0x00000000a7c00000| Untracked 
| 637|0x00000000a7d00000, 0x00000000a7d00000, 0x00000000a7e00000|  0%| F|  |TAMS 0x00000000a7d00000, 0x00000000a7d00000| Untracked 
| 638|0x00000000a7e00000, 0x00000000a7e00000, 0x00000000a7f00000|  0%| F|  |TAMS 0x00000000a7e00000, 0x00000000a7e00000| Untracked 
| 639|0x00000000a7f00000, 0x00000000a7f00000, 0x00000000a8000000|  0%| F|  |TAMS 0x00000000a7f00000, 0x00000000a7f00000| Untracked 
| 640|0x00000000a8000000, 0x00000000a8000000, 0x00000000a8100000|  0%| F|  |TAMS 0x00000000a8000000, 0x00000000a8000000| Untracked 
| 641|0x00000000a8100000, 0x00000000a8100000, 0x00000000a8200000|  0%| F|  |TAMS 0x00000000a8100000, 0x00000000a8100000| Untracked 
| 642|0x00000000a8200000, 0x00000000a8200000, 0x00000000a8300000|  0%| F|  |TAMS 0x00000000a8200000, 0x00000000a8200000| Untracked 
| 643|0x00000000a8300000, 0x00000000a8300000, 0x00000000a8400000|  0%| F|  |TAMS 0x00000000a8300000, 0x00000000a8300000| Untracked 
| 644|0x00000000a8400000, 0x00000000a8400000, 0x00000000a8500000|  0%| F|  |TAMS 0x00000000a8400000, 0x00000000a8400000| Untracked 
| 645|0x00000000a8500000, 0x00000000a8500000, 0x00000000a8600000|  0%| F|  |TAMS 0x00000000a8500000, 0x00000000a8500000| Untracked 
| 646|0x00000000a8600000, 0x00000000a8600000, 0x00000000a8700000|  0%| F|  |TAMS 0x00000000a8600000, 0x00000000a8600000| Untracked 
| 647|0x00000000a8700000, 0x00000000a8700000, 0x00000000a8800000|  0%| F|  |TAMS 0x00000000a8700000, 0x00000000a8700000| Untracked 
| 648|0x00000000a8800000, 0x00000000a8800000, 0x00000000a8900000|  0%| F|  |TAMS 0x00000000a8800000, 0x00000000a8800000| Untracked 
| 649|0x00000000a8900000, 0x00000000a8900000, 0x00000000a8a00000|  0%| F|  |TAMS 0x00000000a8900000, 0x00000000a8900000| Untracked 
| 650|0x00000000a8a00000, 0x00000000a8a00000, 0x00000000a8b00000|  0%| F|  |TAMS 0x00000000a8a00000, 0x00000000a8a00000| Untracked 
| 651|0x00000000a8b00000, 0x00000000a8b00000, 0x00000000a8c00000|  0%| F|  |TAMS 0x00000000a8b00000, 0x00000000a8b00000| Untracked 
| 652|0x00000000a8c00000, 0x00000000a8c00000, 0x00000000a8d00000|  0%| F|  |TAMS 0x00000000a8c00000, 0x00000000a8c00000| Untracked 
| 653|0x00000000a8d00000, 0x00000000a8d00000, 0x00000000a8e00000|  0%| F|  |TAMS 0x00000000a8d00000, 0x00000000a8d00000| Untracked 
| 654|0x00000000a8e00000, 0x00000000a8e00000, 0x00000000a8f00000|  0%| F|  |TAMS 0x00000000a8e00000, 0x00000000a8e00000| Untracked 
| 655|0x00000000a8f00000, 0x00000000a8f00000, 0x00000000a9000000|  0%| F|  |TAMS 0x00000000a8f00000, 0x00000000a8f00000| Untracked 
| 656|0x00000000a9000000, 0x00000000a9000000, 0x00000000a9100000|  0%| F|  |TAMS 0x00000000a9000000, 0x00000000a9000000| Untracked 
| 657|0x00000000a9100000, 0x00000000a9100000, 0x00000000a9200000|  0%| F|  |TAMS 0x00000000a9100000, 0x00000000a9100000| Untracked 
| 658|0x00000000a9200000, 0x00000000a9200000, 0x00000000a9300000|  0%| F|  |TAMS 0x00000000a9200000, 0x00000000a9200000| Untracked 
| 659|0x00000000a9300000, 0x00000000a9300000, 0x00000000a9400000|  0%| F|  |TAMS 0x00000000a9300000, 0x00000000a9300000| Untracked 
| 660|0x00000000a9400000, 0x00000000a9400000, 0x00000000a9500000|  0%| F|  |TAMS 0x00000000a9400000, 0x00000000a9400000| Untracked 
| 661|0x00000000a9500000, 0x00000000a9500000, 0x00000000a9600000|  0%| F|  |TAMS 0x00000000a9500000, 0x00000000a9500000| Untracked 
| 662|0x00000000a9600000, 0x00000000a9600000, 0x00000000a9700000|  0%| F|  |TAMS 0x00000000a9600000, 0x00000000a9600000| Untracked 
| 663|0x00000000a9700000, 0x00000000a9700000, 0x00000000a9800000|  0%| F|  |TAMS 0x00000000a9700000, 0x00000000a9700000| Untracked 
| 664|0x00000000a9800000, 0x00000000a9800000, 0x00000000a9900000|  0%| F|  |TAMS 0x00000000a9800000, 0x00000000a9800000| Untracked 
| 665|0x00000000a9900000, 0x00000000a9900000, 0x00000000a9a00000|  0%| F|  |TAMS 0x00000000a9900000, 0x00000000a9900000| Untracked 
| 666|0x00000000a9a00000, 0x00000000a9a00000, 0x00000000a9b00000|  0%| F|  |TAMS 0x00000000a9a00000, 0x00000000a9a00000| Untracked 
| 667|0x00000000a9b00000, 0x00000000a9b00000, 0x00000000a9c00000|  0%| F|  |TAMS 0x00000000a9b00000, 0x00000000a9b00000| Untracked 
| 668|0x00000000a9c00000, 0x00000000a9c00000, 0x00000000a9d00000|  0%| F|  |TAMS 0x00000000a9c00000, 0x00000000a9c00000| Untracked 
| 669|0x00000000a9d00000, 0x00000000a9d00000, 0x00000000a9e00000|  0%| F|  |TAMS 0x00000000a9d00000, 0x00000000a9d00000| Untracked 
| 670|0x00000000a9e00000, 0x00000000a9e00000, 0x00000000a9f00000|  0%| F|  |TAMS 0x00000000a9e00000, 0x00000000a9e00000| Untracked 
| 671|0x00000000a9f00000, 0x00000000a9f00000, 0x00000000aa000000|  0%| F|  |TAMS 0x00000000a9f00000, 0x00000000a9f00000| Untracked 
| 672|0x00000000aa000000, 0x00000000aa000000, 0x00000000aa100000|  0%| F|  |TAMS 0x00000000aa000000, 0x00000000aa000000| Untracked 
| 673|0x00000000aa100000, 0x00000000aa100000, 0x00000000aa200000|  0%| F|  |TAMS 0x00000000aa100000, 0x00000000aa100000| Untracked 
| 674|0x00000000aa200000, 0x00000000aa200000, 0x00000000aa300000|  0%| F|  |TAMS 0x00000000aa200000, 0x00000000aa200000| Untracked 
| 675|0x00000000aa300000, 0x00000000aa300000, 0x00000000aa400000|  0%| F|  |TAMS 0x00000000aa300000, 0x00000000aa300000| Untracked 
| 676|0x00000000aa400000, 0x00000000aa400000, 0x00000000aa500000|  0%| F|  |TAMS 0x00000000aa400000, 0x00000000aa400000| Untracked 
| 677|0x00000000aa500000, 0x00000000aa500000, 0x00000000aa600000|  0%| F|  |TAMS 0x00000000aa500000, 0x00000000aa500000| Untracked 
| 678|0x00000000aa600000, 0x00000000aa600000, 0x00000000aa700000|  0%| F|  |TAMS 0x00000000aa600000, 0x00000000aa600000| Untracked 
| 679|0x00000000aa700000, 0x00000000aa700000, 0x00000000aa800000|  0%| F|  |TAMS 0x00000000aa700000, 0x00000000aa700000| Untracked 
| 680|0x00000000aa800000, 0x00000000aa800000, 0x00000000aa900000|  0%| F|  |TAMS 0x00000000aa800000, 0x00000000aa800000| Untracked 
| 681|0x00000000aa900000, 0x00000000aa900000, 0x00000000aaa00000|  0%| F|  |TAMS 0x00000000aa900000, 0x00000000aa900000| Untracked 
| 682|0x00000000aaa00000, 0x00000000aaa00000, 0x00000000aab00000|  0%| F|  |TAMS 0x00000000aaa00000, 0x00000000aaa00000| Untracked 
| 683|0x00000000aab00000, 0x00000000aab00000, 0x00000000aac00000|  0%| F|  |TAMS 0x00000000aab00000, 0x00000000aab00000| Untracked 
| 684|0x00000000aac00000, 0x00000000aac00000, 0x00000000aad00000|  0%| F|  |TAMS 0x00000000aac00000, 0x00000000aac00000| Untracked 
| 685|0x00000000aad00000, 0x00000000aad00000, 0x00000000aae00000|  0%| F|  |TAMS 0x00000000aad00000, 0x00000000aad00000| Untracked 
| 686|0x00000000aae00000, 0x00000000aae00000, 0x00000000aaf00000|  0%| F|  |TAMS 0x00000000aae00000, 0x00000000aae00000| Untracked 
| 687|0x00000000aaf00000, 0x00000000aaf00000, 0x00000000ab000000|  0%| F|  |TAMS 0x00000000aaf00000, 0x00000000aaf00000| Untracked 
| 688|0x00000000ab000000, 0x00000000ab000000, 0x00000000ab100000|  0%| F|  |TAMS 0x00000000ab000000, 0x00000000ab000000| Untracked 
| 689|0x00000000ab100000, 0x00000000ab100000, 0x00000000ab200000|  0%| F|  |TAMS 0x00000000ab100000, 0x00000000ab100000| Untracked 
| 690|0x00000000ab200000, 0x00000000ab200000, 0x00000000ab300000|  0%| F|  |TAMS 0x00000000ab200000, 0x00000000ab200000| Untracked 
| 691|0x00000000ab300000, 0x00000000ab300000, 0x00000000ab400000|  0%| F|  |TAMS 0x00000000ab300000, 0x00000000ab300000| Untracked 
| 692|0x00000000ab400000, 0x00000000ab400000, 0x00000000ab500000|  0%| F|  |TAMS 0x00000000ab400000, 0x00000000ab400000| Untracked 
| 693|0x00000000ab500000, 0x00000000ab500000, 0x00000000ab600000|  0%| F|  |TAMS 0x00000000ab500000, 0x00000000ab500000| Untracked 
| 694|0x00000000ab600000, 0x00000000ab600000, 0x00000000ab700000|  0%| F|  |TAMS 0x00000000ab600000, 0x00000000ab600000| Untracked 
| 695|0x00000000ab700000, 0x00000000ab800000, 0x00000000ab800000|100%| E|  |TAMS 0x00000000ab700000, 0x00000000ab700000| Complete 
| 696|0x00000000ab800000, 0x00000000ab900000, 0x00000000ab900000|100%| E|CS|TAMS 0x00000000ab800000, 0x00000000ab800000| Complete 
| 697|0x00000000ab900000, 0x00000000aba00000, 0x00000000aba00000|100%| E|CS|TAMS 0x00000000ab900000, 0x00000000ab900000| Complete 
| 698|0x00000000aba00000, 0x00000000abb00000, 0x00000000abb00000|100%| E|CS|TAMS 0x00000000aba00000, 0x00000000aba00000| Complete 
| 699|0x00000000abb00000, 0x00000000abc00000, 0x00000000abc00000|100%| E|CS|TAMS 0x00000000abb00000, 0x00000000abb00000| Complete 
| 700|0x00000000abc00000, 0x00000000abd00000, 0x00000000abd00000|100%| E|CS|TAMS 0x00000000abc00000, 0x00000000abc00000| Complete 
| 701|0x00000000abd00000, 0x00000000abe00000, 0x00000000abe00000|100%| E|CS|TAMS 0x00000000abd00000, 0x00000000abd00000| Complete 
| 702|0x00000000abe00000, 0x00000000abf00000, 0x00000000abf00000|100%| E|CS|TAMS 0x00000000abe00000, 0x00000000abe00000| Complete 
| 703|0x00000000abf00000, 0x00000000ac000000, 0x00000000ac000000|100%| E|CS|TAMS 0x00000000abf00000, 0x00000000abf00000| Complete 
| 704|0x00000000ac000000, 0x00000000ac100000, 0x00000000ac100000|100%| E|CS|TAMS 0x00000000ac000000, 0x00000000ac000000| Complete 
| 705|0x00000000ac100000, 0x00000000ac200000, 0x00000000ac200000|100%| E|CS|TAMS 0x00000000ac100000, 0x00000000ac100000| Complete 
| 706|0x00000000ac200000, 0x00000000ac300000, 0x00000000ac300000|100%| E|CS|TAMS 0x00000000ac200000, 0x00000000ac200000| Complete 
| 707|0x00000000ac300000, 0x00000000ac400000, 0x00000000ac400000|100%| E|CS|TAMS 0x00000000ac300000, 0x00000000ac300000| Complete 
| 708|0x00000000ac400000, 0x00000000ac500000, 0x00000000ac500000|100%| E|CS|TAMS 0x00000000ac400000, 0x00000000ac400000| Complete 
| 709|0x00000000ac500000, 0x00000000ac600000, 0x00000000ac600000|100%| E|CS|TAMS 0x00000000ac500000, 0x00000000ac500000| Complete 
| 710|0x00000000ac600000, 0x00000000ac700000, 0x00000000ac700000|100%| E|CS|TAMS 0x00000000ac600000, 0x00000000ac600000| Complete 
| 711|0x00000000ac700000, 0x00000000ac800000, 0x00000000ac800000|100%| E|CS|TAMS 0x00000000ac700000, 0x00000000ac700000| Complete 
| 712|0x00000000ac800000, 0x00000000ac900000, 0x00000000ac900000|100%| E|CS|TAMS 0x00000000ac800000, 0x00000000ac800000| Complete 
| 713|0x00000000ac900000, 0x00000000aca00000, 0x00000000aca00000|100%| E|CS|TAMS 0x00000000ac900000, 0x00000000ac900000| Complete 
| 714|0x00000000aca00000, 0x00000000acb00000, 0x00000000acb00000|100%| E|CS|TAMS 0x00000000aca00000, 0x00000000aca00000| Complete 
| 715|0x00000000acb00000, 0x00000000acc00000, 0x00000000acc00000|100%| E|CS|TAMS 0x00000000acb00000, 0x00000000acb00000| Complete 
| 716|0x00000000acc00000, 0x00000000acd00000, 0x00000000acd00000|100%| E|CS|TAMS 0x00000000acc00000, 0x00000000acc00000| Complete 
| 717|0x00000000acd00000, 0x00000000ace00000, 0x00000000ace00000|100%| E|CS|TAMS 0x00000000acd00000, 0x00000000acd00000| Complete 
| 718|0x00000000ace00000, 0x00000000acf00000, 0x00000000acf00000|100%| E|CS|TAMS 0x00000000ace00000, 0x00000000ace00000| Complete 
| 719|0x00000000acf00000, 0x00000000ad000000, 0x00000000ad000000|100%| E|CS|TAMS 0x00000000acf00000, 0x00000000acf00000| Complete 
| 720|0x00000000ad000000, 0x00000000ad100000, 0x00000000ad100000|100%| E|CS|TAMS 0x00000000ad000000, 0x00000000ad000000| Complete 
| 721|0x00000000ad100000, 0x00000000ad200000, 0x00000000ad200000|100%| E|CS|TAMS 0x00000000ad100000, 0x00000000ad100000| Complete 
| 722|0x00000000ad200000, 0x00000000ad300000, 0x00000000ad300000|100%| E|CS|TAMS 0x00000000ad200000, 0x00000000ad200000| Complete 
| 723|0x00000000ad300000, 0x00000000ad400000, 0x00000000ad400000|100%| E|CS|TAMS 0x00000000ad300000, 0x00000000ad300000| Complete 
| 724|0x00000000ad400000, 0x00000000ad500000, 0x00000000ad500000|100%| E|CS|TAMS 0x00000000ad400000, 0x00000000ad400000| Complete 
| 725|0x00000000ad500000, 0x00000000ad600000, 0x00000000ad600000|100%| E|CS|TAMS 0x00000000ad500000, 0x00000000ad500000| Complete 
| 726|0x00000000ad600000, 0x00000000ad700000, 0x00000000ad700000|100%| E|CS|TAMS 0x00000000ad600000, 0x00000000ad600000| Complete 
| 727|0x00000000ad700000, 0x00000000ad800000, 0x00000000ad800000|100%| E|CS|TAMS 0x00000000ad700000, 0x00000000ad700000| Complete 
| 728|0x00000000ad800000, 0x00000000ad900000, 0x00000000ad900000|100%| E|CS|TAMS 0x00000000ad800000, 0x00000000ad800000| Complete 
| 729|0x00000000ad900000, 0x00000000ada00000, 0x00000000ada00000|100%| E|CS|TAMS 0x00000000ad900000, 0x00000000ad900000| Complete 
| 730|0x00000000ada00000, 0x00000000adb00000, 0x00000000adb00000|100%| E|CS|TAMS 0x00000000ada00000, 0x00000000ada00000| Complete 
| 731|0x00000000adb00000, 0x00000000adc00000, 0x00000000adc00000|100%| E|CS|TAMS 0x00000000adb00000, 0x00000000adb00000| Complete 
| 732|0x00000000adc00000, 0x00000000add00000, 0x00000000add00000|100%| E|CS|TAMS 0x00000000adc00000, 0x00000000adc00000| Complete 
| 733|0x00000000add00000, 0x00000000ade00000, 0x00000000ade00000|100%| E|CS|TAMS 0x00000000add00000, 0x00000000add00000| Complete 
| 734|0x00000000ade00000, 0x00000000adf00000, 0x00000000adf00000|100%| E|CS|TAMS 0x00000000ade00000, 0x00000000ade00000| Complete 
| 735|0x00000000adf00000, 0x00000000ae000000, 0x00000000ae000000|100%| E|CS|TAMS 0x00000000adf00000, 0x00000000adf00000| Complete 
| 736|0x00000000ae000000, 0x00000000ae100000, 0x00000000ae100000|100%| E|CS|TAMS 0x00000000ae000000, 0x00000000ae000000| Complete 
| 737|0x00000000ae100000, 0x00000000ae200000, 0x00000000ae200000|100%| E|CS|TAMS 0x00000000ae100000, 0x00000000ae100000| Complete 
| 738|0x00000000ae200000, 0x00000000ae300000, 0x00000000ae300000|100%| E|CS|TAMS 0x00000000ae200000, 0x00000000ae200000| Complete 
| 739|0x00000000ae300000, 0x00000000ae400000, 0x00000000ae400000|100%| E|CS|TAMS 0x00000000ae300000, 0x00000000ae300000| Complete 
| 740|0x00000000ae400000, 0x00000000ae500000, 0x00000000ae500000|100%| E|CS|TAMS 0x00000000ae400000, 0x00000000ae400000| Complete 
| 741|0x00000000ae500000, 0x00000000ae600000, 0x00000000ae600000|100%| E|CS|TAMS 0x00000000ae500000, 0x00000000ae500000| Complete 
| 742|0x00000000ae600000, 0x00000000ae700000, 0x00000000ae700000|100%| E|CS|TAMS 0x00000000ae600000, 0x00000000ae600000| Complete 
| 743|0x00000000ae700000, 0x00000000ae800000, 0x00000000ae800000|100%| E|CS|TAMS 0x00000000ae700000, 0x00000000ae700000| Complete 
| 744|0x00000000ae800000, 0x00000000ae900000, 0x00000000ae900000|100%| E|CS|TAMS 0x00000000ae800000, 0x00000000ae800000| Complete 
| 745|0x00000000ae900000, 0x00000000aea00000, 0x00000000aea00000|100%| E|CS|TAMS 0x00000000ae900000, 0x00000000ae900000| Complete 
| 746|0x00000000aea00000, 0x00000000aeb00000, 0x00000000aeb00000|100%| E|  |TAMS 0x00000000aea00000, 0x00000000aea00000| Complete 
| 747|0x00000000aeb00000, 0x00000000aec00000, 0x00000000aec00000|100%| E|CS|TAMS 0x00000000aeb00000, 0x00000000aeb00000| Complete 
| 748|0x00000000aec00000, 0x00000000aed00000, 0x00000000aed00000|100%| E|CS|TAMS 0x00000000aec00000, 0x00000000aec00000| Complete 
| 749|0x00000000aed00000, 0x00000000aee00000, 0x00000000aee00000|100%| E|CS|TAMS 0x00000000aed00000, 0x00000000aed00000| Complete 
| 750|0x00000000aee00000, 0x00000000aef00000, 0x00000000aef00000|100%| E|CS|TAMS 0x00000000aee00000, 0x00000000aee00000| Complete 
| 751|0x00000000aef00000, 0x00000000af000000, 0x00000000af000000|100%| E|CS|TAMS 0x00000000aef00000, 0x00000000aef00000| Complete 
| 752|0x00000000af000000, 0x00000000af100000, 0x00000000af100000|100%| E|CS|TAMS 0x00000000af000000, 0x00000000af000000| Complete 
| 753|0x00000000af100000, 0x00000000af200000, 0x00000000af200000|100%| E|CS|TAMS 0x00000000af100000, 0x00000000af100000| Complete 
| 754|0x00000000af200000, 0x00000000af300000, 0x00000000af300000|100%| E|CS|TAMS 0x00000000af200000, 0x00000000af200000| Complete 
| 755|0x00000000af300000, 0x00000000af400000, 0x00000000af400000|100%| E|CS|TAMS 0x00000000af300000, 0x00000000af300000| Complete 
| 756|0x00000000af400000, 0x00000000af500000, 0x00000000af500000|100%| E|CS|TAMS 0x00000000af400000, 0x00000000af400000| Complete 
| 757|0x00000000af500000, 0x00000000af600000, 0x00000000af600000|100%| E|CS|TAMS 0x00000000af500000, 0x00000000af500000| Complete 
| 758|0x00000000af600000, 0x00000000af700000, 0x00000000af700000|100%| E|CS|TAMS 0x00000000af600000, 0x00000000af600000| Complete 
| 759|0x00000000af700000, 0x00000000af800000, 0x00000000af800000|100%| E|CS|TAMS 0x00000000af700000, 0x00000000af700000| Complete 
| 760|0x00000000af800000, 0x00000000af900000, 0x00000000af900000|100%| E|CS|TAMS 0x00000000af800000, 0x00000000af800000| Complete 
| 761|0x00000000af900000, 0x00000000afa00000, 0x00000000afa00000|100%| E|CS|TAMS 0x00000000af900000, 0x00000000af900000| Complete 
| 762|0x00000000afa00000, 0x00000000afb00000, 0x00000000afb00000|100%| E|CS|TAMS 0x00000000afa00000, 0x00000000afa00000| Complete 
| 763|0x00000000afb00000, 0x00000000afc00000, 0x00000000afc00000|100%| E|CS|TAMS 0x00000000afb00000, 0x00000000afb00000| Complete 
| 764|0x00000000afc00000, 0x00000000afd00000, 0x00000000afd00000|100%| E|CS|TAMS 0x00000000afc00000, 0x00000000afc00000| Complete 
| 765|0x00000000afd00000, 0x00000000afe00000, 0x00000000afe00000|100%| E|CS|TAMS 0x00000000afd00000, 0x00000000afd00000| Complete 
| 766|0x00000000afe00000, 0x00000000aff00000, 0x00000000aff00000|100%| E|CS|TAMS 0x00000000afe00000, 0x00000000afe00000| Complete 
| 767|0x00000000aff00000, 0x00000000b0000000, 0x00000000b0000000|100%| E|CS|TAMS 0x00000000aff00000, 0x00000000aff00000| Complete 
| 768|0x00000000b0000000, 0x00000000b0100000, 0x00000000b0100000|100%| E|CS|TAMS 0x00000000b0000000, 0x00000000b0000000| Complete 
| 769|0x00000000b0100000, 0x00000000b0200000, 0x00000000b0200000|100%| E|CS|TAMS 0x00000000b0100000, 0x00000000b0100000| Complete 
| 770|0x00000000b0200000, 0x00000000b0300000, 0x00000000b0300000|100%| E|CS|TAMS 0x00000000b0200000, 0x00000000b0200000| Complete 
| 771|0x00000000b0300000, 0x00000000b0400000, 0x00000000b0400000|100%| E|CS|TAMS 0x00000000b0300000, 0x00000000b0300000| Complete 
| 772|0x00000000b0400000, 0x00000000b0500000, 0x00000000b0500000|100%| E|CS|TAMS 0x00000000b0400000, 0x00000000b0400000| Complete 
| 773|0x00000000b0500000, 0x00000000b0600000, 0x00000000b0600000|100%| E|CS|TAMS 0x00000000b0500000, 0x00000000b0500000| Complete 
| 774|0x00000000b0600000, 0x00000000b0700000, 0x00000000b0700000|100%| E|CS|TAMS 0x00000000b0600000, 0x00000000b0600000| Complete 
| 775|0x00000000b0700000, 0x00000000b0800000, 0x00000000b0800000|100%| E|CS|TAMS 0x00000000b0700000, 0x00000000b0700000| Complete 
| 776|0x00000000b0800000, 0x00000000b0900000, 0x00000000b0900000|100%| E|CS|TAMS 0x00000000b0800000, 0x00000000b0800000| Complete 
| 777|0x00000000b0900000, 0x00000000b0a00000, 0x00000000b0a00000|100%| E|CS|TAMS 0x00000000b0900000, 0x00000000b0900000| Complete 
| 778|0x00000000b0a00000, 0x00000000b0b00000, 0x00000000b0b00000|100%| E|CS|TAMS 0x00000000b0a00000, 0x00000000b0a00000| Complete 
| 779|0x00000000b0b00000, 0x00000000b0c00000, 0x00000000b0c00000|100%| E|CS|TAMS 0x00000000b0b00000, 0x00000000b0b00000| Complete 
| 780|0x00000000b0c00000, 0x00000000b0d00000, 0x00000000b0d00000|100%| E|CS|TAMS 0x00000000b0c00000, 0x00000000b0c00000| Complete 
| 781|0x00000000b0d00000, 0x00000000b0e00000, 0x00000000b0e00000|100%| E|CS|TAMS 0x00000000b0d00000, 0x00000000b0d00000| Complete 
| 782|0x00000000b0e00000, 0x00000000b0f00000, 0x00000000b0f00000|100%| E|CS|TAMS 0x00000000b0e00000, 0x00000000b0e00000| Complete 
| 783|0x00000000b0f00000, 0x00000000b1000000, 0x00000000b1000000|100%| E|CS|TAMS 0x00000000b0f00000, 0x00000000b0f00000| Complete 
| 784|0x00000000b1000000, 0x00000000b1100000, 0x00000000b1100000|100%| E|CS|TAMS 0x00000000b1000000, 0x00000000b1000000| Complete 
| 785|0x00000000b1100000, 0x00000000b1200000, 0x00000000b1200000|100%| E|CS|TAMS 0x00000000b1100000, 0x00000000b1100000| Complete 
| 786|0x00000000b1200000, 0x00000000b1300000, 0x00000000b1300000|100%| E|CS|TAMS 0x00000000b1200000, 0x00000000b1200000| Complete 
| 787|0x00000000b1300000, 0x00000000b1400000, 0x00000000b1400000|100%| E|CS|TAMS 0x00000000b1300000, 0x00000000b1300000| Complete 
| 788|0x00000000b1400000, 0x00000000b1500000, 0x00000000b1500000|100%| E|CS|TAMS 0x00000000b1400000, 0x00000000b1400000| Complete 
| 789|0x00000000b1500000, 0x00000000b1600000, 0x00000000b1600000|100%| E|CS|TAMS 0x00000000b1500000, 0x00000000b1500000| Complete 
| 790|0x00000000b1600000, 0x00000000b1700000, 0x00000000b1700000|100%| E|CS|TAMS 0x00000000b1600000, 0x00000000b1600000| Complete 
| 791|0x00000000b1700000, 0x00000000b1800000, 0x00000000b1800000|100%| E|CS|TAMS 0x00000000b1700000, 0x00000000b1700000| Complete 
| 792|0x00000000b1800000, 0x00000000b1900000, 0x00000000b1900000|100%| E|CS|TAMS 0x00000000b1800000, 0x00000000b1800000| Complete 
| 793|0x00000000b1900000, 0x00000000b1a00000, 0x00000000b1a00000|100%| E|CS|TAMS 0x00000000b1900000, 0x00000000b1900000| Complete 
| 794|0x00000000b1a00000, 0x00000000b1b00000, 0x00000000b1b00000|100%| E|CS|TAMS 0x00000000b1a00000, 0x00000000b1a00000| Complete 
| 795|0x00000000b1b00000, 0x00000000b1c00000, 0x00000000b1c00000|100%| E|CS|TAMS 0x00000000b1b00000, 0x00000000b1b00000| Complete 
| 796|0x00000000b1c00000, 0x00000000b1d00000, 0x00000000b1d00000|100%| E|CS|TAMS 0x00000000b1c00000, 0x00000000b1c00000| Complete 
| 797|0x00000000b1d00000, 0x00000000b1e00000, 0x00000000b1e00000|100%| E|CS|TAMS 0x00000000b1d00000, 0x00000000b1d00000| Complete 
| 798|0x00000000b1e00000, 0x00000000b1f00000, 0x00000000b1f00000|100%| E|CS|TAMS 0x00000000b1e00000, 0x00000000b1e00000| Complete 
| 799|0x00000000b1f00000, 0x00000000b2000000, 0x00000000b2000000|100%| E|CS|TAMS 0x00000000b1f00000, 0x00000000b1f00000| Complete 
| 800|0x00000000b2000000, 0x00000000b2100000, 0x00000000b2100000|100%| E|CS|TAMS 0x00000000b2000000, 0x00000000b2000000| Complete 
| 801|0x00000000b2100000, 0x00000000b2200000, 0x00000000b2200000|100%| E|CS|TAMS 0x00000000b2100000, 0x00000000b2100000| Complete 
| 802|0x00000000b2200000, 0x00000000b2300000, 0x00000000b2300000|100%| E|CS|TAMS 0x00000000b2200000, 0x00000000b2200000| Complete 
| 803|0x00000000b2300000, 0x00000000b2400000, 0x00000000b2400000|100%| E|CS|TAMS 0x00000000b2300000, 0x00000000b2300000| Complete 
| 804|0x00000000b2400000, 0x00000000b2500000, 0x00000000b2500000|100%| E|CS|TAMS 0x00000000b2400000, 0x00000000b2400000| Complete 
| 805|0x00000000b2500000, 0x00000000b2600000, 0x00000000b2600000|100%| E|CS|TAMS 0x00000000b2500000, 0x00000000b2500000| Complete 
| 806|0x00000000b2600000, 0x00000000b2700000, 0x00000000b2700000|100%| E|CS|TAMS 0x00000000b2600000, 0x00000000b2600000| Complete 
| 807|0x00000000b2700000, 0x00000000b2800000, 0x00000000b2800000|100%| E|CS|TAMS 0x00000000b2700000, 0x00000000b2700000| Complete 
| 808|0x00000000b2800000, 0x00000000b2900000, 0x00000000b2900000|100%| E|CS|TAMS 0x00000000b2800000, 0x00000000b2800000| Complete 
| 809|0x00000000b2900000, 0x00000000b2a00000, 0x00000000b2a00000|100%| E|CS|TAMS 0x00000000b2900000, 0x00000000b2900000| Complete 
| 810|0x00000000b2a00000, 0x00000000b2b00000, 0x00000000b2b00000|100%| E|CS|TAMS 0x00000000b2a00000, 0x00000000b2a00000| Complete 
| 811|0x00000000b2b00000, 0x00000000b2c00000, 0x00000000b2c00000|100%| E|CS|TAMS 0x00000000b2b00000, 0x00000000b2b00000| Complete 
| 812|0x00000000b2c00000, 0x00000000b2d00000, 0x00000000b2d00000|100%| E|CS|TAMS 0x00000000b2c00000, 0x00000000b2c00000| Complete 
| 813|0x00000000b2d00000, 0x00000000b2e00000, 0x00000000b2e00000|100%| E|CS|TAMS 0x00000000b2d00000, 0x00000000b2d00000| Complete 
| 814|0x00000000b2e00000, 0x00000000b2f00000, 0x00000000b2f00000|100%| E|CS|TAMS 0x00000000b2e00000, 0x00000000b2e00000| Complete 
| 815|0x00000000b2f00000, 0x00000000b3000000, 0x00000000b3000000|100%| E|CS|TAMS 0x00000000b2f00000, 0x00000000b2f00000| Complete 
| 816|0x00000000b3000000, 0x00000000b3100000, 0x00000000b3100000|100%| E|CS|TAMS 0x00000000b3000000, 0x00000000b3000000| Complete 
| 817|0x00000000b3100000, 0x00000000b3200000, 0x00000000b3200000|100%| E|CS|TAMS 0x00000000b3100000, 0x00000000b3100000| Complete 
| 818|0x00000000b3200000, 0x00000000b3300000, 0x00000000b3300000|100%| E|CS|TAMS 0x00000000b3200000, 0x00000000b3200000| Complete 
| 819|0x00000000b3300000, 0x00000000b3400000, 0x00000000b3400000|100%| E|CS|TAMS 0x00000000b3300000, 0x00000000b3300000| Complete 
| 820|0x00000000b3400000, 0x00000000b3500000, 0x00000000b3500000|100%| E|CS|TAMS 0x00000000b3400000, 0x00000000b3400000| Complete 
| 821|0x00000000b3500000, 0x00000000b3600000, 0x00000000b3600000|100%| E|CS|TAMS 0x00000000b3500000, 0x00000000b3500000| Complete 
| 822|0x00000000b3600000, 0x00000000b3700000, 0x00000000b3700000|100%| E|CS|TAMS 0x00000000b3600000, 0x00000000b3600000| Complete 
| 823|0x00000000b3700000, 0x00000000b3800000, 0x00000000b3800000|100%| E|CS|TAMS 0x00000000b3700000, 0x00000000b3700000| Complete 
| 824|0x00000000b3800000, 0x00000000b3900000, 0x00000000b3900000|100%| E|CS|TAMS 0x00000000b3800000, 0x00000000b3800000| Complete 
| 825|0x00000000b3900000, 0x00000000b3a00000, 0x00000000b3a00000|100%| E|CS|TAMS 0x00000000b3900000, 0x00000000b3900000| Complete 
| 826|0x00000000b3a00000, 0x00000000b3b00000, 0x00000000b3b00000|100%| E|CS|TAMS 0x00000000b3a00000, 0x00000000b3a00000| Complete 
| 827|0x00000000b3b00000, 0x00000000b3c00000, 0x00000000b3c00000|100%| E|CS|TAMS 0x00000000b3b00000, 0x00000000b3b00000| Complete 
| 828|0x00000000b3c00000, 0x00000000b3d00000, 0x00000000b3d00000|100%| E|CS|TAMS 0x00000000b3c00000, 0x00000000b3c00000| Complete 
| 829|0x00000000b3d00000, 0x00000000b3e00000, 0x00000000b3e00000|100%| E|CS|TAMS 0x00000000b3d00000, 0x00000000b3d00000| Complete 
| 830|0x00000000b3e00000, 0x00000000b3f00000, 0x00000000b3f00000|100%| E|CS|TAMS 0x00000000b3e00000, 0x00000000b3e00000| Complete 
| 831|0x00000000b3f00000, 0x00000000b4000000, 0x00000000b4000000|100%| E|CS|TAMS 0x00000000b3f00000, 0x00000000b3f00000| Complete 
| 832|0x00000000b4000000, 0x00000000b4100000, 0x00000000b4100000|100%| E|CS|TAMS 0x00000000b4000000, 0x00000000b4000000| Complete 
| 833|0x00000000b4100000, 0x00000000b4200000, 0x00000000b4200000|100%| E|CS|TAMS 0x00000000b4100000, 0x00000000b4100000| Complete 
| 834|0x00000000b4200000, 0x00000000b4300000, 0x00000000b4300000|100%| E|CS|TAMS 0x00000000b4200000, 0x00000000b4200000| Complete 
| 835|0x00000000b4300000, 0x00000000b4400000, 0x00000000b4400000|100%| E|CS|TAMS 0x00000000b4300000, 0x00000000b4300000| Complete 
| 836|0x00000000b4400000, 0x00000000b4500000, 0x00000000b4500000|100%| E|CS|TAMS 0x00000000b4400000, 0x00000000b4400000| Complete 
| 837|0x00000000b4500000, 0x00000000b4600000, 0x00000000b4600000|100%| E|CS|TAMS 0x00000000b4500000, 0x00000000b4500000| Complete 
| 838|0x00000000b4600000, 0x00000000b4700000, 0x00000000b4700000|100%| E|CS|TAMS 0x00000000b4600000, 0x00000000b4600000| Complete 
| 839|0x00000000b4700000, 0x00000000b4800000, 0x00000000b4800000|100%| E|CS|TAMS 0x00000000b4700000, 0x00000000b4700000| Complete 
| 840|0x00000000b4800000, 0x00000000b4900000, 0x00000000b4900000|100%| E|CS|TAMS 0x00000000b4800000, 0x00000000b4800000| Complete 
| 841|0x00000000b4900000, 0x00000000b4a00000, 0x00000000b4a00000|100%| E|CS|TAMS 0x00000000b4900000, 0x00000000b4900000| Complete 
| 842|0x00000000b4a00000, 0x00000000b4b00000, 0x00000000b4b00000|100%| E|CS|TAMS 0x00000000b4a00000, 0x00000000b4a00000| Complete 
| 843|0x00000000b4b00000, 0x00000000b4c00000, 0x00000000b4c00000|100%| E|CS|TAMS 0x00000000b4b00000, 0x00000000b4b00000| Complete 
| 844|0x00000000b4c00000, 0x00000000b4d00000, 0x00000000b4d00000|100%| E|CS|TAMS 0x00000000b4c00000, 0x00000000b4c00000| Complete 
| 845|0x00000000b4d00000, 0x00000000b4e00000, 0x00000000b4e00000|100%| E|CS|TAMS 0x00000000b4d00000, 0x00000000b4d00000| Complete 
| 846|0x00000000b4e00000, 0x00000000b4f00000, 0x00000000b4f00000|100%| E|CS|TAMS 0x00000000b4e00000, 0x00000000b4e00000| Complete 
| 847|0x00000000b4f00000, 0x00000000b5000000, 0x00000000b5000000|100%| E|CS|TAMS 0x00000000b4f00000, 0x00000000b4f00000| Complete 
| 848|0x00000000b5000000, 0x00000000b5100000, 0x00000000b5100000|100%| E|CS|TAMS 0x00000000b5000000, 0x00000000b5000000| Complete 
| 849|0x00000000b5100000, 0x00000000b5200000, 0x00000000b5200000|100%| E|CS|TAMS 0x00000000b5100000, 0x00000000b5100000| Complete 
| 850|0x00000000b5200000, 0x00000000b5300000, 0x00000000b5300000|100%| E|CS|TAMS 0x00000000b5200000, 0x00000000b5200000| Complete 
| 851|0x00000000b5300000, 0x00000000b5400000, 0x00000000b5400000|100%| E|CS|TAMS 0x00000000b5300000, 0x00000000b5300000| Complete 
| 852|0x00000000b5400000, 0x00000000b5500000, 0x00000000b5500000|100%| E|CS|TAMS 0x00000000b5400000, 0x00000000b5400000| Complete 
| 853|0x00000000b5500000, 0x00000000b5600000, 0x00000000b5600000|100%| E|CS|TAMS 0x00000000b5500000, 0x00000000b5500000| Complete 
| 854|0x00000000b5600000, 0x00000000b5700000, 0x00000000b5700000|100%| E|CS|TAMS 0x00000000b5600000, 0x00000000b5600000| Complete 
| 855|0x00000000b5700000, 0x00000000b5800000, 0x00000000b5800000|100%| E|CS|TAMS 0x00000000b5700000, 0x00000000b5700000| Complete 
| 856|0x00000000b5800000, 0x00000000b5900000, 0x00000000b5900000|100%| E|CS|TAMS 0x00000000b5800000, 0x00000000b5800000| Complete 
| 857|0x00000000b5900000, 0x00000000b5a00000, 0x00000000b5a00000|100%| E|CS|TAMS 0x00000000b5900000, 0x00000000b5900000| Complete 
| 858|0x00000000b5a00000, 0x00000000b5b00000, 0x00000000b5b00000|100%| E|CS|TAMS 0x00000000b5a00000, 0x00000000b5a00000| Complete 
| 859|0x00000000b5b00000, 0x00000000b5c00000, 0x00000000b5c00000|100%| E|CS|TAMS 0x00000000b5b00000, 0x00000000b5b00000| Complete 
| 860|0x00000000b5c00000, 0x00000000b5d00000, 0x00000000b5d00000|100%| E|CS|TAMS 0x00000000b5c00000, 0x00000000b5c00000| Complete 
| 861|0x00000000b5d00000, 0x00000000b5e00000, 0x00000000b5e00000|100%| E|CS|TAMS 0x00000000b5d00000, 0x00000000b5d00000| Complete 
| 862|0x00000000b5e00000, 0x00000000b5f00000, 0x00000000b5f00000|100%| E|CS|TAMS 0x00000000b5e00000, 0x00000000b5e00000| Complete 
| 863|0x00000000b5f00000, 0x00000000b6000000, 0x00000000b6000000|100%| E|CS|TAMS 0x00000000b5f00000, 0x00000000b5f00000| Complete 
| 864|0x00000000b6000000, 0x00000000b6100000, 0x00000000b6100000|100%| E|CS|TAMS 0x00000000b6000000, 0x00000000b6000000| Complete 
| 865|0x00000000b6100000, 0x00000000b6200000, 0x00000000b6200000|100%| E|CS|TAMS 0x00000000b6100000, 0x00000000b6100000| Complete 
| 866|0x00000000b6200000, 0x00000000b6300000, 0x00000000b6300000|100%| E|CS|TAMS 0x00000000b6200000, 0x00000000b6200000| Complete 
| 867|0x00000000b6300000, 0x00000000b6400000, 0x00000000b6400000|100%| E|CS|TAMS 0x00000000b6300000, 0x00000000b6300000| Complete 
| 868|0x00000000b6400000, 0x00000000b6500000, 0x00000000b6500000|100%| E|CS|TAMS 0x00000000b6400000, 0x00000000b6400000| Complete 
| 869|0x00000000b6500000, 0x00000000b6600000, 0x00000000b6600000|100%| E|CS|TAMS 0x00000000b6500000, 0x00000000b6500000| Complete 
| 870|0x00000000b6600000, 0x00000000b6700000, 0x00000000b6700000|100%| E|CS|TAMS 0x00000000b6600000, 0x00000000b6600000| Complete 
| 871|0x00000000b6700000, 0x00000000b6800000, 0x00000000b6800000|100%| E|CS|TAMS 0x00000000b6700000, 0x00000000b6700000| Complete 
| 872|0x00000000b6800000, 0x00000000b6900000, 0x00000000b6900000|100%| E|CS|TAMS 0x00000000b6800000, 0x00000000b6800000| Complete 
| 873|0x00000000b6900000, 0x00000000b6a00000, 0x00000000b6a00000|100%| E|CS|TAMS 0x00000000b6900000, 0x00000000b6900000| Complete 
| 874|0x00000000b6a00000, 0x00000000b6b00000, 0x00000000b6b00000|100%| E|CS|TAMS 0x00000000b6a00000, 0x00000000b6a00000| Complete 
| 875|0x00000000b6b00000, 0x00000000b6c00000, 0x00000000b6c00000|100%| E|CS|TAMS 0x00000000b6b00000, 0x00000000b6b00000| Complete 
| 876|0x00000000b6c00000, 0x00000000b6d00000, 0x00000000b6d00000|100%| E|CS|TAMS 0x00000000b6c00000, 0x00000000b6c00000| Complete 
| 877|0x00000000b6d00000, 0x00000000b6e00000, 0x00000000b6e00000|100%| E|CS|TAMS 0x00000000b6d00000, 0x00000000b6d00000| Complete 
| 878|0x00000000b6e00000, 0x00000000b6f00000, 0x00000000b6f00000|100%| E|CS|TAMS 0x00000000b6e00000, 0x00000000b6e00000| Complete 
| 879|0x00000000b6f00000, 0x00000000b7000000, 0x00000000b7000000|100%| E|CS|TAMS 0x00000000b6f00000, 0x00000000b6f00000| Complete 
| 880|0x00000000b7000000, 0x00000000b7100000, 0x00000000b7100000|100%| E|CS|TAMS 0x00000000b7000000, 0x00000000b7000000| Complete 
| 881|0x00000000b7100000, 0x00000000b7200000, 0x00000000b7200000|100%| E|CS|TAMS 0x00000000b7100000, 0x00000000b7100000| Complete 
| 882|0x00000000b7200000, 0x00000000b7300000, 0x00000000b7300000|100%| E|CS|TAMS 0x00000000b7200000, 0x00000000b7200000| Complete 
| 883|0x00000000b7300000, 0x00000000b7400000, 0x00000000b7400000|100%| E|CS|TAMS 0x00000000b7300000, 0x00000000b7300000| Complete 
| 884|0x00000000b7400000, 0x00000000b7500000, 0x00000000b7500000|100%| E|CS|TAMS 0x00000000b7400000, 0x00000000b7400000| Complete 
| 885|0x00000000b7500000, 0x00000000b7600000, 0x00000000b7600000|100%| E|CS|TAMS 0x00000000b7500000, 0x00000000b7500000| Complete 
| 886|0x00000000b7600000, 0x00000000b7700000, 0x00000000b7700000|100%| E|CS|TAMS 0x00000000b7600000, 0x00000000b7600000| Complete 
| 887|0x00000000b7700000, 0x00000000b7800000, 0x00000000b7800000|100%| E|CS|TAMS 0x00000000b7700000, 0x00000000b7700000| Complete 
| 888|0x00000000b7800000, 0x00000000b7900000, 0x00000000b7900000|100%| E|CS|TAMS 0x00000000b7800000, 0x00000000b7800000| Complete 
| 889|0x00000000b7900000, 0x00000000b7a00000, 0x00000000b7a00000|100%| E|CS|TAMS 0x00000000b7900000, 0x00000000b7900000| Complete 
| 890|0x00000000b7a00000, 0x00000000b7b00000, 0x00000000b7b00000|100%| E|CS|TAMS 0x00000000b7a00000, 0x00000000b7a00000| Complete 
| 891|0x00000000b7b00000, 0x00000000b7c00000, 0x00000000b7c00000|100%| E|CS|TAMS 0x00000000b7b00000, 0x00000000b7b00000| Complete 
| 892|0x00000000b7c00000, 0x00000000b7d00000, 0x00000000b7d00000|100%| E|CS|TAMS 0x00000000b7c00000, 0x00000000b7c00000| Complete 
| 893|0x00000000b7d00000, 0x00000000b7e00000, 0x00000000b7e00000|100%| E|CS|TAMS 0x00000000b7d00000, 0x00000000b7d00000| Complete 
| 894|0x00000000b7e00000, 0x00000000b7f00000, 0x00000000b7f00000|100%| E|CS|TAMS 0x00000000b7e00000, 0x00000000b7e00000| Complete 
| 895|0x00000000b7f00000, 0x00000000b8000000, 0x00000000b8000000|100%| E|CS|TAMS 0x00000000b7f00000, 0x00000000b7f00000| Complete 
| 896|0x00000000b8000000, 0x00000000b8100000, 0x00000000b8100000|100%| E|CS|TAMS 0x00000000b8000000, 0x00000000b8000000| Complete 
| 897|0x00000000b8100000, 0x00000000b8200000, 0x00000000b8200000|100%| E|CS|TAMS 0x00000000b8100000, 0x00000000b8100000| Complete 
| 898|0x00000000b8200000, 0x00000000b8300000, 0x00000000b8300000|100%| E|CS|TAMS 0x00000000b8200000, 0x00000000b8200000| Complete 
| 899|0x00000000b8300000, 0x00000000b8400000, 0x00000000b8400000|100%| E|CS|TAMS 0x00000000b8300000, 0x00000000b8300000| Complete 
| 900|0x00000000b8400000, 0x00000000b8500000, 0x00000000b8500000|100%| E|CS|TAMS 0x00000000b8400000, 0x00000000b8400000| Complete 
| 901|0x00000000b8500000, 0x00000000b8600000, 0x00000000b8600000|100%| E|CS|TAMS 0x00000000b8500000, 0x00000000b8500000| Complete 
| 902|0x00000000b8600000, 0x00000000b8700000, 0x00000000b8700000|100%| E|CS|TAMS 0x00000000b8600000, 0x00000000b8600000| Complete 
| 903|0x00000000b8700000, 0x00000000b8800000, 0x00000000b8800000|100%| E|CS|TAMS 0x00000000b8700000, 0x00000000b8700000| Complete 
| 904|0x00000000b8800000, 0x00000000b8900000, 0x00000000b8900000|100%| E|CS|TAMS 0x00000000b8800000, 0x00000000b8800000| Complete 
| 905|0x00000000b8900000, 0x00000000b8a00000, 0x00000000b8a00000|100%| E|CS|TAMS 0x00000000b8900000, 0x00000000b8900000| Complete 
| 906|0x00000000b8a00000, 0x00000000b8b00000, 0x00000000b8b00000|100%| E|CS|TAMS 0x00000000b8a00000, 0x00000000b8a00000| Complete 
| 907|0x00000000b8b00000, 0x00000000b8c00000, 0x00000000b8c00000|100%| E|CS|TAMS 0x00000000b8b00000, 0x00000000b8b00000| Complete 
| 908|0x00000000b8c00000, 0x00000000b8d00000, 0x00000000b8d00000|100%| E|CS|TAMS 0x00000000b8c00000, 0x00000000b8c00000| Complete 
| 909|0x00000000b8d00000, 0x00000000b8e00000, 0x00000000b8e00000|100%| E|CS|TAMS 0x00000000b8d00000, 0x00000000b8d00000| Complete 
| 910|0x00000000b8e00000, 0x00000000b8f00000, 0x00000000b8f00000|100%| E|CS|TAMS 0x00000000b8e00000, 0x00000000b8e00000| Complete 
| 911|0x00000000b8f00000, 0x00000000b9000000, 0x00000000b9000000|100%| E|CS|TAMS 0x00000000b8f00000, 0x00000000b8f00000| Complete 
| 912|0x00000000b9000000, 0x00000000b9100000, 0x00000000b9100000|100%| E|CS|TAMS 0x00000000b9000000, 0x00000000b9000000| Complete 
| 913|0x00000000b9100000, 0x00000000b9200000, 0x00000000b9200000|100%| E|CS|TAMS 0x00000000b9100000, 0x00000000b9100000| Complete 
| 914|0x00000000b9200000, 0x00000000b9300000, 0x00000000b9300000|100%| E|CS|TAMS 0x00000000b9200000, 0x00000000b9200000| Complete 
| 915|0x00000000b9300000, 0x00000000b9400000, 0x00000000b9400000|100%| E|CS|TAMS 0x00000000b9300000, 0x00000000b9300000| Complete 
| 916|0x00000000b9400000, 0x00000000b9500000, 0x00000000b9500000|100%| E|CS|TAMS 0x00000000b9400000, 0x00000000b9400000| Complete 
| 917|0x00000000b9500000, 0x00000000b9600000, 0x00000000b9600000|100%| E|CS|TAMS 0x00000000b9500000, 0x00000000b9500000| Complete 
| 918|0x00000000b9600000, 0x00000000b9700000, 0x00000000b9700000|100%| E|CS|TAMS 0x00000000b9600000, 0x00000000b9600000| Complete 
| 919|0x00000000b9700000, 0x00000000b9784580, 0x00000000b9800000| 51%| S|CS|TAMS 0x00000000b9700000, 0x00000000b9700000| Complete 
| 920|0x00000000b9800000, 0x00000000b9900000, 0x00000000b9900000|100%| E|CS|TAMS 0x00000000b9800000, 0x00000000b9800000| Complete 
| 921|0x00000000b9900000, 0x00000000b9a00000, 0x00000000b9a00000|100%| E|CS|TAMS 0x00000000b9900000, 0x00000000b9900000| Complete 
| 922|0x00000000b9a00000, 0x00000000b9b00000, 0x00000000b9b00000|100%| E|CS|TAMS 0x00000000b9a00000, 0x00000000b9a00000| Complete 
| 923|0x00000000b9b00000, 0x00000000b9c00000, 0x00000000b9c00000|100%| E|CS|TAMS 0x00000000b9b00000, 0x00000000b9b00000| Complete 
| 924|0x00000000b9c00000, 0x00000000b9d00000, 0x00000000b9d00000|100%| E|CS|TAMS 0x00000000b9c00000, 0x00000000b9c00000| Complete 
| 925|0x00000000b9d00000, 0x00000000b9e00000, 0x00000000b9e00000|100%| E|CS|TAMS 0x00000000b9d00000, 0x00000000b9d00000| Complete 
| 926|0x00000000b9e00000, 0x00000000b9f00000, 0x00000000b9f00000|100%| E|CS|TAMS 0x00000000b9e00000, 0x00000000b9e00000| Complete 
| 927|0x00000000b9f00000, 0x00000000ba000000, 0x00000000ba000000|100%| E|CS|TAMS 0x00000000b9f00000, 0x00000000b9f00000| Complete 
| 928|0x00000000ba000000, 0x00000000ba100000, 0x00000000ba100000|100%| E|CS|TAMS 0x00000000ba000000, 0x00000000ba000000| Complete 
| 929|0x00000000ba100000, 0x00000000ba200000, 0x00000000ba200000|100%| E|CS|TAMS 0x00000000ba100000, 0x00000000ba100000| Complete 
| 930|0x00000000ba200000, 0x00000000ba300000, 0x00000000ba300000|100%| E|CS|TAMS 0x00000000ba200000, 0x00000000ba200000| Complete 
| 931|0x00000000ba300000, 0x00000000ba400000, 0x00000000ba400000|100%| E|CS|TAMS 0x00000000ba300000, 0x00000000ba300000| Complete 
| 932|0x00000000ba400000, 0x00000000ba500000, 0x00000000ba500000|100%| E|CS|TAMS 0x00000000ba400000, 0x00000000ba400000| Complete 
| 933|0x00000000ba500000, 0x00000000ba600000, 0x00000000ba600000|100%| E|CS|TAMS 0x00000000ba500000, 0x00000000ba500000| Complete 
| 934|0x00000000ba600000, 0x00000000ba700000, 0x00000000ba700000|100%| E|CS|TAMS 0x00000000ba600000, 0x00000000ba600000| Complete 
| 935|0x00000000ba700000, 0x00000000ba800000, 0x00000000ba800000|100%| E|CS|TAMS 0x00000000ba700000, 0x00000000ba700000| Complete 
| 936|0x00000000ba800000, 0x00000000ba900000, 0x00000000ba900000|100%| E|CS|TAMS 0x00000000ba800000, 0x00000000ba800000| Complete 
| 937|0x00000000ba900000, 0x00000000baa00000, 0x00000000baa00000|100%| E|CS|TAMS 0x00000000ba900000, 0x00000000ba900000| Complete 
| 938|0x00000000baa00000, 0x00000000bab00000, 0x00000000bab00000|100%| E|CS|TAMS 0x00000000baa00000, 0x00000000baa00000| Complete 
| 939|0x00000000bab00000, 0x00000000bac00000, 0x00000000bac00000|100%| E|CS|TAMS 0x00000000bab00000, 0x00000000bab00000| Complete 
| 940|0x00000000bac00000, 0x00000000bad00000, 0x00000000bad00000|100%| E|CS|TAMS 0x00000000bac00000, 0x00000000bac00000| Complete 
| 941|0x00000000bad00000, 0x00000000bae00000, 0x00000000bae00000|100%| E|CS|TAMS 0x00000000bad00000, 0x00000000bad00000| Complete 
| 942|0x00000000bae00000, 0x00000000baf00000, 0x00000000baf00000|100%| E|CS|TAMS 0x00000000bae00000, 0x00000000bae00000| Complete 
| 943|0x00000000baf00000, 0x00000000bb000000, 0x00000000bb000000|100%| E|CS|TAMS 0x00000000baf00000, 0x00000000baf00000| Complete 
| 944|0x00000000bb000000, 0x00000000bb100000, 0x00000000bb100000|100%| E|CS|TAMS 0x00000000bb000000, 0x00000000bb000000| Complete 
| 945|0x00000000bb100000, 0x00000000bb200000, 0x00000000bb200000|100%| E|CS|TAMS 0x00000000bb100000, 0x00000000bb100000| Complete 
| 946|0x00000000bb200000, 0x00000000bb300000, 0x00000000bb300000|100%| E|CS|TAMS 0x00000000bb200000, 0x00000000bb200000| Complete 
| 947|0x00000000bb300000, 0x00000000bb400000, 0x00000000bb400000|100%| E|CS|TAMS 0x00000000bb300000, 0x00000000bb300000| Complete 
| 948|0x00000000bb400000, 0x00000000bb500000, 0x00000000bb500000|100%| E|CS|TAMS 0x00000000bb400000, 0x00000000bb400000| Complete 
| 949|0x00000000bb500000, 0x00000000bb600000, 0x00000000bb600000|100%| E|CS|TAMS 0x00000000bb500000, 0x00000000bb500000| Complete 
| 950|0x00000000bb600000, 0x00000000bb700000, 0x00000000bb700000|100%| E|CS|TAMS 0x00000000bb600000, 0x00000000bb600000| Complete 
| 951|0x00000000bb700000, 0x00000000bb800000, 0x00000000bb800000|100%| E|CS|TAMS 0x00000000bb700000, 0x00000000bb700000| Complete 
| 952|0x00000000bb800000, 0x00000000bb900000, 0x00000000bb900000|100%| E|CS|TAMS 0x00000000bb800000, 0x00000000bb800000| Complete 
| 953|0x00000000bb900000, 0x00000000bba00000, 0x00000000bba00000|100%| E|CS|TAMS 0x00000000bb900000, 0x00000000bb900000| Complete 
| 954|0x00000000bba00000, 0x00000000bbb00000, 0x00000000bbb00000|100%| E|CS|TAMS 0x00000000bba00000, 0x00000000bba00000| Complete 
| 955|0x00000000bbb00000, 0x00000000bbc00000, 0x00000000bbc00000|100%| E|CS|TAMS 0x00000000bbb00000, 0x00000000bbb00000| Complete 
| 956|0x00000000bbc00000, 0x00000000bbd00000, 0x00000000bbd00000|100%| E|CS|TAMS 0x00000000bbc00000, 0x00000000bbc00000| Complete 
| 957|0x00000000bbd00000, 0x00000000bbe00000, 0x00000000bbe00000|100%| E|CS|TAMS 0x00000000bbd00000, 0x00000000bbd00000| Complete 
| 958|0x00000000bbe00000, 0x00000000bbf00000, 0x00000000bbf00000|100%| E|CS|TAMS 0x00000000bbe00000, 0x00000000bbe00000| Complete 
| 959|0x00000000bbf00000, 0x00000000bc000000, 0x00000000bc000000|100%| E|CS|TAMS 0x00000000bbf00000, 0x00000000bbf00000| Complete 
| 960|0x00000000bc000000, 0x00000000bc100000, 0x00000000bc100000|100%| E|CS|TAMS 0x00000000bc000000, 0x00000000bc000000| Complete 
| 961|0x00000000bc100000, 0x00000000bc200000, 0x00000000bc200000|100%| E|CS|TAMS 0x00000000bc100000, 0x00000000bc100000| Complete 
| 962|0x00000000bc200000, 0x00000000bc300000, 0x00000000bc300000|100%| E|CS|TAMS 0x00000000bc200000, 0x00000000bc200000| Complete 
| 963|0x00000000bc300000, 0x00000000bc400000, 0x00000000bc400000|100%| E|CS|TAMS 0x00000000bc300000, 0x00000000bc300000| Complete 
| 964|0x00000000bc400000, 0x00000000bc500000, 0x00000000bc500000|100%| E|CS|TAMS 0x00000000bc400000, 0x00000000bc400000| Complete 
| 965|0x00000000bc500000, 0x00000000bc600000, 0x00000000bc600000|100%| E|CS|TAMS 0x00000000bc500000, 0x00000000bc500000| Complete 
| 966|0x00000000bc600000, 0x00000000bc700000, 0x00000000bc700000|100%| E|CS|TAMS 0x00000000bc600000, 0x00000000bc600000| Complete 

Card table byte_map: [0x0000026137a60000,0x0000026137e60000] _byte_map_base: 0x0000026137660000

Marking Bits (Prev, Next): (CMBitMap*) 0x00000261251e9ae0, (CMBitMap*) 0x00000261251e9b20
 Prev Bits: [0x0000026138260000, 0x000002613a260000)
 Next Bits: [0x000002613a260000, 0x000002613c260000)

Polling page: 0x0000026123170000

Metaspace:

Usage:
  Non-class:    159.44 MB used.
      Class:     23.98 MB used.
       Both:    183.41 MB used.

Virtual space:
  Non-class space:      192.00 MB reserved,     160.12 MB ( 83%) committed,  3 nodes.
      Class space:        1.00 GB reserved,      24.56 MB (  2%) committed,  1 nodes.
             Both:        1.19 GB reserved,     184.69 MB ( 15%) committed. 

Chunk freelists:
   Non-Class:  15.94 MB
       Class:  7.42 MB
        Both:  23.35 MB

MaxMetaspaceSize: unlimited
CompressedClassSpaceSize: 1.00 GB
Initial GC threshold: 21.00 MB
Current GC threshold: 304.94 MB
CDS: off
MetaspaceReclaimPolicy: balanced
 - commit_granule_bytes: 65536.
 - commit_granule_words: 8192.
 - virtual_space_node_default_size: 8388608.
 - enlarge_chunks_in_place: 1.
 - new_chunks_are_fully_committed: 0.
 - uncommit_free_chunks: 1.
 - use_allocation_guard: 0.
 - handle_deallocations: 1.


Internal statistics:

num_allocs_failed_limit: 39.
num_arena_births: 2262.
num_arena_deaths: 44.
num_vsnodes_births: 4.
num_vsnodes_deaths: 0.
num_space_committed: 2953.
num_space_uncommitted: 0.
num_chunks_returned_to_freelist: 98.
num_chunks_taken_from_freelist: 9768.
num_chunk_merges: 56.
num_chunk_splits: 6587.
num_chunks_enlarged: 4383.
num_inconsistent_stats: 0.

CodeHeap 'non-profiled nmethods': size=120000Kb used=18486Kb max_used=18550Kb free=101513Kb
 bounds [0x0000026130130000, 0x00000261313a0000, 0x0000026137660000]
CodeHeap 'profiled nmethods': size=120000Kb used=56884Kb max_used=56884Kb free=63115Kb
 bounds [0x0000026128660000, 0x000002612be60000, 0x000002612fb90000]
CodeHeap 'non-nmethods': size=5760Kb used=1820Kb max_used=1942Kb free=3939Kb
 bounds [0x000002612fb90000, 0x000002612fe00000, 0x0000026130130000]
 total_blobs=27556 nmethods=26625 adapters=842
 compilation: enabled
              stopped_count=0, restarted_count=0
 full_count=0

Compilation events (20 events):
Event: 1076.547 Thread 0x000002613e8f2700 33653       2       org.gradle.internal.execution.history.changes.DefaultFileChange::getChangeType (8 bytes)
Event: 1076.547 Thread 0x000002613e8f2700 nmethod 33653 0x000002612b135890 code [0x000002612b135a20, 0x000002612b135b38]
Event: 1076.549 Thread 0x000002613e8f2700 33654       1       org.gradle.api.internal.file.DefaultFilePropertyFactory$DefaultRegularFileVar::publicType (3 bytes)
Event: 1076.549 Thread 0x000002613e8f2700 nmethod 33654 0x0000026131213f10 code [0x00000261312140a0, 0x0000026131214178]
Event: 1076.549 Thread 0x000002613e8f2700 33655       2       org.gradle.api.internal.provider.AbstractCollectionProperty::set (33 bytes)
Event: 1076.551 Thread 0x000002613e8f2700 nmethod 33655 0x000002612a6f3c10 code [0x000002612a6f3e20, 0x000002612a6f4488]
Event: 1076.552 Thread 0x000002613e8f2700 33656       2       org.gradle.api.internal.file.DefaultFilePropertyFactory$AbstractFileVar::value (14 bytes)
Event: 1076.552 Thread 0x000002613e8f2700 nmethod 33656 0x000002612b135510 code [0x000002612b1356a0, 0x000002612b1357c8]
Event: 1076.621 Thread 0x000002613e8f2700 33657       2       com.android.build.gradle.internal.tasks.DexMergingWorkAction$Params_Decorated::$gradleFactory (13 bytes)
Event: 1076.621 Thread 0x000002613e8f2700 nmethod 33657 0x000002612b13db90 code [0x000002612b13dd40, 0x000002612b13dea8]
Event: 1076.668 Thread 0x000002613e8f2700 33658       1       org.gradle.workers.internal.IsolatedParametersActionExecutionSpec::getDisplayName (5 bytes)
Event: 1076.668 Thread 0x000002613e8f2700 nmethod 33658 0x0000026131213c10 code [0x0000026131213da0, 0x0000026131213e78]
Event: 1076.722 Thread 0x000002613e8f2700 33659       2       org.gradle.api.internal.file.AbstractFileCollection::getAsFileTree (17 bytes)
Event: 1076.723 Thread 0x000002613e8f2700 nmethod 33659 0x000002612b13d510 code [0x000002612b13d6c0, 0x000002612b13d998]
Event: 1076.723 Thread 0x000002613e8f2700 33660       2       org.gradle.api.internal.file.FileCollectionBackedFileTree::<init> (17 bytes)
Event: 1076.723 Thread 0x000002613e8f2700 nmethod 33660 0x000002612b18ea90 code [0x000002612b18ec20, 0x000002612b18ee98]
Event: 1076.755 Thread 0x000002613e8f2700 33662 %     3       com.android.tools.r8.internal.K7::a @ 38 (341 bytes)
Event: 1076.757 Thread 0x000002613e8f2700 nmethod 33662% 0x000002612b53f390 code [0x000002612b53f740, 0x000002612b541788]
Event: 1076.761 Thread 0x000002613e8f2700 33663       3       com.android.tools.r8.internal.K7::a (341 bytes)
Event: 1076.763 Thread 0x000002613e8f2700 nmethod 33663 0x000002612b8c6e90 code [0x000002612b8c72e0, 0x000002612b8c9dc8]

GC Heap History (20 events):
Event: 1064.309 GC heap before
{Heap before GC invocations=69 (full 0):
 garbage-first heap   total 415744K, used 354924K [0x0000000080000000, 0x0000000100000000)
  region size 1024K, 46 young (47104K), 3 survivors (3072K)
 Metaspace       used 180589K, committed 181888K, reserved 1245184K
  class space    used 23705K, committed 24256K, reserved 1048576K
}
Event: 1064.317 GC heap after
{Heap after GC invocations=70 (full 0):
 garbage-first heap   total 415744K, used 313050K [0x0000000080000000, 0x0000000100000000)
  region size 1024K, 5 young (5120K), 5 survivors (5120K)
 Metaspace       used 180589K, committed 181888K, reserved 1245184K
  class space    used 23705K, committed 24256K, reserved 1048576K
}
Event: 1064.602 GC heap before
{Heap before GC invocations=70 (full 0):
 garbage-first heap   total 415744K, used 358106K [0x0000000080000000, 0x0000000100000000)
  region size 1024K, 49 young (50176K), 5 survivors (5120K)
 Metaspace       used 181136K, committed 182464K, reserved 1245184K
  class space    used 23784K, committed 24384K, reserved 1048576K
}
Event: 1064.612 GC heap after
{Heap after GC invocations=71 (full 0):
 garbage-first heap   total 415744K, used 315511K [0x0000000080000000, 0x0000000100000000)
  region size 1024K, 5 young (5120K), 5 survivors (5120K)
 Metaspace       used 181136K, committed 182464K, reserved 1245184K
  class space    used 23784K, committed 24384K, reserved 1048576K
}
Event: 1065.066 GC heap before
{Heap before GC invocations=71 (full 0):
 garbage-first heap   total 415744K, used 359543K [0x0000000080000000, 0x0000000100000000)
  region size 1024K, 48 young (49152K), 5 survivors (5120K)
 Metaspace       used 183220K, committed 184448K, reserved 1245184K
  class space    used 24022K, committed 24576K, reserved 1048576K
}
Event: 1065.078 GC heap after
{Heap after GC invocations=72 (full 0):
 garbage-first heap   total 415744K, used 318413K [0x0000000080000000, 0x0000000100000000)
  region size 1024K, 5 young (5120K), 5 survivors (5120K)
 Metaspace       used 183220K, committed 184448K, reserved 1245184K
  class space    used 24022K, committed 24576K, reserved 1048576K
}
Event: 1065.349 GC heap before
{Heap before GC invocations=72 (full 0):
 garbage-first heap   total 415744K, used 350157K [0x0000000080000000, 0x0000000100000000)
  region size 1024K, 37 young (37888K), 5 survivors (5120K)
 Metaspace       used 183653K, committed 184896K, reserved 1245184K
  class space    used 24058K, committed 24640K, reserved 1048576K
}
Event: 1065.359 GC heap after
{Heap after GC invocations=73 (full 0):
 garbage-first heap   total 415744K, used 319969K [0x0000000080000000, 0x0000000100000000)
  region size 1024K, 4 young (4096K), 4 survivors (4096K)
 Metaspace       used 183653K, committed 184896K, reserved 1245184K
  class space    used 24058K, committed 24640K, reserved 1048576K
}
Event: 1066.059 GC heap before
{Heap before GC invocations=73 (full 0):
 garbage-first heap   total 415744K, used 362977K [0x0000000080000000, 0x0000000100000000)
  region size 1024K, 46 young (47104K), 4 survivors (4096K)
 Metaspace       used 185954K, committed 187264K, reserved 1245184K
  class space    used 24468K, committed 25088K, reserved 1048576K
}
Event: 1066.068 GC heap after
{Heap after GC invocations=74 (full 0):
 garbage-first heap   total 415744K, used 321270K [0x0000000080000000, 0x0000000100000000)
  region size 1024K, 3 young (3072K), 3 survivors (3072K)
 Metaspace       used 185954K, committed 187264K, reserved 1245184K
  class space    used 24468K, committed 25088K, reserved 1048576K
}
Event: 1067.345 GC heap before
{Heap before GC invocations=74 (full 0):
 garbage-first heap   total 546816K, used 333558K [0x0000000080000000, 0x0000000100000000)
  region size 1024K, 33 young (33792K), 3 survivors (3072K)
 Metaspace       used 186010K, committed 187328K, reserved 1245184K
  class space    used 24465K, committed 25088K, reserved 1048576K
}
Event: 1067.396 GC heap after
{Heap after GC invocations=75 (full 0):
 garbage-first heap   total 546816K, used 302434K [0x0000000080000000, 0x0000000100000000)
  region size 1024K, 3 young (3072K), 3 survivors (3072K)
 Metaspace       used 186010K, committed 187328K, reserved 1245184K
  class space    used 24465K, committed 25088K, reserved 1048576K
}
Event: 1070.814 GC heap before
{Heap before GC invocations=76 (full 0):
 garbage-first heap   total 546816K, used 467298K [0x0000000080000000, 0x0000000100000000)
  region size 1024K, 160 young (163840K), 3 survivors (3072K)
 Metaspace       used 186928K, committed 188160K, reserved 1245184K
  class space    used 24532K, committed 25088K, reserved 1048576K
}
Event: 1070.890 GC heap after
{Heap after GC invocations=77 (full 0):
 garbage-first heap   total 546816K, used 314894K [0x0000000080000000, 0x0000000100000000)
  region size 1024K, 13 young (13312K), 13 survivors (13312K)
 Metaspace       used 186928K, committed 188160K, reserved 1245184K
  class space    used 24532K, committed 25088K, reserved 1048576K
}
Event: 1071.052 GC heap before
{Heap before GC invocations=77 (full 0):
 garbage-first heap   total 546816K, used 328206K [0x0000000080000000, 0x0000000100000000)
  region size 1024K, 26 young (26624K), 13 survivors (13312K)
 Metaspace       used 187182K, committed 188480K, reserved 1245184K
  class space    used 24535K, committed 25152K, reserved 1048576K
}
Event: 1071.186 GC heap after
{Heap after GC invocations=78 (full 0):
 garbage-first heap   total 546816K, used 264286K [0x0000000080000000, 0x0000000100000000)
  region size 1024K, 2 young (2048K), 2 survivors (2048K)
 Metaspace       used 187182K, committed 188480K, reserved 1245184K
  class space    used 24535K, committed 25152K, reserved 1048576K
}
Event: 1071.668 GC heap before
{Heap before GC invocations=78 (full 0):
 garbage-first heap   total 546816K, used 288862K [0x0000000080000000, 0x0000000100000000)
  region size 1024K, 26 young (26624K), 2 survivors (2048K)
 Metaspace       used 187437K, committed 188736K, reserved 1245184K
  class space    used 24539K, committed 25152K, reserved 1048576K
}
Event: 1071.946 GC heap after
{Heap after GC invocations=79 (full 0):
 garbage-first heap   total 990208K, used 238066K [0x0000000080000000, 0x0000000100000000)
  region size 1024K, 1 young (1024K), 1 survivors (1024K)
 Metaspace       used 187437K, committed 188736K, reserved 1245184K
  class space    used 24539K, committed 25152K, reserved 1048576K
}
Event: 1073.218 GC heap before
{Heap before GC invocations=79 (full 0):
 garbage-first heap   total 990208K, used 286194K [0x0000000080000000, 0x0000000100000000)
  region size 1024K, 48 young (49152K), 1 survivors (1024K)
 Metaspace       used 187537K, committed 188864K, reserved 1245184K
  class space    used 24539K, committed 25152K, reserved 1048576K
}
Event: 1073.298 GC heap after
{Heap after GC invocations=80 (full 0):
 garbage-first heap   total 990208K, used 237326K [0x0000000080000000, 0x0000000100000000)
  region size 1024K, 1 young (1024K), 1 survivors (1024K)
 Metaspace       used 187537K, committed 188864K, reserved 1245184K
  class space    used 24539K, committed 25152K, reserved 1048576K
}

Dll operation events (3 events):
Event: 0.047 Loaded shared library C:\Program Files\Android\Android Studio\jbr\bin\java.dll
Event: 0.262 Loaded shared library C:\Program Files\Android\Android Studio\jbr\bin\zip.dll
Event: 0.675 Loaded shared library C:\Program Files\Android\Android Studio\jbr\bin\verify.dll

Deoptimization events (20 events):
Event: 1076.080 Thread 0x000002614659a000 DEOPT PACKING pc=0x000002612ae67b9d sp=0x000000eebb9fba70
Event: 1076.080 Thread 0x000002614659a000 DEOPT UNPACKING pc=0x000002612fbe7143 sp=0x000000eebb9fafe0 mode 0
Event: 1076.169 Thread 0x000002614659a000 DEOPT PACKING pc=0x000002612baa220e sp=0x000000eebb9fcbc0
Event: 1076.169 Thread 0x000002614659a000 DEOPT UNPACKING pc=0x000002612fbe7143 sp=0x000000eebb9fc118 mode 0
Event: 1076.172 Thread 0x000002614659a000 DEOPT PACKING pc=0x000002612bac3eb9 sp=0x000000eebb9fc5d0
Event: 1076.172 Thread 0x000002614659a000 DEOPT UNPACKING pc=0x000002612fbe7143 sp=0x000000eebb9fbb90 mode 0
Event: 1076.175 Thread 0x000002614659a000 DEOPT PACKING pc=0x000002612b2bea08 sp=0x000000eebb9fc100
Event: 1076.176 Thread 0x000002614659a000 DEOPT UNPACKING pc=0x000002612fbe7143 sp=0x000000eebb9fb5a8 mode 0
Event: 1076.249 Thread 0x000002614659a000 DEOPT PACKING pc=0x000002612bb50005 sp=0x000000eebb9fc700
Event: 1076.251 Thread 0x000002614659a000 DEOPT UNPACKING pc=0x000002612fbe7143 sp=0x000000eebb9fbff8 mode 0
Event: 1076.307 Thread 0x000002614659a000 DEOPT PACKING pc=0x000002612b2bea08 sp=0x000000eebb9fd250
Event: 1076.307 Thread 0x000002614659a000 DEOPT UNPACKING pc=0x000002612fbe7143 sp=0x000000eebb9fc6f8 mode 0
Event: 1076.308 Thread 0x000002614659a000 DEOPT PACKING pc=0x00000261288e0c25 sp=0x000000eebb9fd140
Event: 1076.308 Thread 0x000002614659a000 DEOPT UNPACKING pc=0x000002612fbe7143 sp=0x000000eebb9fc630 mode 0
Event: 1076.313 Thread 0x000002614659a000 DEOPT PACKING pc=0x000002612b2bea08 sp=0x000000eebb9fd250
Event: 1076.313 Thread 0x000002614659a000 DEOPT UNPACKING pc=0x000002612fbe7143 sp=0x000000eebb9fc6f8 mode 0
Event: 1076.539 Thread 0x000002614e94ae40 Uncommon trap: trap_request=0xffffffd6 fr.pc=0x0000026130a5ac58 relative=0x0000000000000a78
Event: 1076.539 Thread 0x000002614e94ae40 Uncommon trap: reason=array_check action=maybe_recompile pc=0x0000026130a5ac58 method=java.util.ComparableTimSort.reverseRange([Ljava/lang/Object;II)V @ 20 c2
Event: 1076.539 Thread 0x000002614e94ae40 DEOPT PACKING pc=0x0000026130a5ac58 sp=0x000000eeb9ffcc90
Event: 1076.539 Thread 0x000002614e94ae40 DEOPT UNPACKING pc=0x000002612fbe69a3 sp=0x000000eeb9ffcbc8 mode 2

Classes unloaded (20 events):
Event: 1066.795 Thread 0x000002613e773970 Unloading class 0x000000010132e000 'jdk/internal/reflect/GeneratedSerializationConstructorAccessor193'
Event: 1066.795 Thread 0x000002613e773970 Unloading class 0x000000010132e400 'jdk/internal/reflect/GeneratedSerializationConstructorAccessor192'
Event: 1066.796 Thread 0x000002613e773970 Unloading class 0x0000000101108c00 'java/lang/invoke/LambdaForm$DMH+0x0000000101108c00'
Event: 1066.796 Thread 0x000002613e773970 Unloading class 0x0000000101108800 'java/lang/invoke/LambdaForm$DMH+0x0000000101108800'
Event: 1066.796 Thread 0x000002613e773970 Unloading class 0x0000000101108400 'java/lang/invoke/LambdaForm$MH+0x0000000101108400'
Event: 1066.796 Thread 0x000002613e773970 Unloading class 0x0000000101108000 'java/lang/invoke/LambdaForm$MH+0x0000000101108000'
Event: 1066.796 Thread 0x000002613e773970 Unloading class 0x0000000101107c00 'java/lang/invoke/LambdaForm$DMH+0x0000000101107c00'
Event: 1066.796 Thread 0x000002613e773970 Unloading class 0x0000000101107400 'java/lang/invoke/LambdaForm$MH+0x0000000101107400'
Event: 1066.796 Thread 0x000002613e773970 Unloading class 0x0000000101106c00 'java/lang/invoke/LambdaForm$DMH+0x0000000101106c00'
Event: 1066.796 Thread 0x000002613e773970 Unloading class 0x0000000101106800 'java/lang/invoke/LambdaForm$DMH+0x0000000101106800'
Event: 1066.796 Thread 0x000002613e773970 Unloading class 0x0000000101106400 'java/lang/invoke/LambdaForm$DMH+0x0000000101106400'
Event: 1066.797 Thread 0x000002613e773970 Unloading class 0x0000000101105c00 'java/lang/invoke/LambdaForm$DMH+0x0000000101105c00'
Event: 1066.797 Thread 0x000002613e773970 Unloading class 0x0000000101105800 'java/lang/invoke/LambdaForm$DMH+0x0000000101105800'
Event: 1066.797 Thread 0x000002613e773970 Unloading class 0x0000000101105000 'java/lang/invoke/LambdaForm$DMH+0x0000000101105000'
Event: 1066.797 Thread 0x000002613e773970 Unloading class 0x0000000101104c00 'java/lang/invoke/LambdaForm$DMH+0x0000000101104c00'
Event: 1066.797 Thread 0x000002613e773970 Unloading class 0x0000000101104000 'java/lang/invoke/LambdaForm$DMH+0x0000000101104000'
Event: 1066.797 Thread 0x000002613e773970 Unloading class 0x0000000101104800 'java/lang/invoke/LambdaForm$DMH+0x0000000101104800'
Event: 1066.797 Thread 0x000002613e773970 Unloading class 0x00000001010acc00 'java/lang/invoke/LambdaForm$DMH+0x00000001010acc00'
Event: 1066.797 Thread 0x000002613e773970 Unloading class 0x00000001010ac800 'java/lang/invoke/LambdaForm$DMH+0x00000001010ac800'
Event: 1066.797 Thread 0x000002613e773970 Unloading class 0x00000001010ac400 'java/lang/invoke/LambdaForm$DMH+0x00000001010ac400'

Classes redefined (0 events):
No events

Internal exceptions (20 events):
Event: 1076.376 Thread 0x000002614659a000 Exception <a 'sun/nio/fs/WindowsException'{0x00000000aebd1f28}> (0x00000000aebd1f28) 
thrown [s\src\hotspot\share\prims\jni.cpp, line 517]
Event: 1076.378 Thread 0x000002614659a000 Exception <a 'sun/nio/fs/WindowsException'{0x00000000aebd82a8}> (0x00000000aebd82a8) 
thrown [s\src\hotspot\share\prims\jni.cpp, line 517]
Event: 1076.380 Thread 0x000002614659a000 Exception <a 'sun/nio/fs/WindowsException'{0x00000000aebe2350}> (0x00000000aebe2350) 
thrown [s\src\hotspot\share\prims\jni.cpp, line 517]
Event: 1076.382 Thread 0x000002614659a000 Exception <a 'sun/nio/fs/WindowsException'{0x00000000aebec950}> (0x00000000aebec950) 
thrown [s\src\hotspot\share\prims\jni.cpp, line 517]
Event: 1076.597 Thread 0x00000261465a0540 Exception <a 'sun/nio/fs/WindowsException'{0x00000000ad7e0638}> (0x00000000ad7e0638) 
thrown [s\src\hotspot\share\prims\jni.cpp, line 517]
Event: 1076.597 Thread 0x00000261465a0540 Exception <a 'sun/nio/fs/WindowsException'{0x00000000ad7e0990}> (0x00000000ad7e0990) 
thrown [s\src\hotspot\share\prims\jni.cpp, line 517]
Event: 1076.600 Thread 0x00000261465a0540 Exception <a 'sun/nio/fs/WindowsException'{0x00000000ad7f96c0}> (0x00000000ad7f96c0) 
thrown [s\src\hotspot\share\prims\jni.cpp, line 517]
Event: 1076.600 Thread 0x00000261465a0540 Exception <a 'sun/nio/fs/WindowsException'{0x00000000ad7f9a20}> (0x00000000ad7f9a20) 
thrown [s\src\hotspot\share\prims\jni.cpp, line 517]
Event: 1076.602 Thread 0x00000261465a0540 Exception <a 'sun/nio/fs/WindowsException'{0x00000000ad6940a8}> (0x00000000ad6940a8) 
thrown [s\src\hotspot\share\prims\jni.cpp, line 517]
Event: 1076.602 Thread 0x00000261465a0540 Exception <a 'sun/nio/fs/WindowsException'{0x00000000ad694400}> (0x00000000ad694400) 
thrown [s\src\hotspot\share\prims\jni.cpp, line 517]
Event: 1076.608 Thread 0x00000261465a0540 Exception <a 'sun/nio/fs/WindowsException'{0x00000000ad6bf730}> (0x00000000ad6bf730) 
thrown [s\src\hotspot\share\prims\jni.cpp, line 517]
Event: 1076.608 Thread 0x00000261465a0540 Exception <a 'sun/nio/fs/WindowsException'{0x00000000ad6bfa90}> (0x00000000ad6bfa90) 
thrown [s\src\hotspot\share\prims\jni.cpp, line 517]
Event: 1076.612 Thread 0x00000261465a0540 Exception <a 'sun/nio/fs/WindowsException'{0x00000000ad6d9060}> (0x00000000ad6d9060) 
thrown [s\src\hotspot\share\prims\jni.cpp, line 517]
Event: 1076.612 Thread 0x00000261465a0540 Exception <a 'sun/nio/fs/WindowsException'{0x00000000ad6d93c0}> (0x00000000ad6d93c0) 
thrown [s\src\hotspot\share\prims\jni.cpp, line 517]
Event: 1076.620 Thread 0x00000261465a0540 Exception <a 'sun/nio/fs/WindowsException'{0x00000000ad6e2468}> (0x00000000ad6e2468) 
thrown [s\src\hotspot\share\prims\jni.cpp, line 517]
Event: 1076.620 Thread 0x00000261465a0540 Exception <a 'sun/nio/fs/WindowsException'{0x00000000ad6e27c0}> (0x00000000ad6e27c0) 
thrown [s\src\hotspot\share\prims\jni.cpp, line 517]
Event: 1076.639 Thread 0x00000261465a0540 Exception <a 'sun/nio/fs/WindowsException'{0x00000000ad6f7a20}> (0x00000000ad6f7a20) 
thrown [s\src\hotspot\share\prims\jni.cpp, line 517]
Event: 1076.639 Thread 0x00000261465a0540 Exception <a 'sun/nio/fs/WindowsException'{0x00000000ad6f7d78}> (0x00000000ad6f7d78) 
thrown [s\src\hotspot\share\prims\jni.cpp, line 517]
Event: 1076.730 Thread 0x00000261479df840 Exception <a 'sun/nio/fs/WindowsException'{0x00000000ad1be8a8}> (0x00000000ad1be8a8) 
thrown [s\src\hotspot\share\prims\jni.cpp, line 517]
Event: 1076.756 Thread 0x000002614859e5f0 Exception <a 'sun/nio/fs/WindowsException'{0x00000000ad04b4c0}> (0x00000000ad04b4c0) 
thrown [s\src\hotspot\share\prims\jni.cpp, line 517]

VM Operations (20 events):
Event: 1071.667 Executing VM operation: G1CollectForAllocation
Event: 1071.947 Executing VM operation: G1CollectForAllocation done
Event: 1072.947 Executing VM operation: Cleanup
Event: 1073.039 Executing VM operation: Cleanup done
Event: 1073.218 Executing VM operation: G1CollectForAllocation
Event: 1073.307 Executing VM operation: G1CollectForAllocation done
Event: 1074.308 Executing VM operation: Cleanup
Event: 1074.312 Executing VM operation: Cleanup done
Event: 1074.976 Executing VM operation: HandshakeAllThreads
Event: 1075.084 Executing VM operation: HandshakeAllThreads done
Event: 1075.291 Executing VM operation: HandshakeAllThreads
Event: 1075.291 Executing VM operation: HandshakeAllThreads done
Event: 1075.303 Executing VM operation: HandshakeAllThreads
Event: 1075.304 Executing VM operation: HandshakeAllThreads done
Event: 1075.534 Executing VM operation: ICBufferFull
Event: 1075.536 Executing VM operation: ICBufferFull done
Event: 1075.809 Executing VM operation: ICBufferFull
Event: 1075.809 Executing VM operation: ICBufferFull done
Event: 1076.537 Executing VM operation: ICBufferFull
Event: 1076.538 Executing VM operation: ICBufferFull done

Events (20 events):
Event: 1071.621 Thread 0x000002613e8f5130 flushing nmethod 0x000002612b66f410
Event: 1071.621 Thread 0x000002613e8f5130 flushing nmethod 0x000002612b670f90
Event: 1071.621 Thread 0x000002613e8f5130 flushing nmethod 0x000002612b677110
Event: 1071.621 Thread 0x000002613e8f5130 flushing nmethod 0x000002612b686290
Event: 1071.621 Thread 0x000002613e8f5130 flushing nmethod 0x000002612b6f9890
Event: 1071.622 Thread 0x000002613e8f5130 flushing nmethod 0x000002612b77cb10
Event: 1071.622 Thread 0x000002613e8f5130 flushing nmethod 0x000002612b77d310
Event: 1071.622 Thread 0x000002613e8f5130 flushing nmethod 0x000002612b77d910
Event: 1071.622 Thread 0x000002613e8f5130 flushing nmethod 0x000002612b7b2090
Event: 1071.622 Thread 0x000002613e8f5130 flushing nmethod 0x000002612b820710
Event: 1071.622 Thread 0x000002613e8f5130 flushing nmethod 0x000002612b821010
Event: 1071.622 Thread 0x000002613e8f5130 flushing nmethod 0x000002612b823490
Event: 1071.622 Thread 0x000002613e8f5130 flushing nmethod 0x000002612b849690
Event: 1071.622 Thread 0x000002613e8f5130 flushing nmethod 0x000002612b84f310
Event: 1071.622 Thread 0x000002613e8f5130 flushing nmethod 0x000002612b85f490
Event: 1071.623 Thread 0x000002613e8f5130 flushing nmethod 0x000002612b952910
Event: 1075.098 Thread 0x000002613e8f5130 flushing nmethod 0x000002613093a390
Event: 1075.106 Thread 0x000002613e8f5130 flushing nmethod 0x0000026131324290
Event: 1075.225 Thread 0x000002613e8f5130 flushing nmethod 0x000002612b8c6710
Event: 1076.642 Thread 0x00000261479de910 Thread added: 0x00000261479de910


Dynamic libraries:
0x00007ff6202a0000 - 0x00007ff6202aa000 	C:\Program Files\Android\Android Studio\jbr\bin\java.exe
0x00007ffc0e350000 - 0x00007ffc0e548000 	C:\WINDOWS\SYSTEM32\ntdll.dll
0x00007ffc0ddf0000 - 0x00007ffc0deb1000 	C:\WINDOWS\System32\KERNEL32.DLL
0x00007ffc0bde0000 - 0x00007ffc0c0dd000 	C:\WINDOWS\System32\KERNELBASE.dll
0x00007ffc08300000 - 0x00007ffc08394000 	C:\WINDOWS\SYSTEM32\apphelp.dll
0x00007ffc0c160000 - 0x00007ffc0c260000 	C:\WINDOWS\System32\ucrtbase.dll
0x00007ffbfd060000 - 0x00007ffbfd07b000 	C:\Program Files\Android\Android Studio\jbr\bin\VCRUNTIME140.dll
0x00007ffbbbfd0000 - 0x00007ffbbbfe7000 	C:\Program Files\Android\Android Studio\jbr\bin\jli.dll
0x00007ffc0e0c0000 - 0x00007ffc0e25d000 	C:\WINDOWS\System32\USER32.dll
0x00007ffc0c130000 - 0x00007ffc0c152000 	C:\WINDOWS\System32\win32u.dll
0x00007ffbf7770000 - 0x00007ffbf7a0a000 	C:\WINDOWS\WinSxS\amd64_microsoft.windows.common-controls_6595b64144ccf1df_6.0.19041.4355_none_60b8b9eb71f62e16\COMCTL32.dll
0x00007ffc0c830000 - 0x00007ffc0c85b000 	C:\WINDOWS\System32\GDI32.dll
0x00007ffc0e270000 - 0x00007ffc0e30e000 	C:\WINDOWS\System32\msvcrt.dll
0x00007ffc0ba00000 - 0x00007ffc0bb17000 	C:\WINDOWS\System32\gdi32full.dll
0x00007ffc0bc80000 - 0x00007ffc0bd1d000 	C:\WINDOWS\System32\msvcp_win.dll
0x00007ffc0dd60000 - 0x00007ffc0dd8f000 	C:\WINDOWS\System32\IMM32.DLL
0x00007ffc07b20000 - 0x00007ffc07b2c000 	C:\Program Files\Android\Android Studio\jbr\bin\vcruntime140_1.dll
0x00007ffbfcfd0000 - 0x00007ffbfd05d000 	C:\Program Files\Android\Android Studio\jbr\bin\msvcp140.dll
0x00007ffbb4920000 - 0x00007ffbb55a3000 	C:\Program Files\Android\Android Studio\jbr\bin\server\jvm.dll
0x00007ffc0db70000 - 0x00007ffc0dc20000 	C:\WINDOWS\System32\ADVAPI32.dll
0x00007ffc0dcc0000 - 0x00007ffc0dd60000 	C:\WINDOWS\System32\sechost.dll
0x00007ffc0c700000 - 0x00007ffc0c823000 	C:\WINDOWS\System32\RPCRT4.dll
0x00007ffc0bd20000 - 0x00007ffc0bd47000 	C:\WINDOWS\System32\bcrypt.dll
0x00007ffc0af30000 - 0x00007ffc0af7b000 	C:\WINDOWS\SYSTEM32\POWRPROF.dll
0x00007ffbf7fe0000 - 0x00007ffbf7fe9000 	C:\WINDOWS\SYSTEM32\WSOCK32.dll
0x00007ffc04910000 - 0x00007ffc0491a000 	C:\WINDOWS\SYSTEM32\VERSION.dll
0x00007ffbf4990000 - 0x00007ffbf49b7000 	C:\WINDOWS\SYSTEM32\WINMM.dll
0x00007ffc0dc30000 - 0x00007ffc0dc9b000 	C:\WINDOWS\System32\ws2_32.DLL
0x00007ffc0adf0000 - 0x00007ffc0ae02000 	C:\WINDOWS\SYSTEM32\UMPDC.dll
0x00007ffc0a240000 - 0x00007ffc0a252000 	C:\WINDOWS\SYSTEM32\kernel.appcore.dll
0x00007ffbf59a0000 - 0x00007ffbf59aa000 	C:\Program Files\Android\Android Studio\jbr\bin\jimage.dll
0x00007ffc09770000 - 0x00007ffc09954000 	C:\WINDOWS\SYSTEM32\DBGHELP.DLL
0x00007ffc08a20000 - 0x00007ffc08a54000 	C:\WINDOWS\SYSTEM32\dbgcore.DLL
0x00007ffc0bd50000 - 0x00007ffc0bdd2000 	C:\WINDOWS\System32\bcryptPrimitives.dll
0x00007ffbf0850000 - 0x00007ffbf085e000 	C:\Program Files\Android\Android Studio\jbr\bin\instrument.dll
0x00007ffbbcd10000 - 0x00007ffbbcd35000 	C:\Program Files\Android\Android Studio\jbr\bin\java.dll
0x00007ffbd00d0000 - 0x00007ffbd00e8000 	C:\Program Files\Android\Android Studio\jbr\bin\zip.dll
0x00007ffc0d400000 - 0x00007ffc0db6f000 	C:\WINDOWS\System32\SHELL32.dll
0x00007ffc09960000 - 0x00007ffc0a0ff000 	C:\WINDOWS\SYSTEM32\windows.storage.dll
0x00007ffc0cf50000 - 0x00007ffc0d2a3000 	C:\WINDOWS\System32\combase.dll
0x00007ffc0b420000 - 0x00007ffc0b44e000 	C:\WINDOWS\SYSTEM32\Wldp.dll
0x00007ffc0c860000 - 0x00007ffc0c92d000 	C:\WINDOWS\System32\OLEAUT32.dll
0x00007ffc0c650000 - 0x00007ffc0c6fd000 	C:\WINDOWS\System32\SHCORE.dll
0x00007ffc0c4c0000 - 0x00007ffc0c515000 	C:\WINDOWS\System32\shlwapi.dll
0x00007ffc0b930000 - 0x00007ffc0b954000 	C:\WINDOWS\SYSTEM32\profapi.dll
0x00007ffbbac00000 - 0x00007ffbbac19000 	C:\Program Files\Android\Android Studio\jbr\bin\net.dll
0x00007ffbfe670000 - 0x00007ffbfe77d000 	C:\WINDOWS\SYSTEM32\WINHTTP.dll
0x00007ffc0b180000 - 0x00007ffc0b1ea000 	C:\WINDOWS\system32\mswsock.dll
0x00007ffbbabe0000 - 0x00007ffbbabf6000 	C:\Program Files\Android\Android Studio\jbr\bin\nio.dll
0x00007ffbf0d80000 - 0x00007ffbf0d90000 	C:\Program Files\Android\Android Studio\jbr\bin\verify.dll
0x00007ffbfd080000 - 0x00007ffbfd0a7000 	C:\Users\sadra\.gradle\wrapper\dists\gradle-8.7-bin\native\c067742578af261105cb4f569cf0c3c89f3d7b1fecec35dd04571415982c5e48\windows-amd64\native-platform.dll
0x00007ffbdbb30000 - 0x00007ffbdbc74000 	C:\Users\sadra\.gradle\wrapper\dists\gradle-8.7-bin\native\38dada09dfb8b06ba9b0570ebf7e218e3eb74d4ef43ca46872605cf95ebc2f47\windows-amd64\native-platform-file-events.dll
0x00007ffbf1450000 - 0x00007ffbf1459000 	C:\Program Files\Android\Android Studio\jbr\bin\management.dll
0x00007ffbf1350000 - 0x00007ffbf135b000 	C:\Program Files\Android\Android Studio\jbr\bin\management_ext.dll
0x00007ffc0e260000 - 0x00007ffc0e268000 	C:\WINDOWS\System32\PSAPI.DLL
0x00007ffc0b370000 - 0x00007ffc0b388000 	C:\WINDOWS\SYSTEM32\CRYPTSP.dll
0x00007ffc0aa30000 - 0x00007ffc0aa64000 	C:\WINDOWS\system32\rsaenh.dll
0x00007ffc0b8a0000 - 0x00007ffc0b8ce000 	C:\WINDOWS\SYSTEM32\USERENV.dll
0x00007ffc0b390000 - 0x00007ffc0b39c000 	C:\WINDOWS\SYSTEM32\CRYPTBASE.dll
0x00007ffc0ae10000 - 0x00007ffc0ae4b000 	C:\WINDOWS\SYSTEM32\IPHLPAPI.DLL
0x00007ffc0dc20000 - 0x00007ffc0dc28000 	C:\WINDOWS\System32\NSI.dll
0x00007ffbfe900000 - 0x00007ffbfe917000 	C:\WINDOWS\SYSTEM32\dhcpcsvc6.DLL
0x00007ffc015b0000 - 0x00007ffc015cd000 	C:\WINDOWS\SYSTEM32\dhcpcsvc.DLL
0x00007ffc0ae60000 - 0x00007ffc0af2a000 	C:\WINDOWS\SYSTEM32\DNSAPI.dll
0x00007ffbf1500000 - 0x00007ffbf1509000 	C:\Program Files\Android\Android Studio\jbr\bin\extnet.dll
0x00007ffbf2840000 - 0x00007ffbf2847000 	C:\WINDOWS\system32\wshunix.dll
0x00007ffbf6080000 - 0x00007ffbf6097000 	C:\WINDOWS\system32\napinsp.dll
0x00007ffbf31f0000 - 0x00007ffbf320b000 	C:\WINDOWS\system32\pnrpnsp.dll
0x00007ffbe9bc0000 - 0x00007ffbe9bd5000 	C:\WINDOWS\system32\wshbth.dll
0x00007ffc08530000 - 0x00007ffc0854d000 	C:\WINDOWS\system32\NLAapi.dll
0x00007ffbf31d0000 - 0x00007ffbf31e2000 	C:\WINDOWS\System32\winrnr.dll
0x00007ffbfa630000 - 0x00007ffbfa63a000 	C:\Windows\System32\rasadhlp.dll
0x00007ffbfa9b0000 - 0x00007ffbfaa30000 	C:\WINDOWS\System32\fwpuclnt.dll
0x00007ffc05eb0000 - 0x00007ffc05eb7000 	C:\Program Files\Android\Android Studio\jbr\bin\rmi.dll
0x00007ffc0ab50000 - 0x00007ffc0ab83000 	C:\WINDOWS\SYSTEM32\ntmarta.dll

dbghelp: loaded successfully - version: 4.0.5 - missing functions: none
symbol engine: initialized successfully - sym options: 0x614 - pdb path: .;C:\Program Files\Android\Android Studio\jbr\bin;C:\WINDOWS\SYSTEM32;C:\WINDOWS\WinSxS\amd64_microsoft.windows.common-controls_6595b64144ccf1df_6.0.19041.4355_none_60b8b9eb71f62e16;C:\Program Files\Android\Android Studio\jbr\bin\server;C:\Users\sadra\.gradle\wrapper\dists\gradle-8.7-bin\native\c067742578af261105cb4f569cf0c3c89f3d7b1fecec35dd04571415982c5e48\windows-amd64;C:\Users\sadra\.gradle\wrapper\dists\gradle-8.7-bin\native\38dada09dfb8b06ba9b0570ebf7e218e3eb74d4ef43ca46872605cf95ebc2f47\windows-amd64

VM Arguments:
jvm_args: --add-opens=java.base/java.util=ALL-UNNAMED --add-opens=java.base/java.lang=ALL-UNNAMED --add-opens=java.base/java.lang.invoke=ALL-UNNAMED --add-opens=java.prefs/java.util.prefs=ALL-UNNAMED --add-opens=java.base/java.nio.charset=ALL-UNNAMED --add-opens=java.base/java.net=ALL-UNNAMED --add-opens=java.base/java.util.concurrent.atomic=ALL-UNNAMED -Xmx2048m -Dfile.encoding=UTF-8 -Duser.country=US -Duser.language=en -Duser.variant -javaagent:C:\Users\sadra\.gradle\wrapper\dists\gradle-8.7-bin\wrapper\dists\gradle-8.7-bin\bhs2wmbdwecv87pi65oeuq5iu\gradle-8.7\lib\agents\gradle-instrumentation-agent-8.7.jar 
java_command: org.gradle.launcher.daemon.bootstrap.GradleDaemon 8.7
java_class_path (initial): C:\Users\sadra\.gradle\wrapper\dists\gradle-8.7-bin\wrapper\dists\gradle-8.7-bin\bhs2wmbdwecv87pi65oeuq5iu\gradle-8.7\lib\gradle-launcher-8.7.jar
Launcher Type: SUN_STANDARD

[Global flags]
     intx CICompilerCount                          = 3                                         {product} {ergonomic}
     uint ConcGCThreads                            = 1                                         {product} {ergonomic}
     uint G1ConcRefinementThreads                  = 4                                         {product} {ergonomic}
   size_t G1HeapRegionSize                         = 1048576                                   {product} {ergonomic}
    uintx GCDrainStackTargetSize                   = 64                                        {product} {ergonomic}
   size_t InitialHeapSize                          = 132120576                                 {product} {ergonomic}
   size_t MarkStackSize                            = 4194304                                   {product} {ergonomic}
   size_t MaxHeapSize                              = 2147483648                                {product} {command line}
   size_t MaxNewSize                               = 1287651328                                {product} {ergonomic}
   size_t MinHeapDeltaBytes                        = 1048576                                   {product} {ergonomic}
   size_t MinHeapSize                              = 8388608                                   {product} {ergonomic}
    uintx NonNMethodCodeHeapSize                   = 5832780                                {pd product} {ergonomic}
    uintx NonProfiledCodeHeapSize                  = 122912730                              {pd product} {ergonomic}
    uintx ProfiledCodeHeapSize                     = 122912730                              {pd product} {ergonomic}
    uintx ReservedCodeCacheSize                    = 251658240                              {pd product} {ergonomic}
     bool SegmentedCodeCache                       = true                                      {product} {ergonomic}
   size_t SoftMaxHeapSize                          = 2147483648                             {manageable} {ergonomic}
     bool UseCompressedClassPointers               = true                           {product lp64_product} {ergonomic}
     bool UseCompressedOops                        = true                           {product lp64_product} {ergonomic}
     bool UseG1GC                                  = true                                      {product} {ergonomic}
     bool UseLargePagesIndividualAllocation        = false                                  {pd product} {ergonomic}

Logging:
Log output configuration:
 #0: stdout all=warning uptime,level,tags
 #1: stderr all=off uptime,level,tags

Environment Variables:
JAVA_HOME=C:\Program Files\Java\jdk1.8.0_301
PATH=C:\Program Files\Common Files\Oracle\Java\javapath;C:\Program Files (x86)\Common Files\Oracle\Java\javapath;C:\Windows\system32;C:\Windows;C:\Windows\System32\Wbem;C:\Windows\System32\WindowsPowerShell\v1.0\;C:\Windows\System32\OpenSSH\;C:\Program Files (x86)\NVIDIA Corporation\PhysX\Common;C:\WINDOWS\system32;C:\WINDOWS;C:\WINDOWS\System32\Wbem;C:\WINDOWS\System32\WindowsPowerShell\v1.0\;C:\WINDOWS\System32\OpenSSH\;C:\Program Files\Git\cmd;C:\Program Files\dotnet\;C:\Users\sadra\AppData\Local\Microsoft\WindowsApps
USERNAME=Amirreza
OS=Windows_NT
PROCESSOR_IDENTIFIER=Intel64 Family 6 Model 78 Stepping 3, GenuineIntel
TMP=C:\Users\sadra\AppData\Local\Temp
TEMP=C:\Users\sadra\AppData\Local\Temp



Periodic native trim disabled

JNI global refs:
JNI global refs: 28, weak refs: 84

JNI global refs memory usage: 843, weak refs: 1473

OOME stack traces (most recent first):
Classloader memory used:
Loader org.gradle.internal.classloader.VisitableURLClassLoader$InstrumentingVisitableURLClassLoader: 7323K
Loader org.gradle.internal.classloader.VisitableURLClassLoader                         : 5427K
Loader bootstrap                                                                       : 3698K
Loader java.net.URLClassLoader                                                         : 3613K
Loader org.gradle.initialization.MixInLegacyTypesClassLoader                           : 1728K
Loader jdk.internal.loader.ClassLoaders$AppClassLoader                                 : 1272K
Loader jdk.internal.reflect.DelegatingClassLoader                                      : 237K
Loader jdk.internal.loader.ClassLoaders$PlatformClassLoader                            : 132K
Loader org.gradle.internal.classloader.VisitableURLClassLoader                         : 44799B
Loader sun.reflect.misc.MethodUtil                                                     : 373B

Classes loaded by more than one classloader:
Class Program                                                                         : loaded 5 times (x 70B)
Class kotlin.collections.EmptyMap                                                     : loaded 4 times (x 107B)
Class com.google.common.collect.ImmutableSet$CachingAsList                            : loaded 4 times (x 145B)
Class com.google.common.collect.Multiset                                              : loaded 4 times (x 68B)
Class com.google.common.base.CharMatcher$JavaUpperCase                                : loaded 4 times (x 109B)
Class com.google.common.collect.RegularImmutableList                                  : loaded 4 times (x 172B)
Class com.google.common.collect.Iterators$MergingIterator                             : loaded 4 times (x 79B)
Class kotlin.ranges.IntRange$Companion                                                : loaded 4 times (x 69B)
Class kotlin.collections.AbstractList                                                 : loaded 4 times (x 157B)
Class kotlin.collections.AbstractCollection                                           : loaded 4 times (x 115B)
Class kotlin.collections.SetsKt__SetsKt                                               : loaded 4 times (x 69B)
Class kotlin.ranges.IntRange                                                          : loaded 4 times (x 91B)
Class kotlin.collections.ArraysKt__ArraysJVMKt                                        : loaded 4 times (x 69B)
Class com.google.common.base.CharMatcher$IsEither                                     : loaded 4 times (x 109B)
Class com.google.common.base.CharMatcher$AnyOf                                        : loaded 4 times (x 110B)
Class com.google.common.base.Equivalence$Identity                                     : loaded 4 times (x 80B)
Class kotlin.SynchronizedLazyImpl                                                     : loaded 4 times (x 74B)
Class com.google.common.collect.ImmutableAsList                                       : loaded 4 times (x 169B)
Class com.google.common.collect.Platform                                              : loaded 4 times (x 69B)
Class com.google.common.collect.Multimaps                                             : loaded 4 times (x 69B)
Class kotlin.collections.AbstractList$Companion                                       : loaded 4 times (x 69B)
Class kotlin.Pair                                                                     : loaded 4 times (x 70B)
Class kotlin.text.StringsKt___StringsKt                                               : loaded 4 times (x 69B)
Class com.google.common.graph.SuccessorsFunction                                      : loaded 4 times (x 68B)
Class com.google.common.collect.Sets$4                                                : loaded 4 times (x 137B)
Class com.google.common.collect.Sets$3                                                : loaded 4 times (x 137B)
Class com.google.common.collect.Maps$IteratorBasedAbstractMap$1                       : loaded 4 times (x 136B)
Class com.google.common.collect.Sets$2                                                : loaded 4 times (x 137B)
Class com.google.common.collect.Sets$1                                                : loaded 4 times (x 137B)
Class kotlin.collections.CollectionsKt__IterablesKt                                   : loaded 4 times (x 69B)
Class com.google.common.collect.MapDifference                                         : loaded 4 times (x 68B)
Class com.google.common.base.CharMatcher$JavaLetter                                   : loaded 4 times (x 109B)
Class com.google.common.base.CharMatcher$FastMatcher                                  : loaded 4 times (x 109B)
Class [Lcom.google.common.collect.AbstractMapEntry;                                   : loaded 4 times (x 67B)
Class kotlin.LazyKt__LazyKt                                                           : loaded 4 times (x 69B)
Class com.google.common.collect.SingletonImmutableList                                : loaded 4 times (x 167B)
Class kotlin.jvm.KotlinReflectionNotSupportedError                                    : loaded 4 times (x 80B)
Class com.google.common.base.Joiner$2                                                 : loaded 4 times (x 77B)
Class com.google.common.base.Joiner$1                                                 : loaded 4 times (x 78B)
Class kotlin.reflect.KFunction                                                        : loaded 4 times (x 68B)
Class com.google.common.base.CharMatcher$Invisible                                    : loaded 4 times (x 110B)
Class kotlin.internal.ProgressionUtilKt                                               : loaded 4 times (x 69B)
Class com.google.common.collect.ImmutableMapEntry                                     : loaded 4 times (x 83B)
Class kotlin.sequences.Sequence                                                       : loaded 4 times (x 68B)
Class com.google.common.base.CharMatcher$NamedFastMatcher                             : loaded 4 times (x 110B)
Class kotlin.collections.MapsKt___MapsKt                                              : loaded 4 times (x 69B)
Class kotlin.text.CharsKt__CharKt                                                     : loaded 4 times (x 69B)
Class kotlin.collections.ArraysKt                                                     : loaded 4 times (x 69B)
Class kotlin.collections.MapsKt__MapsKt                                               : loaded 4 times (x 69B)
Class kotlin.sequences.SequencesKt___SequencesJvmKt                                   : loaded 4 times (x 69B)
Class com.google.common.collect.ImmutableSet                                          : loaded 4 times (x 143B)
Class com.google.common.collect.ImmutableBiMap                                        : loaded 4 times (x 141B)
Class com.google.common.base.Supplier                                                 : loaded 4 times (x 68B)
Class com.google.common.collect.SortedMapDifference                                   : loaded 4 times (x 68B)
Class com.google.common.collect.ImmutableMap$MapViewOfValuesAsSingletonSets           : loaded 4 times (x 123B)
Class com.google.common.base.CharMatcher$ForPredicate                                 : loaded 4 times (x 110B)
Class com.google.common.collect.ImmutableSet$Builder                                  : loaded 4 times (x 83B)
Class com.google.common.collect.Sets                                                  : loaded 4 times (x 69B)
Class com.google.common.collect.ImmutableList$Builder                                 : loaded 4 times (x 75B)
Class com.google.common.base.CharMatcher$Negated                                      : loaded 4 times (x 111B)
Class com.google.common.collect.ImmutableEnumSet                                      : loaded 4 times (x 144B)
Class com.google.common.collect.AbstractMapEntry                                      : loaded 4 times (x 79B)
Class com.google.common.collect.ListMultimap                                          : loaded 4 times (x 68B)
Class com.google.common.base.NullnessCasts                                            : loaded 4 times (x 69B)
Class com.google.common.collect.AbstractIterator                                      : loaded 4 times (x 80B)
Class com.google.common.base.CharMatcher$JavaDigit                                    : loaded 4 times (x 109B)
Class com.google.common.math.IntMath                                                  : loaded 4 times (x 69B)
Class kotlin.collections.MapsKt                                                       : loaded 4 times (x 69B)
Class com.google.common.base.CharMatcher$NegatedFastMatcher                           : loaded 4 times (x 111B)
Class com.google.common.base.CharMatcher$Digit                                        : loaded 4 times (x 110B)
Class kotlin.collections.EmptySet                                                     : loaded 4 times (x 120B)
Class kotlin.collections.MapsKt__MapWithDefaultKt                                     : loaded 4 times (x 69B)
Class com.google.common.collect.AbstractMultimap                                      : loaded 4 times (x 121B)
Class kotlin.LazyKt__LazyJVMKt                                                        : loaded 4 times (x 69B)
Class kotlin.text.StringsKt__IndentKt                                                 : loaded 4 times (x 69B)
Class com.google.common.base.Suppliers                                                : loaded 4 times (x 69B)
Class com.google.common.base.Suppliers$MemoizingSupplier                              : loaded 4 times (x 77B)
Class kotlin.text.CharsKt__CharJVMKt                                                  : loaded 4 times (x 69B)
Class kotlin.enums.EnumEntries                                                        : loaded 4 times (x 68B)
Class kotlin.text.StringsKt__RegexExtensionsJVMKt                                     : loaded 4 times (x 69B)
Class kotlin.TuplesKt                                                                 : loaded 4 times (x 69B)
Class kotlin.ranges.IntProgression$Companion                                          : loaded 4 times (x 69B)
Class com.google.common.collect.SingletonImmutableBiMap                               : loaded 4 times (x 141B)
Class kotlin.text.StringsKt__StringNumberConversionsJVMKt                             : loaded 4 times (x 69B)
Class kotlin.collections.ArraysKt___ArraysKt                                          : loaded 4 times (x 69B)
Class com.google.common.collect.ImmutableCollection$Builder                           : loaded 4 times (x 74B)
Class com.google.common.collect.Maps$EntryTransformer                                 : loaded 4 times (x 68B)
Class kotlin.collections.MapsKt__MapsJVMKt                                            : loaded 4 times (x 69B)
Class com.google.common.base.CharMatcher$JavaLowerCase                                : loaded 4 times (x 109B)
Class com.google.common.collect.Iterables                                             : loaded 4 times (x 69B)
Class kotlin.text.StringsKt__StringsKt                                                : loaded 4 times (x 69B)
Class com.google.common.base.CharMatcher$Or                                           : loaded 4 times (x 110B)
Class com.google.common.collect.ImmutableMap$1                                        : loaded 4 times (x 79B)
Class com.google.common.base.CharMatcher$JavaIsoControl                               : loaded 4 times (x 110B)
Class kotlin.ranges.RangesKt                                                          : loaded 4 times (x 69B)
Class com.google.common.collect.ImmutableSet$SetBuilderImpl                           : loaded 4 times (x 74B)
Class com.google.common.collect.Maps$BiMapConverter                                   : loaded 4 times (x 88B)
Class com.google.common.collect.Lists$StringAsImmutableList                           : loaded 4 times (x 167B)
Class kotlin.collections.CollectionsKt__IteratorsKt                                   : loaded 4 times (x 69B)
Class kotlin.enums.EnumEntriesKt                                                      : loaded 4 times (x 69B)
Class com.google.common.collect.ImmutableEntry                                        : loaded 4 times (x 80B)
Class kotlin.NotImplementedError                                                      : loaded 4 times (x 80B)
Class kotlin.ranges.RangesKt__RangesKt                                                : loaded 4 times (x 69B)
Class kotlin.collections.CollectionsKt___CollectionsJvmKt                             : loaded 4 times (x 69B)
Class com.google.common.collect.ImmutableList$SubList                                 : loaded 4 times (x 168B)
Class kotlin.collections.ArraysKt___ArraysJvmKt                                       : loaded 4 times (x 69B)
Class kotlin.collections.CollectionsKt                                                : loaded 4 times (x 69B)
Class com.google.common.base.CharMatcher$RangesMatcher                                : loaded 4 times (x 110B)
Class kotlin.Unit                                                                     : loaded 4 times (x 69B)
Class com.google.common.collect.ArrayListMultimapGwtSerializationDependencies         : loaded 4 times (x 170B)
Class com.google.common.collect.AbstractMapBasedMultimap                              : loaded 4 times (x 137B)
Class com.google.common.collect.AbstractListMultimap                                  : loaded 4 times (x 170B)
Class com.google.common.base.CharMatcher$Any                                          : loaded 4 times (x 110B)
Class com.google.common.collect.IndexedImmutableSet$1                                 : loaded 4 times (x 172B)
Class com.google.common.collect.IndexedImmutableSet                                   : loaded 4 times (x 148B)
Class kotlin.text.StringsKt__AppendableKt                                             : loaded 4 times (x 69B)
Class com.google.common.base.CharMatcher$And                                          : loaded 4 times (x 110B)
Class com.google.common.base.CharMatcher$Ascii                                        : loaded 4 times (x 110B)
Class com.google.common.base.CharMatcher$1                                            : loaded 4 times (x 111B)
Class com.google.common.collect.Iterators                                             : loaded 4 times (x 69B)
Class kotlin.Function                                                                 : loaded 4 times (x 68B)
Class kotlin.collections.MapWithDefault                                               : loaded 4 times (x 68B)
Class kotlin.jvm.internal.FunctionBase                                                : loaded 4 times (x 68B)
Class kotlin.collections.SetsKt                                                       : loaded 4 times (x 69B)
Class com.google.common.collect.ImmutableMap$Builder                                  : loaded 4 times (x 80B)
Class kotlin.jvm.internal.CallableReference$NoReceiver                                : loaded 4 times (x 69B)
Class com.google.common.collect.SingletonImmutableSet                                 : loaded 4 times (x 144B)
Class com.google.common.base.CharMatcher                                              : loaded 4 times (x 109B)
Class kotlin.UNINITIALIZED_VALUE                                                      : loaded 4 times (x 69B)
Class com.google.common.collect.Maps$EntrySet                                         : loaded 4 times (x 134B)
Class kotlin.collections.CollectionsKt___CollectionsKt                                : loaded 4 times (x 69B)
Class kotlin.ranges.RangesKt___RangesKt                                               : loaded 4 times (x 69B)
Class com.google.common.base.CharMatcher$IsNot                                        : loaded 4 times (x 109B)
Class kotlin.text.CharsKt                                                             : loaded 4 times (x 69B)
Class kotlin.reflect.KAnnotatedElement                                                : loaded 4 times (x 68B)
Class com.google.common.collect.ImmutableBiMapFauxverideShim                          : loaded 4 times (x 118B)
Class com.google.common.collect.Maps$IteratorBasedAbstractMap                         : loaded 4 times (x 123B)
Class com.google.common.collect.ImmutableMapEntrySet                                  : loaded 4 times (x 149B)
Class kotlin.KotlinNullPointerException                                               : loaded 4 times (x 81B)
Class kotlin.ranges.ClosedRange                                                       : loaded 4 times (x 68B)
Class com.google.common.collect.ImmutableMapEntry$NonTerminalImmutableMapEntry        : loaded 4 times (x 83B)
Class com.google.common.collect.PeekingIterator                                       : loaded 4 times (x 68B)
Class com.google.common.base.Suppliers$NonSerializableMemoizingSupplier               : loaded 4 times (x 77B)
Class com.google.common.collect.RegularImmutableAsList                                : loaded 4 times (x 176B)
Class com.google.common.base.CharMatcher$Is                                           : loaded 4 times (x 109B)
Class com.google.common.collect.SetMultimap                                           : loaded 4 times (x 68B)
Class kotlin.jvm.functions.Function1                                                  : loaded 4 times (x 68B)
Class kotlin.jvm.functions.Function0                                                  : loaded 4 times (x 68B)
Class kotlin.enums.EnumEntriesList                                                    : loaded 4 times (x 183B)
Class kotlin.collections.MapsKt___MapsJvmKt                                           : loaded 4 times (x 69B)
Class com.google.common.collect.TransformedIterator                                   : loaded 4 times (x 78B)
Class kotlin.collections.SetsKt__SetsJVMKt                                            : loaded 4 times (x 69B)
Class com.google.common.collect.Iterators$ArrayItr                                    : loaded 4 times (x 95B)
Class kotlin.sequences.SequencesKt___SequencesKt                                      : loaded 4 times (x 69B)
Class kotlin.collections.CollectionsKt__CollectionsJVMKt                              : loaded 4 times (x 69B)
Class kotlin.annotation.Retention                                                     : loaded 4 times (x 68B)
Class com.google.common.collect.AbstractSetMultimap                                   : loaded 4 times (x 172B)
Class com.google.common.collect.Sets$ImprovedAbstractSet                              : loaded 4 times (x 133B)
Class kotlin.text.StringsKt__StringBuilderKt                                          : loaded 4 times (x 69B)
Class [Lcom.google.common.collect.ImmutableEntry;                                     : loaded 4 times (x 67B)
Class kotlin.NoWhenBranchMatchedException                                             : loaded 4 times (x 80B)
Class com.google.common.collect.ImmutableSet$RegularSetBuilderImpl                    : loaded 4 times (x 75B)
Class com.google.common.collect.ImmutableSet$JdkBackedSetBuilderImpl                  : loaded 4 times (x 74B)
Class kotlin.LazyKt                                                                   : loaded 4 times (x 69B)
Class kotlin.sequences.SequencesKt__SequencesJVMKt                                    : loaded 4 times (x 69B)
Class com.google.common.base.CharMatcher$BitSetMatcher                                : loaded 4 times (x 110B)
Class kotlin.sequences.SequencesKt__SequencesKt                                       : loaded 4 times (x 69B)
Class kotlin.annotation.Target                                                        : loaded 4 times (x 68B)
Class com.google.common.collect.ImmutableMap$IteratorBasedImmutableMap                : loaded 4 times (x 123B)
Class kotlin.collections.CollectionsKt__IteratorsJVMKt                                : loaded 4 times (x 69B)
Class kotlin.Metadata                                                                 : loaded 4 times (x 68B)
Class [Lcom.google.common.collect.ImmutableMapEntry;                                  : loaded 4 times (x 67B)
Class kotlin.ranges.IntProgression                                                    : loaded 4 times (x 79B)
Class com.google.common.collect.ImmutableMapEntrySet$RegularEntrySet                  : loaded 4 times (x 149B)
Class com.google.common.collect.ImmutableList$1                                       : loaded 4 times (x 95B)
Class com.google.common.collect.UnmodifiableListIterator                              : loaded 4 times (x 93B)
Class com.google.common.base.CharMatcher$None                                         : loaded 4 times (x 110B)
Class com.google.common.collect.ImmutableMap                                          : loaded 4 times (x 118B)
Class com.google.common.collect.AbstractIndexedListIterator                           : loaded 4 times (x 94B)
Class com.google.common.collect.RegularImmutableMap                                   : loaded 4 times (x 119B)
Class com.google.common.collect.Maps                                                  : loaded 4 times (x 69B)
Class kotlin.jvm.internal.CallableReference                                           : loaded 4 times (x 104B)
Class kotlin.collections.EmptyIterator                                                : loaded 4 times (x 87B)
Class kotlin.sequences.SequencesKt                                                    : loaded 4 times (x 69B)
Class com.google.common.base.Converter                                                : loaded 4 times (x 88B)
Class com.google.common.collect.CollectPreconditions                                  : loaded 4 times (x 69B)
Class com.google.common.collect.RegularImmutableMap$KeySet                            : loaded 4 times (x 148B)
Class com.google.common.collect.Iterators$9                                           : loaded 4 times (x 79B)
Class com.google.common.base.Function                                                 : loaded 4 times (x 68B)
Class com.google.common.base.Preconditions                                            : loaded 4 times (x 69B)
Class com.google.common.base.Equivalence$Equals                                       : loaded 4 times (x 80B)
Class com.google.common.collect.ImmutableSet$EmptySetBuilderImpl                      : loaded 4 times (x 74B)
Class kotlin.Lazy                                                                     : loaded 4 times (x 68B)
Class com.google.common.base.Joiner                                                   : loaded 4 times (x 77B)
Class com.google.common.collect.Iterators$6                                           : loaded 4 times (x 79B)
Class kotlin.ranges.OpenEndRange                                                      : loaded 4 times (x 68B)
Class com.google.common.collect.Iterators$5                                           : loaded 4 times (x 80B)
Class com.google.common.collect.Iterators$4                                           : loaded 4 times (x 80B)
Class com.google.common.collect.RegularImmutableMap$BucketOverflowException           : loaded 4 times (x 80B)
Class kotlin.collections.CollectionsKt__CollectionsKt                                 : loaded 4 times (x 69B)
Class com.google.common.collect.Iterators$1                                           : loaded 4 times (x 79B)
Class kotlin.text.StringsKt___StringsJvmKt                                            : loaded 4 times (x 69B)
Class com.google.common.base.CharMatcher$Whitespace                                   : loaded 4 times (x 110B)
Class kotlin.jvm.internal.Intrinsics                                                  : loaded 4 times (x 69B)
Class com.google.common.collect.ImmutableList                                         : loaded 4 times (x 166B)
Class com.google.common.base.Equivalence                                              : loaded 4 times (x 80B)
Class com.google.common.collect.Iterators$10                                          : loaded 4 times (x 79B)
Class kotlin.jvm.internal.FunctionReference                                           : loaded 4 times (x 120B)
Class com.google.common.collect.ObjectArrays                                          : loaded 4 times (x 69B)
Class kotlin.collections.EmptyList                                                    : loaded 4 times (x 134B)
Class kotlin.collections.CollectionsKt__MutableCollectionsJVMKt                       : loaded 4 times (x 69B)
Class com.google.common.collect.ImmutableList$ReverseImmutableList                    : loaded 4 times (x 168B)
Class com.google.common.collect.ImmutableEnumMap                                      : loaded 4 times (x 123B)
Class kotlin.collections.ArraysKt__ArraysKt                                           : loaded 4 times (x 69B)
Class com.google.common.base.Ascii                                                    : loaded 4 times (x 69B)
Class com.google.common.collect.RegularImmutableMap$Values                            : loaded 4 times (x 167B)
Class kotlin.jvm.internal.markers.KMappedMarker                                       : loaded 4 times (x 68B)
Class com.google.common.base.PairwiseEquivalence                                      : loaded 4 times (x 81B)
Class com.google.common.collect.ImmutableCollection                                   : loaded 4 times (x 123B)
Class com.google.common.base.CharMatcher$JavaLetterOrDigit                            : loaded 4 times (x 109B)
Class kotlin.text.StringsKt__StringNumberConversionsKt                                : loaded 4 times (x 69B)
Class kotlin.sequences.SequencesKt__SequenceBuilderKt                                 : loaded 4 times (x 69B)
Class com.google.common.collect.RegularImmutableBiMap                                 : loaded 4 times (x 146B)
Class com.google.common.base.FunctionalEquivalence                                    : loaded 4 times (x 81B)
Class com.google.common.collect.Multimap                                              : loaded 4 times (x 68B)
Class kotlin.collections.CollectionsKt__ReversedViewsKt                               : loaded 4 times (x 69B)
Class com.google.common.collect.Hashing                                               : loaded 4 times (x 69B)
Class com.google.common.base.CharMatcher$SingleWidth                                  : loaded 4 times (x 110B)
Class kotlin.collections.CollectionsKt__MutableCollectionsKt                          : loaded 4 times (x 69B)
Class com.google.common.collect.UnmodifiableIterator                                  : loaded 4 times (x 78B)
Class kotlin.text.StringsKt__StringsJVMKt                                             : loaded 4 times (x 69B)
Class kotlin.reflect.KDeclarationContainer                                            : loaded 4 times (x 68B)
Class com.google.common.collect.ArrayListMultimap                                     : loaded 4 times (x 170B)
Class com.google.common.base.Predicate                                                : loaded 4 times (x 68B)
Class kotlin.collections.SetsKt___SetsKt                                              : loaded 4 times (x 69B)
Class kotlin.text.StringsKt__StringBuilderJVMKt                                       : loaded 4 times (x 69B)
Class kotlin.text.StringsKt__RegexExtensionsKt                                        : loaded 4 times (x 69B)
Class kotlin.text.StringsKt                                                           : loaded 4 times (x 69B)
Class com.google.common.math.MathPreconditions                                        : loaded 4 times (x 69B)
Class com.google.common.math.IntMath$1                                                : loaded 4 times (x 69B)
Class com.google.common.collect.BiMap                                                 : loaded 4 times (x 68B)
Class com.google.common.collect.Lists                                                 : loaded 4 times (x 69B)
Class com.google.common.collect.Sets$SetView                                          : loaded 4 times (x 136B)
Class com.google.common.base.CharMatcher$InRange                                      : loaded 4 times (x 109B)
Class com.google.common.collect.RegularImmutableSet                                   : loaded 4 times (x 146B)
Class com.google.common.collect.Sets$3$1                                              : loaded 4 times (x 80B)
Class kotlin.jvm.internal.Lambda                                                      : loaded 4 times (x 73B)
Class com.google.common.collect.Maps$8                                                : loaded 4 times (x 80B)
Class com.google.common.collect.SortedSetMultimap                                     : loaded 4 times (x 68B)
Class kotlin.UninitializedPropertyAccessException                                     : loaded 4 times (x 80B)
Class kotlin.reflect.KCallable                                                        : loaded 4 times (x 68B)
Class kotlin.reflect.jvm.internal.KProperty1Impl$delegateSource$1                     : loaded 3 times (x 77B)
Class com.google.common.collect.MultimapBuilder$MultimapBuilderWithKeys$6             : loaded 3 times (x 74B)
Class [Lcom.google.common.cache.LocalCache$Strength;                                  : loaded 3 times (x 67B)
Class kotlin.reflect.jvm.internal.CachesKt$CACHE_FOR_NULLABLE_BASE_CLASSIFIERS$1      : loaded 3 times (x 76B)
Class com.google.common.collect.MultimapBuilder$MultimapBuilderWithKeys$5             : loaded 3 times (x 76B)
Class kotlin.collections.builders.MapBuilder$Companion                                : loaded 3 times (x 69B)
Class com.google.common.collect.NullsLastOrdering                                     : loaded 3 times (x 113B)
Class com.google.common.collect.MultimapBuilder$MultimapBuilderWithKeys$4             : loaded 3 times (x 74B)
Class com.google.common.collect.MultimapBuilder$MultimapBuilderWithKeys$3             : loaded 3 times (x 74B)
Class com.google.common.collect.MultimapBuilder$MultimapBuilderWithKeys$2             : loaded 3 times (x 74B)
Class com.google.common.collect.ExplicitOrdering                                      : loaded 3 times (x 113B)
Class kotlin.reflect.jvm.internal.KDeclarationContainerImpl$Companion                 : loaded 3 times (x 69B)
Class com.google.common.collect.MultimapBuilder$MultimapBuilderWithKeys$1             : loaded 3 times (x 74B)
Class kotlin.comparisons.ComparisonsKt__ComparisonsKt                                 : loaded 3 times (x 69B)
Class kotlin.reflect.jvm.internal.CachesKt$K_CLASS_CACHE$1                            : loaded 3 times (x 76B)
Class kotlin.jvm.functions.Function22                                                 : loaded 3 times (x 68B)
Class kotlin.jvm.functions.Function21                                                 : loaded 3 times (x 68B)
Class com.google.common.collect.UsingToStringOrdering                                 : loaded 3 times (x 112B)
Class com.google.common.collect.Maps$9                                                : loaded 3 times (x 74B)
Class kotlin.jvm.functions.Function20                                                 : loaded 3 times (x 68B)
Class kotlin.jvm.internal.PropertyReference                                           : loaded 3 times (x 113B)
Class [Lcom.google.common.cache.CacheBuilder$NullListener;                            : loaded 3 times (x 67B)
Class com.google.common.cache.LocalCache                                              : loaded 3 times (x 185B)
Class kotlin.DeprecationLevel                                                         : loaded 3 times (x 77B)
Class com.google.common.collect.AbstractIterator$1                                    : loaded 3 times (x 69B)
Class com.google.common.util.concurrent.ExecutionError                                : loaded 3 times (x 80B)
Class kotlin.reflect.jvm.internal.impl.builtins.PrimitiveType$Companion               : loaded 3 times (x 69B)
Class kotlin.jvm.internal.markers.KMutableListIterator                                : loaded 3 times (x 68B)
Class kotlin.coroutines.intrinsics.IntrinsicsKt                                       : loaded 3 times (x 69B)
Class kotlin.reflect.jvm.internal.KClassImpl$Data$allMembers$2                        : loaded 3 times (x 77B)
Class [Lkotlin.annotation.AnnotationRetention;                                        : loaded 3 times (x 67B)
Class kotlin.jvm.functions.Function19                                                 : loaded 3 times (x 68B)
Class kotlin.jvm.functions.Function18                                                 : loaded 3 times (x 68B)
Class kotlin.jvm.functions.Function17                                                 : loaded 3 times (x 68B)
Class kotlin.Result$Failure                                                           : loaded 3 times (x 70B)
Class kotlin.jvm.functions.Function16                                                 : loaded 3 times (x 68B)
Class com.google.common.collect.Maps$KeySet                                           : loaded 3 times (x 135B)
Class kotlin.jvm.functions.Function15                                                 : loaded 3 times (x 68B)
Class com.google.common.collect.ImmutableMultimap$EntryCollection                     : loaded 3 times (x 125B)
Class kotlin.Result$Companion                                                         : loaded 3 times (x 69B)
Class com.google.common.collect.AbstractMapBasedMultimap$WrappedCollection$WrappedIterator: loaded 3 times (x 82B)
Class kotlin.collections.AbstractMutableList                                          : loaded 3 times (x 166B)
Class kotlin.jvm.functions.Function14                                                 : loaded 3 times (x 68B)
Class kotlin.jvm.internal.markers.KMutableIterator                                    : loaded 3 times (x 68B)
Class kotlin.reflect.jvm.internal.ComputableClassValue                                : loaded 3 times (x 78B)
Class kotlin.jvm.functions.Function13                                                 : loaded 3 times (x 68B)
Class kotlin.jvm.functions.Function12                                                 : loaded 3 times (x 68B)
Class com.google.common.collect.AbstractMapBasedMultimap$WrappedCollection            : loaded 3 times (x 122B)
Class kotlin.collections.builders.ListBuilderKt                                       : loaded 3 times (x 69B)
Class kotlin.coroutines.intrinsics.CoroutineSingletons                                : loaded 3 times (x 77B)
Class kotlin.jvm.functions.Function11                                                 : loaded 3 times (x 68B)
Class com.google.common.collect.SortedIterables                                       : loaded 3 times (x 69B)
Class kotlin.reflect.jvm.internal.impl.name.ClassId                                   : loaded 3 times (x 70B)
Class kotlin.jvm.functions.Function10                                                 : loaded 3 times (x 68B)
Class kotlin.jvm.internal.markers.KMutableIterable                                    : loaded 3 times (x 68B)
Class [Ldagger.hilt.processor.internal.optionvalues.GradleProjectType;                : loaded 3 times (x 67B)
Class kotlin.reflect.jvm.internal.KClassImpl$Data$allStaticMembers$2                  : loaded 3 times (x 77B)
Class kotlin.LazyThreadSafetyMode                                                     : loaded 3 times (x 77B)
Class com.google.common.collect.Maps$12                                               : loaded 3 times (x 80B)
Class com.google.common.collect.Maps$13                                               : loaded 3 times (x 83B)
Class com.google.common.collect.ImmutableMultimap$2                                   : loaded 3 times (x 79B)
Class com.google.common.collect.ImmutableMultimap$1                                   : loaded 3 times (x 80B)
Class com.google.common.cache.CacheBuilder$NullListener                               : loaded 3 times (x 80B)
Class kotlin.reflect.jvm.internal.KDeclarationContainerImpl                           : loaded 3 times (x 82B)
Class com.google.common.collect.ImmutableMultiset                                     : loaded 3 times (x 161B)
Class kotlin.reflect.jvm.internal.impl.builtins.StandardNames                         : loaded 3 times (x 69B)
Class [Lkotlin.reflect.jvm.internal.impl.resolve.jvm.JvmPrimitiveType;                : loaded 3 times (x 67B)
Class com.google.common.collect.LinkedHashMultimap$ValueSetLink                       : loaded 3 times (x 68B)
Class kotlin.coroutines.jvm.internal.SuspendFunction                                  : loaded 3 times (x 68B)
Class kotlin.reflect.jvm.internal.KPropertyImpl$Companion                             : loaded 3 times (x 69B)
Class [Lkotlin.reflect.jvm.internal.impl.builtins.PrimitiveType;                      : loaded 3 times (x 67B)
Class kotlin.coroutines.jvm.internal.CoroutineStackFrame                              : loaded 3 times (x 68B)
Class com.google.common.collect.Maps$EntryFunction                                    : loaded 3 times (x 89B)
Class kotlin.reflect.jvm.internal.impl.builtins.PrimitiveType$typeFqName$2            : loaded 3 times (x 77B)
Class kotlin.reflect.jvm.internal.KClassImpl$Data$declaredStaticMembers$2             : loaded 3 times (x 77B)
Class kotlin.reflect.jvm.internal.impl.builtins.StandardNames$FqNames                 : loaded 3 times (x 69B)
Class com.google.common.collect.ImmutableMultimap                                     : loaded 3 times (x 145B)
Class com.google.common.cache.CacheLoader$SupplierToCacheLoader                       : loaded 3 times (x 73B)
Class kotlin.collections.IndexingIterable                                             : loaded 3 times (x 77B)
Class [Lkotlin.reflect.KProperty;                                                     : loaded 3 times (x 67B)
Class kotlin.collections.IndexingIterator                                             : loaded 3 times (x 77B)
Class com.google.common.cache.Weigher                                                 : loaded 3 times (x 68B)
Class kotlin.reflect.jvm.internal.KTypeParameterOwnerImpl                             : loaded 3 times (x 68B)
Class com.google.common.collect.MultimapBuilder$SortedSetMultimapBuilder              : loaded 3 times (x 75B)
Class kotlin.collections.builders.MapBuilder                                          : loaded 3 times (x 110B)
Class kotlin.jvm.internal.MutablePropertyReference                                    : loaded 3 times (x 117B)
Class com.google.common.cache.RemovalListener                                         : loaded 3 times (x 68B)
Class kotlin.coroutines.jvm.internal.DebugProbesKt                                    : loaded 3 times (x 69B)
Class com.google.common.util.concurrent.UncheckedExecutionException                   : loaded 3 times (x 80B)
Class com.google.common.cache.LocalCache$EntryFactory                                 : loaded 3 times (x 81B)
Class kotlin.reflect.jvm.internal.ReflectionFactoryImpl                               : loaded 3 times (x 89B)
Class Build_gradle                                                                    : loaded 3 times (x 128B)
Class com.google.common.collect.ImmutableMultimap$Keys                                : loaded 3 times (x 164B)
Class com.google.common.base.Objects                                                  : loaded 3 times (x 69B)
Class kotlin.reflect.jvm.internal.KCallableImpl$_parameters$1                         : loaded 3 times (x 77B)
Class kotlin.reflect.jvm.internal.KPropertyImpl$_javaField$1                          : loaded 3 times (x 77B)
Class kotlin.reflect.jvm.internal.KCallableImpl$_returnType$1                         : loaded 3 times (x 77B)
Class com.google.common.collect.FluentIterable$1                                      : loaded 3 times (x 79B)
Class kotlin.reflect.jvm.internal.RuntimeTypeMapper                                   : loaded 3 times (x 69B)
Class com.google.common.cache.LocalCache$LocalLoadingCache                            : loaded 3 times (x 132B)
Class kotlin.coroutines.jvm.internal.BaseContinuationImpl                             : loaded 3 times (x 85B)
Class kotlin.reflect.jvm.internal.KClassImpl$Data$supertypes$2                        : loaded 3 times (x 77B)
Class kotlin.reflect.KMutableProperty2                                                : loaded 3 times (x 68B)
Class com.google.common.cache.CacheStats                                              : loaded 3 times (x 69B)
Class kotlin.reflect.KMutableProperty1                                                : loaded 3 times (x 68B)
Class kotlin.reflect.KMutableProperty0                                                : loaded 3 times (x 68B)
Class kotlin.collections.ArraysUtilJVM                                                : loaded 3 times (x 69B)
Class kotlin.reflect.jvm.internal.KCallableImpl                                       : loaded 3 times (x 103B)
Class com.google.common.base.MoreObjects                                              : loaded 3 times (x 69B)
Class com.google.common.collect.ImmutableListMultimap$Builder                         : loaded 3 times (x 81B)
Class com.google.common.collect.ImmutableMapKeySet                                    : loaded 3 times (x 148B)
Class com.google.common.collect.FluentIterable$2                                      : loaded 3 times (x 79B)
Class com.google.common.collect.Sets$FilteredSet                                      : loaded 3 times (x 135B)
Class com.google.common.collect.Collections2$FilteredCollection                       : loaded 3 times (x 117B)
Class kotlin.text.Regex                                                               : loaded 3 times (x 70B)
Class kotlin.annotation.AnnotationTarget                                              : loaded 3 times (x 77B)
Class com.google.common.collect.FluentIterable$3                                      : loaded 3 times (x 79B)
Class kotlin.reflect.jvm.internal.impl.builtins.jvm.JavaToKotlinClassMap$PlatformMutabilityMapping: loaded 3 times (x 70B)
Class com.google.common.collect.MultimapBuilder$ListMultimapBuilder                   : loaded 3 times (x 73B)
Class com.google.common.collect.Maps$ViewCachingAbstractMap                           : loaded 3 times (x 123B)
Class kotlin.reflect.KProperty$Accessor                                               : loaded 3 times (x 68B)
Class kotlin.SafePublicationLazyImpl                                                  : loaded 3 times (x 74B)
Class kotlin.collections.IndexedValue                                                 : loaded 3 times (x 70B)
Class com.google.common.collect.LinkedHashMultimap$ValueEntry                         : loaded 3 times (x 87B)
Class com.google.common.cache.CacheLoader$1                                           : loaded 3 times (x 73B)
Class [Lkotlin.reflect.KAnnotatedElement;                                             : loaded 3 times (x 67B)
Class com.google.common.cache.LocalCache$LocalManualCache                             : loaded 3 times (x 97B)
Class kotlin.reflect.jvm.internal.ReflectProperties                                   : loaded 3 times (x 69B)
Class kotlin.jvm.internal.CollectionToArray                                           : loaded 3 times (x 69B)
Class com.google.common.collect.ImmutableMultimap$Values                              : loaded 3 times (x 124B)
Class [Lcom.google.common.base.CaseFormat;                                            : loaded 3 times (x 67B)
Class kotlin.reflect.jvm.internal.impl.name.Name                                      : loaded 3 times (x 73B)
Class kotlin.reflect.jvm.internal.EmptyContainerForLocal                              : loaded 3 times (x 82B)
Class com.google.common.cache.CacheLoader$InvalidCacheLoadException                   : loaded 3 times (x 80B)
Class com.google.common.collect.ReverseNaturalOrdering                                : loaded 3 times (x 112B)
Class com.google.common.base.Present                                                  : loaded 3 times (x 79B)
Class kotlin.SafePublicationLazyImpl$Companion                                        : loaded 3 times (x 69B)
Class com.google.common.cache.LoadingCache                                            : loaded 3 times (x 68B)
Class kotlin.reflect.jvm.internal.KClassImpl$Data$declaredMembers$2                   : loaded 3 times (x 77B)
Class kotlin.reflect.KClass                                                           : loaded 3 times (x 68B)
Class kotlin.reflect.jvm.internal.KClassifierImpl                                     : loaded 3 times (x 68B)
Class kotlin.reflect.jvm.internal.impl.name.FqNamesUtilKt                             : loaded 3 times (x 69B)
Class kotlin.reflect.jvm.internal.KDeclarationContainerImpl$Data$moduleData$2         : loaded 3 times (x 77B)
Class com.google.common.collect.CollectSpliterators$1WithCharacteristics              : loaded 3 times (x 88B)
Class com.google.common.base.CommonPattern                                            : loaded 3 times (x 72B)
Class com.google.common.cache.CacheBuilder$OneWeigher                                 : loaded 3 times (x 80B)
Class com.google.common.cache.LocalCache$LoadingValueReference                        : loaded 3 times (x 94B)
Class kotlin.coroutines.Continuation                                                  : loaded 3 times (x 68B)
Class com.google.common.cache.LocalCache$EntryFactory$8                               : loaded 3 times (x 81B)
Class kotlin.reflect.jvm.internal.KPropertyImpl$_descriptor$1                         : loaded 3 times (x 77B)
Class kotlin.ResultKt                                                                 : loaded 3 times (x 69B)
Class com.google.common.collect.Iterables$5                                           : loaded 3 times (x 79B)
Class kotlin.reflect.KProperty2                                                       : loaded 3 times (x 68B)
Class kotlin.reflect.KProperty1                                                       : loaded 3 times (x 68B)
Class kotlin.reflect.KProperty0                                                       : loaded 3 times (x 68B)
Class kotlin.coroutines.intrinsics.IntrinsicsKt__IntrinsicsKt                         : loaded 3 times (x 69B)
Class kotlin.jvm.internal.markers.KMutableMap                                         : loaded 3 times (x 68B)
Class com.google.common.collect.FluentIterable                                        : loaded 3 times (x 79B)
Class kotlin.coroutines.intrinsics.IntrinsicsKt__IntrinsicsJvmKt                      : loaded 3 times (x 69B)
Class com.google.common.collect.ImmutableBiMap$Builder                                : loaded 3 times (x 80B)
Class com.google.common.collect.NullsFirstOrdering                                    : loaded 3 times (x 113B)
Class kotlin.reflect.jvm.internal.CachesKt$K_PACKAGE_CACHE$1                          : loaded 3 times (x 76B)
Class com.google.common.collect.LinkedHashMultimapGwtSerializationDependencies        : loaded 3 times (x 172B)
Class kotlin.text.Regex$Companion                                                     : loaded 3 times (x 69B)
Class com.google.common.base.Suppliers$SupplierOfInstance                             : loaded 3 times (x 77B)
Class kotlin.comparisons.ComparisonsKt___ComparisonsKt                                : loaded 3 times (x 69B)
Class com.google.common.collect.ImmutableSortedAsList                                 : loaded 3 times (x 180B)
Class kotlin.reflect.KClassifier                                                      : loaded 3 times (x 68B)
Class kotlin.reflect.jvm.internal.KotlinReflectionInternalError                       : loaded 3 times (x 80B)
Class kotlin.reflect.KMutableProperty                                                 : loaded 3 times (x 68B)
Class com.google.common.collect.MultimapBuilder$4                                     : loaded 3 times (x 82B)
Class kotlin.reflect.jvm.internal.KClassImpl$Data$inheritedStaticMembers$2            : loaded 3 times (x 77B)
Class com.google.common.collect.MultimapBuilder$3                                     : loaded 3 times (x 82B)
Class com.google.common.collect.MultimapBuilder$2                                     : loaded 3 times (x 81B)
Class com.google.common.collect.MultimapBuilder$1                                     : loaded 3 times (x 81B)
Class com.google.common.base.Predicates                                               : loaded 3 times (x 69B)
Class com.google.common.collect.AbstractIterator$State                                : loaded 3 times (x 77B)
Class com.google.common.cache.LocalCache$EntryFactory$7                               : loaded 3 times (x 81B)
Class com.google.common.base.CaseFormat$5                                             : loaded 3 times (x 81B)
Class com.google.common.collect.NaturalOrdering                                       : loaded 3 times (x 113B)
Class kotlin.reflect.jvm.internal.impl.builtins.CompanionObjectMapping                : loaded 3 times (x 69B)
Class com.google.common.base.CaseFormat$4                                             : loaded 3 times (x 81B)
Class com.google.common.base.Ticker$1                                                 : loaded 3 times (x 70B)
Class com.google.common.base.CaseFormat$3                                             : loaded 3 times (x 81B)
Class com.google.common.base.JdkPattern                                               : loaded 3 times (x 73B)
Class kotlin.reflect.jvm.internal.impl.resolve.jvm.JvmPrimitiveType                   : loaded 3 times (x 77B)
Class com.google.common.collect.ByFunctionOrdering                                    : loaded 3 times (x 113B)
Class com.google.common.base.CaseFormat$2                                             : loaded 3 times (x 81B)
Class com.google.common.collect.ReverseOrdering                                       : loaded 3 times (x 113B)
Class com.google.common.base.Optional                                                 : loaded 3 times (x 78B)
Class com.google.common.base.CaseFormat$1                                             : loaded 3 times (x 81B)
Class com.google.common.base.Splitter$1                                               : loaded 3 times (x 75B)
Class com.google.common.collect.CollectSpliterators                                   : loaded 3 times (x 69B)
Class com.google.common.cache.LocalCache$ValueReference                               : loaded 3 times (x 68B)
Class kotlin.jvm.internal.PropertyReference0                                          : loaded 3 times (x 125B)
Class com.google.common.collect.ImmutableSortedSet$Builder                            : loaded 3 times (x 84B)
Class kotlin.reflect.jvm.internal.impl.name.FqNameUnsafe                              : loaded 3 times (x 70B)
Class kotlin.reflect.jvm.internal.KClassImpl$Data$simpleName$2                        : loaded 3 times (x 77B)
Class kotlin.jvm.internal.PropertyReference1                                          : loaded 3 times (x 125B)
Class kotlin.sequences.SequenceScope                                                  : loaded 3 times (x 71B)
Class com.google.common.cache.LocalCache$1                                            : loaded 3 times (x 87B)
Class com.google.common.collect.SortedIterable                                        : loaded 3 times (x 68B)
Class kotlin.reflect.KProperty$Getter                                                 : loaded 3 times (x 68B)
Class com.google.common.collect.AbstractMapBasedMultimap$KeySet                       : loaded 3 times (x 135B)
Class com.google.common.cache.LocalCache$2                                            : loaded 3 times (x 140B)
Class kotlin.reflect.jvm.internal.CachesKt$CACHE_FOR_BASE_CLASSIFIERS$1               : loaded 3 times (x 76B)
Class kotlin.reflect.jvm.internal.ReflectProperties$Val                               : loaded 3 times (x 72B)
Class com.google.common.cache.LocalCache$Strength                                     : loaded 3 times (x 79B)
Class [Lcom.google.common.collect.LinkedHashMultimap$ValueEntry;                      : loaded 3 times (x 67B)
Class com.google.common.cache.LocalCache$EntryFactory$6                               : loaded 3 times (x 81B)
Class kotlin.jvm.internal.PropertyReference2                                          : loaded 3 times (x 125B)
Class kotlin.reflect.full.IllegalCallableAccessException                              : loaded 3 times (x 80B)
Class [Lkotlin.annotation.AnnotationTarget;                                           : loaded 3 times (x 67B)
Class com.google.common.base.ExtraObjectsMethodsForWeb                                : loaded 3 times (x 69B)
Class [Lkotlin.reflect.jvm.internal.impl.name.ClassId;                                : loaded 3 times (x 67B)
Class kotlin.coroutines.jvm.internal.RestrictedContinuationImpl                       : loaded 3 times (x 85B)
Class kotlin.reflect.jvm.internal.CacheByClassKt                                      : loaded 3 times (x 69B)
Class kotlin.collections.builders.ListBuilder                                         : loaded 3 times (x 167B)
Class kotlin.reflect.jvm.internal.impl.builtins.PrimitiveType                         : loaded 3 times (x 77B)
Class com.google.common.cache.LocalCache$ComputingValueReference                      : loaded 3 times (x 94B)
Class [Lcom.google.common.cache.CacheBuilder$OneWeigher;                              : loaded 3 times (x 67B)
Class com.google.common.collect.AbstractMapBasedMultimap$KeySet$1                     : loaded 3 times (x 80B)
Class kotlin.streams.jdk8.StreamsKt                                                   : loaded 3 times (x 69B)
Class com.google.common.base.Equivalence$Wrapper                                      : loaded 3 times (x 70B)
Class com.google.common.base.AbstractIterator                                         : loaded 3 times (x 78B)
Class com.google.common.cache.LocalCache$EntryFactory$5                               : loaded 3 times (x 81B)
Class kotlin.reflect.jvm.internal.KCallableImpl$_annotations$1                        : loaded 3 times (x 77B)
Class kotlin.collections.CollectionsKt___CollectionsKt$withIndex$1                    : loaded 3 times (x 77B)
Class com.google.common.primitives.Ints$IntConverter                                  : loaded 3 times (x 88B)
Class com.google.common.collect.ForwardingObject                                      : loaded 3 times (x 70B)
Class [Lkotlin.reflect.KCallable;                                                     : loaded 3 times (x 67B)
Class com.google.common.collect.CompoundOrdering                                      : loaded 3 times (x 113B)
Class com.google.common.collect.Multimaps$CustomListMultimap                          : loaded 3 times (x 172B)
Class com.google.common.collect.MultimapBuilder$SetMultimapBuilder                    : loaded 3 times (x 73B)
Class kotlin.reflect.jvm.internal.KClassImpl$Data                                     : loaded 3 times (x 70B)
Class com.google.common.cache.CacheBuilder                                            : loaded 3 times (x 70B)
Class kotlin.sequences.SequencesKt__SequenceBuilderKt$sequence$$inlined$Sequence$1    : loaded 3 times (x 73B)
Class com.google.common.cache.Cache                                                   : loaded 3 times (x 68B)
Class kotlin.sequences.SequenceBuilderIterator                                        : loaded 3 times (x 83B)
Class [Lcom.google.common.collect.Maps$EntryFunction;                                 : loaded 3 times (x 67B)
Class com.google.common.base.CaseFormat$StringConverter                               : loaded 3 times (x 88B)
Class com.google.common.collect.RegularImmutableSortedSet                             : loaded 3 times (x 233B)
Class kotlin.jvm.internal.SpreadBuilder                                               : loaded 3 times (x 74B)
Class com.google.common.cache.CacheLoader                                             : loaded 3 times (x 72B)
Class kotlin.reflect.jvm.internal.KClassImpl$Data$annotations$2                       : loaded 3 times (x 77B)
Class kotlin.jvm.internal.markers.KMutableCollection                                  : loaded 3 times (x 68B)
Class com.google.common.collect.LinkedHashMultimap                                    : loaded 3 times (x 173B)
Class kotlin.reflect.jvm.internal.KClassImpl$Data$descriptor$2                        : loaded 3 times (x 77B)
Class com.google.common.collect.AbstractMapBasedMultimap$WrappedSet                   : loaded 3 times (x 140B)
Class kotlin.reflect.jvm.internal.CacheByClass                                        : loaded 3 times (x 71B)
Class [Lkotlin.coroutines.intrinsics.CoroutineSingletons;                             : loaded 3 times (x 67B)
Class kotlin.reflect.jvm.internal.KCallableImpl$_typeParameters$1                     : loaded 3 times (x 77B)
Class com.google.common.collect.Sets$1$1                                              : loaded 3 times (x 80B)
Class kotlin._Assertions                                                              : loaded 3 times (x 69B)
Class com.google.common.collect.ImmutableSetMultimap                                  : loaded 3 times (x 178B)
Class kotlin.reflect.jvm.internal.CachesKt                                            : loaded 3 times (x 69B)
Class com.google.common.base.Ticker                                                   : loaded 3 times (x 70B)
Class kotlin.jvm.internal.markers.KMutableList                                        : loaded 3 times (x 68B)
Class com.google.common.cache.LocalCache$EntryFactory$4                               : loaded 3 times (x 81B)
Class com.google.common.collect.Maps$AbstractFilteredMap                              : loaded 3 times (x 125B)
Class kotlin.jvm.functions.Function9                                                  : loaded 3 times (x 68B)
Class kotlin.jvm.functions.Function8                                                  : loaded 3 times (x 68B)
Class com.google.common.cache.LocalCache$EntryFactory$3                               : loaded 3 times (x 81B)
Class kotlin.jvm.functions.Function7                                                  : loaded 3 times (x 68B)
Class kotlin.jvm.functions.Function6                                                  : loaded 3 times (x 68B)
Class kotlin.jvm.functions.Function5                                                  : loaded 3 times (x 68B)
Class kotlin.reflect.jvm.internal.KClassImpl$Data$declaredNonStaticMembers$2          : loaded 3 times (x 77B)
Class kotlin.jvm.functions.Function4                                                  : loaded 3 times (x 68B)
Class [Lcom.google.common.collect.AbstractIterator$State;                             : loaded 3 times (x 67B)
Class kotlin.jvm.functions.Function3                                                  : loaded 3 times (x 68B)
Class [Lcom.google.common.cache.LocalCache$EntryFactory;                              : loaded 3 times (x 67B)
Class kotlin.jvm.functions.Function2                                                  : loaded 3 times (x 68B)
Class com.google.common.base.Splitter                                                 : loaded 3 times (x 70B)
Class com.google.common.base.CaseFormat                                               : loaded 3 times (x 81B)
Class kotlin.reflect.jvm.internal.KClassImpl$data$1                                   : loaded 3 times (x 77B)
Class kotlin.jvm.JvmClassMappingKt                                                    : loaded 3 times (x 69B)
Class Build_gradle$1                                                                  : loaded 3 times (x 72B)
Class kotlin.reflect.jvm.internal.impl.builtins.jvm.JavaToKotlinClassMap              : loaded 3 times (x 69B)
Class [Lcom.google.common.cache.Weigher;                                              : loaded 3 times (x 67B)
Class kotlin.reflect.jvm.internal.KClassImpl$Data$allNonStaticMembers$2               : loaded 3 times (x 77B)
Class com.google.common.collect.ImmutableListMultimap                                 : loaded 3 times (x 174B)
Class com.google.common.cache.LocalCache$LocalManualCache$1                           : loaded 3 times (x 73B)
Class kotlin.reflect.jvm.internal.ClassValueCache                                     : loaded 3 times (x 72B)
Class kotlin.reflect.KTypeParameter                                                   : loaded 3 times (x 68B)
Class com.google.common.collect.ImmutableMultisetGwtSerializationDependencies         : loaded 3 times (x 123B)
Class kotlin.annotation.AnnotationRetention                                           : loaded 3 times (x 77B)
Class com.google.common.base.Splitter$SplittingIterator                               : loaded 3 times (x 82B)
Class kotlin.reflect.jvm.internal.KPropertyImpl                                       : loaded 3 times (x 113B)
Class [Lkotlin.LazyThreadSafetyMode;                                                  : loaded 3 times (x 67B)
Class kotlin.reflect.jvm.internal.impl.utils.CollectionsKt                            : loaded 3 times (x 69B)
Class com.google.common.cache.LocalCache$EntryFactory$2                               : loaded 3 times (x 81B)
Class kotlin.annotation.MustBeDocumented                                              : loaded 3 times (x 68B)
Class com.google.common.collect.MultimapBuilder$ArrayListSupplier                     : loaded 3 times (x 75B)
Class com.google.common.cache.LocalCache$Segment                                      : loaded 3 times (x 152B)
Class kotlin.reflect.jvm.internal.KClassImpl$Data$objectInstance$2                    : loaded 3 times (x 77B)
Class kotlin.Result                                                                   : loaded 3 times (x 70B)
Class kotlin.reflect.jvm.internal.ReflectProperties$LazySoftVal                       : loaded 3 times (x 76B)
Class kotlin.reflect.jvm.internal.KDeclarationContainerImpl$Data                      : loaded 3 times (x 70B)
Class [Lkotlin.DeprecationLevel;                                                      : loaded 3 times (x 67B)
Class com.google.common.collect.MultimapBuilder$MultimapBuilderWithKeys               : loaded 3 times (x 80B)
Class kotlin.reflect.jvm.internal.impl.name.StandardClassIds                          : loaded 3 times (x 69B)
Class com.google.common.cache.AbstractCache$StatsCounter                              : loaded 3 times (x 68B)
Class com.google.common.collect.Maps$EntryFunction$1                                  : loaded 3 times (x 89B)
Class kotlin.reflect.jvm.internal.KCallableImpl$_absentArguments$1                    : loaded 3 times (x 77B)
Class dagger.hilt.processor.internal.optionvalues.GradleProjectType                   : loaded 3 times (x 77B)
Class com.google.common.collect.Maps$EntryFunction$2                                  : loaded 3 times (x 89B)
Class kotlin.collections.builders.ListBuilder$Itr                                     : loaded 3 times (x 92B)
Class kotlin.reflect.jvm.internal.KClassImpl$Data$qualifiedName$2                     : loaded 3 times (x 77B)
Class kotlin.jvm.internal.MutablePropertyReference2                                   : loaded 3 times (x 135B)
Class kotlin.jvm.internal.MutablePropertyReference1                                   : loaded 3 times (x 135B)
Class kotlin.jvm.internal.MutablePropertyReference0                                   : loaded 3 times (x 135B)
Class kotlin.reflect.jvm.internal.impl.descriptors.runtime.structure.ReflectClassUtilKt: loaded 3 times (x 69B)
Class com.google.common.base.Splitter$1$1                                             : loaded 3 times (x 84B)
Class kotlin.reflect.KProperty                                                        : loaded 3 times (x 68B)
Class com.google.common.collect.ImmutableSortedSet                                    : loaded 3 times (x 233B)
Class kotlin.reflect.jvm.internal.KClassImpl$Data$inheritedNonStaticMembers$2         : loaded 3 times (x 77B)
Class [Lcom.google.common.cache.LocalCache$Segment;                                   : loaded 3 times (x 67B)
Class com.google.common.collect.Ordering                                              : loaded 3 times (x 112B)
Class kotlin.reflect.jvm.internal.KClassImpl$Data$typeParameters$2                    : loaded 3 times (x 77B)
Class com.google.common.cache.LocalCache$Strength$1                                   : loaded 3 times (x 79B)
Class kotlin.jvm.internal.ClassBasedDeclarationContainer                              : loaded 3 times (x 68B)
Class kotlin.reflect.jvm.internal.ReflectProperties$Val$1                             : loaded 3 times (x 69B)
Class com.google.common.cache.LocalCache$Strength$2                                   : loaded 3 times (x 79B)
Class com.google.common.collect.EmptyImmutableListMultimap                            : loaded 3 times (x 174B)
Class com.google.common.cache.LocalCache$Strength$3                                   : loaded 3 times (x 79B)
Class kotlin.reflect.jvm.internal.KProperty1Impl                                      : loaded 3 times (x 126B)
Class kotlin.LazyKt__LazyJVMKt$WhenMappings                                           : loaded 3 times (x 69B)
Class [Lkotlin.reflect.KDeclarationContainer;                                         : loaded 3 times (x 67B)
Class kotlin.reflect.jvm.internal.KClassImpl$Data$nestedClasses$2                     : loaded 3 times (x 77B)
Class com.google.common.primitives.Ints                                               : loaded 3 times (x 69B)
Class kotlin.reflect.jvm.internal.KClassImpl                                          : loaded 3 times (x 113B)
Class com.google.common.base.Predicates$CompositionPredicate                          : loaded 3 times (x 86B)
Class [Lkotlin.reflect.jvm.internal.impl.name.FqName;                                 : loaded 3 times (x 67B)
Class [Lcom.google.common.cache.RemovalListener;                                      : loaded 3 times (x 67B)
Class kotlin.reflect.jvm.internal.KClassImpl$Data$constructors$2                      : loaded 3 times (x 77B)
Class com.google.common.cache.CacheBuilder$2                                          : loaded 3 times (x 77B)
Class com.google.common.base.Absent                                                   : loaded 3 times (x 78B)
Class com.google.common.base.Splitter$Strategy                                        : loaded 3 times (x 68B)
Class com.google.common.cache.CacheBuilder$1                                          : loaded 3 times (x 83B)
Class [Lkotlin.reflect.jvm.internal.impl.builtins.jvm.JavaToKotlinClassMap$PlatformMutabilityMapping;: loaded 3 times (x 67B)
Class com.google.common.cache.LocalCache$EntryFactory$1                               : loaded 3 times (x 81B)
Class com.google.common.collect.LinkedHashMultimap$ValueSet                           : loaded 3 times (x 140B)
Class kotlin.coroutines.EmptyCoroutineContext                                         : loaded 3 times (x 75B)
Class kotlin.reflect.jvm.internal.impl.builtins.PrimitiveType$arrayTypeFqName$2       : loaded 3 times (x 77B)
Class com.google.common.cache.CacheLoader$FunctionToCacheLoader                       : loaded 3 times (x 73B)
Class kotlin.reflect.jvm.internal.impl.name.StandardClassIdsKt                        : loaded 3 times (x 69B)
Class kotlin.jvm.internal.DefaultConstructorMarker                                    : loaded 3 times (x 69B)
Class com.google.common.collect.MultimapBuilder                                       : loaded 3 times (x 71B)
Class kotlin.reflect.KType                                                            : loaded 3 times (x 68B)
Class kotlin.coroutines.jvm.internal.RestrictedSuspendLambda                          : loaded 3 times (x 89B)
Class kotlin.reflect.jvm.internal.CachesKt$CACHE_FOR_GENERIC_CLASSIFIERS$1            : loaded 3 times (x 76B)
Class com.google.common.collect.ImmutableMultimap$Builder                             : loaded 3 times (x 81B)
Class kotlin.comparisons.ComparisonsKt___ComparisonsJvmKt                             : loaded 3 times (x 69B)
Class kotlin.reflect.jvm.internal.KClassImpl$Data$sealedSubclasses$2                  : loaded 3 times (x 77B)
Class kotlin.reflect.jvm.internal.impl.name.FqNameUnsafe$1                            : loaded 3 times (x 72B)
Class kotlin.jvm.internal.PropertyReference1Impl                                      : loaded 3 times (x 125B)
Class com.google.common.cache.CacheLoader$UnsupportedLoadingOperationException        : loaded 3 times (x 80B)
Class com.google.common.primitives.IntsMethodsForWeb                                  : loaded 3 times (x 69B)
Class com.google.common.collect.LexicographicalOrdering                               : loaded 3 times (x 113B)
Class [Lcom.google.common.base.Function;                                              : loaded 3 times (x 67B)
Class kotlin.reflect.jvm.internal.impl.name.FqName                                    : loaded 3 times (x 70B)
Class com.google.common.cache.ReferenceEntry                                          : loaded 3 times (x 68B)
Class kotlin.jvm.internal.ReflectionFactory                                           : loaded 3 times (x 89B)
Class com.google.common.collect.Maps$TransformedEntriesMap                            : loaded 3 times (x 125B)
Class kotlin.reflect.jvm.internal.KProperty1Impl$_getter$1                            : loaded 3 times (x 77B)
Class com.google.common.collect.ComparatorOrdering                                    : loaded 3 times (x 113B)
Class kotlin.reflect.jvm.internal.impl.name.SpecialNames                              : loaded 3 times (x 69B)
Class com.google.common.collect.AllEqualOrdering                                      : loaded 3 times (x 112B)
Class [Lcom.google.common.collect.LinkedHashMultimap$ValueSetLink;                    : loaded 3 times (x 67B)
Class kotlin.jvm.internal.Reflection                                                  : loaded 3 times (x 69B)
Class [Lkotlin.reflect.KClass;                                                        : loaded 3 times (x 67B)
Class kotlin.coroutines.CoroutineContext                                              : loaded 3 times (x 68B)
Class [Lkotlin.reflect.KClassifier;                                                   : loaded 3 times (x 67B)
Class kotlin.reflect.full.IllegalPropertyDelegateAccessException                      : loaded 3 times (x 80B)
Class com.google.common.collect.ImmutableSortedSetFauxverideShim                      : loaded 3 times (x 145B)
Class kotlin.comparisons.ComparisonsKt                                                : loaded 3 times (x 69B)
Class com.google.common.collect.BaseImmutableMultimap                                 : loaded 3 times (x 121B)
Class kotlin.collections.builders.ListBuilder$Companion                               : loaded 3 times (x 69B)
Class dagger.internal.codegen.base.AutoValue_MapType                                  : loaded 2 times (x 78B)
Class dagger.internal.codegen.processingstep.MonitoringModuleGenerator                : loaded 2 times (x 75B)
Class dagger.internal.codegen.validation.DiagnosticMessageGenerator$Factory           : loaded 2 times (x 70B)
Class dagger.internal.codegen.binding.OptionalBindingDeclaration                      : loaded 2 times (x 72B)
Class [Ldagger.internal.codegen.validation.BindingMethodValidator$Abstractness;       : loaded 2 times (x 67B)
Class dagger.spi.shaded.androidx.room.compiler.processing.XArrayType                  : loaded 2 times (x 68B)
Class dagger.internal.codegen.binding.BindingFactory                                  : loaded 2 times (x 70B)
Class dagger.hilt.android.processor.internal.bindvalue.AutoValue_BindValueMetadata    : loaded 2 times (x 72B)
Class dagger.internal.codegen.binding.MembersInjectionBinding                         : loaded 2 times (x 83B)
Class kotlin.io.FilesKt                                                               : loaded 2 times (x 69B)
Class dagger.spi.shaded.androidx.room.compiler.processing.javac.JavacElement          : loaded 2 times (x 177B)
Class dagger.spi.shaded.androidx.room.jarjarred.kotlinx.metadata.internal.metadata.jvm.JvmProtoBuf$JvmPropertySignature$Builder: loaded 2 times (x 139B)
Class com.google.common.util.concurrent.AbstractFuture$UnsafeAtomicHelper             : loaded 2 times (x 76B)
Class dagger.internal.codegen.binding.KeyFactory$1                                    : loaded 2 times (x 69B)
Class dagger.internal.codegen.processingstep.BindingMethodProcessingStep_Factory      : loaded 2 times (x 75B)
Class dagger.internal.codegen.processingstep.ModuleProcessingStep                     : loaded 2 times (x 84B)
Class dagger.spi.shaded.androidx.room.jarjarred.kotlinx.metadata.jvm.KotlinClassMetadata$Class: loaded 2 times (x 70B)
Class com.google.common.collect.ImmutableMapEntry$NonTerminalImmutableBiMapEntry      : loaded 2 times (x 83B)
Class dagger.internal.codegen.base.AutoValue_SetType                                  : loaded 2 times (x 75B)
Class dagger.internal.codegen.processingstep.AssistedInjectProcessingStep_Factory     : loaded 2 times (x 75B)
Class dagger.spi.shaded.androidx.room.compiler.processing.XTypeParameterElement       : loaded 2 times (x 68B)
Class dagger.spi.shaded.androidx.room.jarjarred.kotlinx.metadata.internal.metadata.ProtoBuf$Visibility: loaded 2 times (x 80B)
Class dagger.spi.shaded.androidx.room.jarjarred.kotlinx.metadata.internal.metadata.deserialization.TypeTable: loaded 2 times (x 70B)
Class dagger.spi.shaded.androidx.room.jarjarred.kotlinx.metadata.internal.metadata.ProtoBuf$ClassOrBuilder: loaded 2 times (x 68B)
Class dagger.internal.codegen.validation.ModuleValidator$ModuleMethodKind             : loaded 2 times (x 77B)
Class dagger.internal.codegen.binding.ProvisionBinding                                : loaded 2 times (x 93B)
Class dagger.spi.shaded.androidx.room.jarjarred.kotlinx.metadata.internal.metadata.jvm.deserialization.JvmProtoBufUtil: loaded 2 times (x 69B)
Class dagger.spi.shaded.androidx.room.jarjarred.kotlinx.metadata.internal.protobuf.GeneratedMessageLite$GeneratedExtension: loaded 2 times (x 77B)
Class dagger.internal.codegen.binding.BindingType                                     : loaded 2 times (x 77B)
Class dagger.spi.shaded.androidx.room.jarjarred.kotlinx.metadata.jvm.JvmDeclarationContainerExtensionVisitor: loaded 2 times (x 79B)
Class dagger.internal.codegen.bindinggraphvalidation.BindingGraphValidationModule_ProvidePluginsFactory: loaded 2 times (x 75B)
Class dagger.spi.shaded.androidx.room.compiler.processing.javac.JavacMethodElement$name$2: loaded 2 times (x 77B)
Class dagger.spi.shaded.androidx.room.compiler.processing.javac.JavacTypeElement$Companion$WhenMappings: loaded 2 times (x 69B)
Class dagger.hilt.processor.internal.HiltCompilerOptions                              : loaded 2 times (x 69B)
Class dagger.internal.codegen.processingstep.ComponentHjarProcessingStep_Factory      : loaded 2 times (x 75B)
Class dagger.internal.codegen.ServiceLoaders                                          : loaded 2 times (x 69B)
Class dagger.spi.shaded.androidx.room.compiler.processing.javac.JavacRoundEnv$rootElements$2: loaded 2 times (x 77B)
Class org.gradle.internal.IoActions                                                   : loaded 2 times (x 69B)
Class dagger.spi.shaded.androidx.room.jarjarred.kotlinx.metadata.internal.protobuf.GeneratedMessageLite$ExtendableMessageOrBuilder: loaded 2 times (x 68B)
Class [Ldagger.spi.shaded.androidx.room.jarjarred.kotlinx.metadata.internal.metadata.ProtoBuf$Class$Kind;: loaded 2 times (x 67B)
Class com.google.common.util.concurrent.ListenableFuture                              : loaded 2 times (x 68B)
Class dagger.internal.codegen.model.RequestKind                                       : loaded 2 times (x 77B)
Class dagger.internal.codegen.validation.DiagnosticMessageGenerator_Factory_Factory   : loaded 2 times (x 75B)
Class [Lcom.squareup.javapoet.LineWrapper$FlushType;                                  : loaded 2 times (x 67B)
Class dagger.internal.codegen.xprocessing.XTypes$1                                    : loaded 2 times (x 69B)
Class dagger.internal.codegen.validation.BindingMethodValidator                       : loaded 2 times (x 76B)
Class dagger.spi.shaded.androidx.room.compiler.processing.javac.kotlin.JvmDescriptorTypeVisitor$WhenMappings: loaded 2 times (x 69B)
Class [Ldagger.internal.codegen.validation.BindingElementValidator$AllowsScoping;     : loaded 2 times (x 67B)
Class dagger.internal.codegen.writing.InaccessibleMapKeyProxyGenerator                : loaded 2 times (x 75B)
Class dagger.spi.shaded.androidx.room.jarjarred.kotlinx.metadata.internal.metadata.ProtoBuf$Modality$1: loaded 2 times (x 72B)
Class dagger.spi.shaded.androidx.room.jarjarred.kotlinx.metadata.internal.metadata.jvm.JvmProtoBuf$StringTableTypes$1: loaded 2 times (x 142B)
Class dagger.spi.shaded.androidx.room.jarjarred.kotlinx.metadata.jvm.internal.JvmConstructorExtension: loaded 2 times (x 81B)
Class dagger.spi.shaded.androidx.room.jarjarred.kotlinx.metadata.internal.metadata.ProtoBuf$Annotation: loaded 2 times (x 107B)
Class dagger.internal.codegen.validation.SpiModelBindingGraphConverter$DiagnosticReporterImpl: loaded 2 times (x 74B)
Class dagger.internal.codegen.bindinggraphvalidation.ProvisionDependencyOnProducerBindingValidator_Factory$InstanceHolder: loaded 2 times (x 69B)
Class dagger.spi.shaded.androidx.room.compiler.processing.javac.kotlin.KmClassContainer$superType$2: loaded 2 times (x 77B)
Class [Ldagger.spi.shaded.androidx.room.compiler.processing.XAnnotated;               : loaded 2 times (x 67B)
Class dagger.spi.shaded.auto.common.AnnotationMirrors                                 : loaded 2 times (x 69B)
Class dagger.internal.codegen.base.MapType                                            : loaded 2 times (x 78B)
Class dagger.spi.shaded.androidx.room.jarjarred.kotlinx.metadata.jvm.JvmConstructorExtensionVisitor$Companion: loaded 2 times (x 69B)
Class dagger.spi.shaded.androidx.room.compiler.processing.DeclarationCollectorKt      : loaded 2 times (x 69B)
Class com.google.common.collect.AbstractMapBasedMultimap$Itr                          : loaded 2 times (x 81B)
Class kotlin.io.FileSystemException                                                   : loaded 2 times (x 80B)
Class com.google.common.graph.Traverser$1                                             : loaded 2 times (x 72B)
Class [Ldagger.internal.codegen.model.DependencyRequest;                              : loaded 2 times (x 67B)
Class dagger.spi.shaded.androidx.room.jarjarred.kotlinx.metadata.internal.metadata.deserialization.VersionRequirementTable$Companion: loaded 2 times (x 69B)
Class dagger.hilt.processor.internal.ClassNames                                       : loaded 2 times (x 69B)
Class dagger.internal.codegen.binding.MultibindingDeclaration$Factory                 : loaded 2 times (x 70B)
Class com.google.common.graph.Traverser$2                                             : loaded 2 times (x 72B)
Class dagger.internal.codegen.validation.InjectBindingRegistryImpl                    : loaded 2 times (x 79B)
Class kotlin.io.TextStreamsKt                                                         : loaded 2 times (x 69B)
Class dagger.internal.codegen.processingstep.AssistedFactoryProcessingStep_Factory    : loaded 2 times (x 75B)
Class dagger.spi.shaded.androidx.room.jarjarred.kotlinx.metadata.internal.metadata.jvm.JvmProtoBuf$JvmMethodSignature: loaded 2 times (x 106B)
Class dagger.spi.shaded.androidx.room.jarjarred.kotlinx.metadata.internal.protobuf.AbstractMessageLite: loaded 2 times (x 96B)
Class dagger.spi.shaded.androidx.room.jarjarred.kotlinx.metadata.jvm.KotlinClassMetadata$Companion: loaded 2 times (x 69B)
Class com.squareup.kotlinpoet.WildcardTypeName                                        : loaded 2 times (x 84B)
Class dagger.spi.shaded.androidx.room.compiler.processing.javac.JavacTypeElement$typeParameters$2: loaded 2 times (x 77B)
Class dagger.internal.codegen.binding.ModuleDescriptor                                : loaded 2 times (x 78B)
Class dagger.internal.codegen.base.SetType                                            : loaded 2 times (x 75B)
Class dagger.internal.codegen.DaggerDelegateComponentProcessor_Injector               : loaded 2 times (x 73B)
Class com.google.common.io.Files$FileByteSource                                       : loaded 2 times (x 83B)
Class [Ldagger.spi.shaded.androidx.room.jarjarred.kotlinx.metadata.internal.metadata.ProtoBuf$VersionRequirement$VersionKind;: loaded 2 times (x 67B)
Class dagger.spi.shaded.androidx.room.compiler.processing.javac.JavacAnnotation       : loaded 2 times (x 137B)
Class dagger.hilt.processor.internal.HiltCompilerOptions$EnumOption                   : loaded 2 times (x 70B)
Class dagger.internal.codegen.validation.DependencyRequestValidator$Validator         : loaded 2 times (x 70B)
Class org.gradle.api.specs.Spec                                                       : loaded 2 times (x 68B)
Class dagger.internal.codegen.model.BindingGraph$MaybeBinding                         : loaded 2 times (x 68B)
Class dagger.hilt.processor.internal.generatesrootinput.GeneratesRootInputs           : loaded 2 times (x 70B)
Class org.gradle.api.internal.classpath.ManifestUtil                                  : loaded 2 times (x 69B)
Class dagger.internal.codegen.bindinggraphvalidation.SubcomponentFactoryMethodValidator_Factory$InstanceHolder: loaded 2 times (x 69B)
Class com.squareup.kotlinpoet.Taggable                                                : loaded 2 times (x 68B)
Class dagger.internal.codegen.writing.FactoryGenerator_Factory                        : loaded 2 times (x 75B)
Class dagger.internal.codegen.base.ElementFormatter_Factory                           : loaded 2 times (x 74B)
Class dagger.spi.shaded.androidx.room.compiler.processing.javac.JavacMethodParameter$name$2: loaded 2 times (x 77B)
Class [Ldagger.hilt.processor.internal.optionvalues.BooleanValue;                     : loaded 2 times (x 67B)
Class dagger.internal.codegen.processingstep.MultibindingAnnotationsProcessingStep    : loaded 2 times (x 84B)
Class dagger.internal.codegen.bindinggraphvalidation.NullableBindingValidator         : loaded 2 times (x 83B)
Class dagger.spi.shaded.androidx.room.compiler.processing.javac.JavacMethodElement$propertyName$2: loaded 2 times (x 77B)
Class dagger.spi.shaded.auto.common.MoreElements                                      : loaded 2 times (x 69B)
Class dagger.internal.codegen.validation.MembersInjectionValidator_Factory            : loaded 2 times (x 75B)
Class dagger.internal.codegen.binding.InjectionAnnotations_Factory                    : loaded 2 times (x 75B)
Class dagger.spi.shaded.androidx.room.compiler.processing.javac.DefaultJavacType$equalityItems$2: loaded 2 times (x 77B)
Class [Ldagger.internal.codegen.compileroption.FeatureStatus;                         : loaded 2 times (x 67B)
Class dagger.spi.shaded.androidx.room.jarjarred.kotlinx.metadata.KmDeclarationContainerExtensionVisitor: loaded 2 times (x 68B)
Class androidx.room.processor.Context                                                 : loaded 2 times (x 70B)
Class [Lorg.objectweb.asm.Attribute;                                                  : loaded 2 times (x 67B)
Class dagger.spi.shaded.androidx.room.compiler.processing.javac.JavacTypeElement$Companion: loaded 2 times (x 69B)
Class org.gradle.api.internal.classpath.EffectiveClassPath                            : loaded 2 times (x 88B)
Class dagger.spi.shaded.androidx.room.jarjarred.kotlinx.metadata.internal.metadata.jvm.deserialization.ClassMapperLite: loaded 2 times (x 69B)
Class com.google.common.collect.Iterators$EmptyModifiableIterator                     : loaded 2 times (x 84B)
Class com.google.common.io.Files                                                      : loaded 2 times (x 69B)
Class com.squareup.javapoet.LineWrapper$RecordingAppendable                           : loaded 2 times (x 75B)
Class dagger.spi.shaded.androidx.room.jarjarred.kotlinx.metadata.KmTypeParameter      : loaded 2 times (x 74B)
Class com.google.common.util.concurrent.Uninterruptibles                              : loaded 2 times (x 69B)
Class dagger.internal.codegen.writing.AnnotationCreatorGenerator_Factory              : loaded 2 times (x 75B)
Class dagger.spi.shaded.androidx.room.jarjarred.kotlinx.metadata.internal.protobuf.ExtensionRegistryLite: loaded 2 times (x 72B)
Class dagger.internal.codegen.compileroption.ProcessingEnvironmentCompilerOptions$Validation: loaded 2 times (x 91B)
Class dagger.spi.model.BindingGraph$Edge                                              : loaded 2 times (x 68B)
Class dagger.spi.shaded.androidx.room.jarjarred.kotlinx.metadata.jvm.KotlinClassMetadata$Class$classData$2: loaded 2 times (x 77B)
Class dagger.spi.shaded.androidx.room.compiler.processing.javac.JavacType$superTypes$2: loaded 2 times (x 77B)
Class com.google.common.util.concurrent.AbstractFuture$Waiter                         : loaded 2 times (x 70B)
Class dagger.spi.shaded.androidx.room.jarjarred.kotlinx.metadata.KmClassifier$TypeParameter: loaded 2 times (x 69B)
Class dagger.internal.codegen.binding.$AutoValue_MultibindingDeclaration              : loaded 2 times (x 77B)
Class com.squareup.kotlinpoet.TypeNames                                               : loaded 2 times (x 69B)
Class com.google.common.cache.CacheBuilder$3                                          : loaded 2 times (x 70B)
Class dagger.spi.shaded.auto.common.AnnotationOutput$SourceFormVisitor                : loaded 2 times (x 115B)
Class dagger.spi.shaded.androidx.room.compiler.processing.CommonProcessorDelegate$processRound$currentElementsDeferredByStep$1$previousRoundDeferredElementsByAnnotation$1: loaded 2 times (x 76B)
Class dagger.hilt.processor.internal.definecomponent.DefineComponentProcessor         : loaded 2 times (x 98B)
Class dagger.spi.shaded.androidx.room.jarjarred.kotlinx.metadata.internal.metadata.ProtoBuf$PackageOrBuilder: loaded 2 times (x 68B)
Class com.google.common.reflect.Reflection                                            : loaded 2 times (x 69B)
Class dagger.internal.codegen.DelegateComponentProcessor                              : loaded 2 times (x 70B)
Class dagger.spi.shaded.androidx.room.compiler.processing.javac.JavacTypeElement      : loaded 2 times (x 287B)
Class dagger.internal.codegen.base.DaggerSuperficialValidation                        : loaded 2 times (x 70B)
Class dagger.internal.codegen.binding.AutoValue_OptionalBindingDeclaration            : loaded 2 times (x 73B)
Class dagger.internal.codegen.validation.BindingGraphValidator_Factory                : loaded 2 times (x 75B)
Class dagger.spi.shaded.androidx.room.jarjarred.kotlinx.metadata.jvm.internal.JvmTypeParameterExtension: loaded 2 times (x 82B)
Class androidx.room.compiler.processing.javac.JavacBasicAnnotationProcessor$commonDelegate$2: loaded 2 times (x 77B)
Class dagger.spi.shaded.androidx.room.compiler.processing.javac.JavacMethodType$returnType$2: loaded 2 times (x 77B)
Class [Ldagger.spi.shaded.androidx.room.compiler.processing.XNullability;             : loaded 2 times (x 67B)
Class dagger.internal.codegen.binding.$AutoValue_DelegateDeclaration                  : loaded 2 times (x 81B)
Class dagger.spi.shaded.androidx.room.compiler.processing.XProcessingEnv$Companion    : loaded 2 times (x 69B)
Class dagger.internal.codegen.model.DaggerAnnotation                                  : loaded 2 times (x 74B)
Class org.gradle.internal.classloader.ClassLoaderFactory                              : loaded 2 times (x 68B)
Class dagger.spi.shaded.androidx.room.compiler.processing.javac.JavacTypeElement$superClass$2: loaded 2 times (x 77B)
Class dagger.spi.shaded.androidx.room.jarjarred.kotlinx.metadata.internal.metadata.ProtoBuf$VersionRequirement$1: loaded 2 times (x 142B)
Class dagger.internal.codegen.extension.DaggerCollectors                              : loaded 2 times (x 69B)
Class dagger.spi.shaded.androidx.room.jarjarred.kotlinx.metadata.internal.protobuf.SmallSortedMap: loaded 2 times (x 128B)
Class [[Ldagger.internal.codegen.compileroption.ProcessingEnvironmentCompilerOptions$CommandLineOption;: loaded 2 times (x 67B)
Class dagger.internal.codegen.model.AutoValue_DaggerElement                           : loaded 2 times (x 72B)
Class dagger.spi.shaded.androidx.room.jarjarred.kotlinx.metadata.internal.protobuf.Internal$EnumLite: loaded 2 times (x 68B)
Class dagger.internal.codegen.compileroption.ProcessingEnvironmentCompilerOptions$EnumOption: loaded 2 times (x 68B)
Class dagger.spi.shaded.androidx.room.jarjarred.kotlinx.metadata.internal.metadata.ProtoBuf$Package$1: loaded 2 times (x 142B)
Class dagger.spi.shaded.androidx.room.compiler.processing.javac.JavacExecutableElement$enclosingElement$2: loaded 2 times (x 77B)
Class [Ldagger.internal.codegen.validation.ValidationBindingGraphPlugin;              : loaded 2 times (x 67B)
Class dagger.spi.shaded.androidx.room.jarjarred.kotlinx.metadata.internal.metadata.jvm.deserialization.BitEncoding: loaded 2 times (x 69B)
Class org.gradle.internal.installation.CurrentGradleInstallation                      : loaded 2 times (x 71B)
Class com.google.common.collect.Iterators$ConcatenatedIterator                        : loaded 2 times (x 80B)
Class dagger.spi.shaded.androidx.room.jarjarred.kotlinx.metadata.internal.metadata.ProtoBuf$Constructor: loaded 2 times (x 122B)
Class com.google.common.reflect.TypeToken                                             : loaded 2 times (x 71B)
Class dagger.hilt.android.processor.internal.customtestapplication.CustomTestApplicationProcessor: loaded 2 times (x 98B)
Class dagger.internal.codegen.validation.DependencyRequestValidator_Factory           : loaded 2 times (x 75B)
Class org.gradle.internal.agents.InstrumentingClassLoader                             : loaded 2 times (x 68B)
Class org.gradle.internal.installation.CurrentGradleInstallationLocator               : loaded 2 times (x 69B)
Class dagger.internal.codegen.binding.DependencyRequestFormatter_Factory              : loaded 2 times (x 75B)
Class dagger.spi.shaded.androidx.room.compiler.processing.XTypeVariableType           : loaded 2 times (x 68B)
Class androidx.room.compiler.processing.javac.JavacProcessingEnv$messager$2           : loaded 2 times (x 77B)
Class androidx.room.compiler.processing.XProcessingStep                               : loaded 2 times (x 68B)
Class dagger.internal.codegen.ServiceLoaders$1                                        : loaded 2 times (x 69B)
Class com.squareup.javapoet.CodeWriter                                                : loaded 2 times (x 70B)
Class org.gradle.api.internal.classpath.Module                                        : loaded 2 times (x 68B)
Class dagger.spi.shaded.androidx.room.jarjarred.kotlinx.metadata.internal.metadata.ProtoBuf$Visibility$1: loaded 2 times (x 72B)
Class dagger.spi.shaded.androidx.room.compiler.processing.javac.JavacBasicAnnotationProcessor: loaded 2 times (x 96B)
Class dagger.spi.shaded.androidx.room.jarjarred.kotlinx.metadata.internal.metadata.ProtoBuf$Class$Kind: loaded 2 times (x 80B)
Class com.squareup.javapoet.FieldSpec                                                 : loaded 2 times (x 70B)
Class com.google.common.io.ByteSource$ByteArrayByteSource                             : loaded 2 times (x 83B)
Class dagger.internal.codegen.binding.MethodSignatureFormatter$1                      : loaded 2 times (x 85B)
Class com.google.common.collect.Multimaps$CustomSetMultimap                           : loaded 2 times (x 176B)
Class dagger.internal.codegen.validation.BindsInstanceParameterValidator_Factory      : loaded 2 times (x 75B)
Class dagger.internal.codegen.writing.ProducerFactoryGenerator_Factory                : loaded 2 times (x 75B)
Class dagger.spi.shaded.androidx.room.compiler.processing.javac.kotlin.JvmDescriptorTypeVisitor$visitExecutable$parameterDescriptors$1: loaded 2 times (x 77B)
Class [Ldagger.internal.codegen.validation.ModuleValidator$ModuleMethodKind;          : loaded 2 times (x 67B)
Class org.objectweb.asm.Symbol                                                        : loaded 2 times (x 71B)
Class dagger.internal.codegen.validation.ModuleValidator_Factory                      : loaded 2 times (x 75B)
Class dagger.internal.codegen.model.DiagnosticReporter                                : loaded 2 times (x 73B)
Class [Ldagger.internal.codegen.model.RequestKind;                                    : loaded 2 times (x 67B)
Class dagger.internal.codegen.validation.DiagnosticReporterFactory$DiagnosticReporterImpl: loaded 2 times (x 74B)
Class com.squareup.javapoet.MethodSpec$Builder                                        : loaded 2 times (x 70B)
Class dagger.spi.shaded.androidx.room.compiler.processing.javac.kotlin.KmClassContainer$Companion: loaded 2 times (x 69B)
Class com.google.common.collect.Multisets$EntrySet                                    : loaded 2 times (x 134B)
Class com.google.common.collect.FluentIterable$3$1                                    : loaded 2 times (x 96B)
Class com.google.common.graph.Network                                                 : loaded 2 times (x 68B)
Class dagger.internal.codegen.validation.ModuleValidator                              : loaded 2 times (x 70B)
Class dagger.internal.codegen.processingstep.AssistedProcessingStep_Factory           : loaded 2 times (x 75B)
Class com.squareup.javapoet.TypeSpec$Kind                                             : loaded 2 times (x 77B)
Class dagger.internal.codegen.validation.ProvidesMethodValidator_Factory              : loaded 2 times (x 75B)
Class dagger.internal.codegen.kotlin.KotlinMetadataUtil_Factory                       : loaded 2 times (x 75B)
Class dagger.internal.codegen.base.AutoValue_ComponentAnnotation                      : loaded 2 times (x 74B)
Class dagger.spi.shaded.androidx.room.jarjarred.kotlinx.metadata.internal.metadata.deserialization.NameResolver: loaded 2 times (x 68B)
Class dagger.spi.shaded.androidx.room.compiler.processing.XProcessingStep             : loaded 2 times (x 68B)
Class dagger.internal.codegen.DelegateComponentProcessor_SourceFileGeneratorsModule_FactoryGeneratorFactory: loaded 2 times (x 75B)
Class dagger.spi.shaded.androidx.room.compiler.processing.javac.JavacConstructorType  : loaded 2 times (x 81B)
Class dagger.internal.codegen.binding.BindingGraphFactory_Factory                     : loaded 2 times (x 75B)
Class dagger.internal.codegen.validation.ValidationBindingGraphPlugins_Factory        : loaded 2 times (x 75B)
Class com.google.common.util.concurrent.AbstractFuture$Failure                        : loaded 2 times (x 70B)
Class dagger.internal.codegen.binding.OptionalBindingDeclaration_Factory_Factory      : loaded 2 times (x 75B)
Class dagger.internal.codegen.processingstep.MultibindingAnnotationsProcessingStep_Factory: loaded 2 times (x 75B)
Class com.google.common.reflect.Types$TypeVariableInvocationHandler                   : loaded 2 times (x 73B)
Class dagger.internal.codegen.xprocessing.XTypeElements                               : loaded 2 times (x 69B)
Class com.google.common.reflect.Types$ClassOwnership                                  : loaded 2 times (x 78B)
Class dagger.spi.shaded.androidx.room.compiler.processing.javac.JavacTypeElement$enclosingTypeElement$2: loaded 2 times (x 77B)
Class org.objectweb.asm.FieldVisitor                                                  : loaded 2 times (x 75B)
Class org.objectweb.asm.Type                                                          : loaded 2 times (x 70B)
Class dagger.internal.codegen.extension.DaggerCollectors$ToOptionalState              : loaded 2 times (x 70B)
Class [Lorg.objectweb.asm.AnnotationWriter;                                           : loaded 2 times (x 67B)
Class dagger.internal.codegen.processingstep.BindsInstanceProcessingStep              : loaded 2 times (x 84B)
Class org.gradle.internal.service.CachingServiceLocator                               : loaded 2 times (x 80B)
Class dagger.internal.codegen.binding.DelegateDeclaration                             : loaded 2 times (x 78B)
Class dagger.spi.shaded.androidx.room.compiler.processing.InternalXAnnotationValue$kind$2: loaded 2 times (x 77B)
Class dagger.internal.codegen.processingstep.MonitoringModuleProcessingStep_Factory   : loaded 2 times (x 75B)
Class [Lcom.squareup.javapoet.TypeName;                                               : loaded 2 times (x 67B)
Class [Ldagger.spi.shaded.androidx.room.jarjarred.kotlinx.metadata.KmVersionRequirementVersionKind;: loaded 2 times (x 67B)
Class dagger.spi.shaded.androidx.room.jarjarred.kotlinx.metadata.internal.metadata.jvm.JvmProtoBuf$JvmPropertySignatureOrBuilder: loaded 2 times (x 68B)
Class dagger.internal.DaggerGenerated                                                 : loaded 2 times (x 68B)
Class [Ldagger.internal.codegen.javapoet.AnnotationSpecs$Suppression;                 : loaded 2 times (x 67B)
Class dagger.internal.codegen.processingstep.ComponentHjarProcessingStep              : loaded 2 times (x 84B)
Class dagger.internal.codegen.bindinggraphvalidation.DuplicateBindingsValidator_Factory: loaded 2 times (x 75B)
Class dagger.internal.codegen.model.DependencyRequest                                 : loaded 2 times (x 73B)
Class dagger.spi.shaded.androidx.room.jarjarred.kotlinx.metadata.internal.metadata.jvm.JvmProtoBuf$StringTableTypes$Record: loaded 2 times (x 117B)
Class com.squareup.javapoet.TypeName                                                  : loaded 2 times (x 79B)
Class dagger.spi.shaded.androidx.room.jarjarred.kotlinx.metadata.internal.protobuf.GeneratedMessageLite$Builder: loaded 2 times (x 126B)
Class com.google.common.cache.LocalCache$AbstractReferenceEntry                       : loaded 2 times (x 105B)
Class dagger.spi.shaded.androidx.room.compiler.processing.javac.JavacAnnotationValue$1: loaded 2 times (x 77B)
Class [Landroidx.room.compiler.processing.XProcessingEnv$Backend;                     : loaded 2 times (x 67B)
Class dagger.internal.codegen.binding.MethodSignatureFormatter_Factory                : loaded 2 times (x 75B)
Class com.google.common.collect.Maps$FilteredEntryMap                                 : loaded 2 times (x 126B)
Class com.google.devtools.ksp.symbol.KSAnnotated                                      : loaded 2 times (x 68B)
Class com.google.common.collect.AbstractMapBasedMultimap$AsMap                        : loaded 2 times (x 126B)
Class org.gradle.internal.classpath.DefaultClassPath                                  : loaded 2 times (x 88B)
Class dagger.spi.shaded.androidx.room.jarjarred.kotlinx.metadata.internal.metadata.jvm.deserialization.JvmMemberSignature$Method: loaded 2 times (x 73B)
Class dagger.spi.shaded.androidx.room.jarjarred.kotlinx.metadata.internal.metadata.jvm.deserialization.JvmNameResolverBase$WhenMappings: loaded 2 times (x 69B)
Class dagger.spi.shaded.androidx.room.compiler.processing.javac.JavacExecutableElement$jvmDescriptor$2: loaded 2 times (x 77B)
Class org.gradle.internal.installation.GradleInstallation$1                           : loaded 2 times (x 73B)
Class dagger.spi.shaded.androidx.room.jarjarred.kotlinx.metadata.internal.metadata.ProtoBuf$TypeParameter$Variance: loaded 2 times (x 80B)
Class dagger.internal.codegen.binding.SourceFiles_Factory                             : loaded 2 times (x 74B)
Class com.squareup.kotlinpoet.ClassNames                                              : loaded 2 times (x 69B)
Class dagger.spi.shaded.androidx.room.compiler.processing.ksp.KSTypeJavaPoetExtKt     : loaded 2 times (x 69B)
Class dagger.internal.codegen.base.ComponentCreatorKind                               : loaded 2 times (x 77B)
Class dagger.spi.shaded.androidx.room.jarjarred.kotlinx.metadata.KmValueParameterVisitor: loaded 2 times (x 74B)
Class com.google.common.collect.AbstractMapBasedMultimap$2                            : loaded 2 times (x 83B)
Class dagger.spi.shaded.androidx.room.compiler.processing.javac.JavacFieldElement$setter$2: loaded 2 times (x 77B)
Class dagger.spi.shaded.androidx.room.jarjarred.kotlinx.metadata.internal.metadata.ProtoBuf$VersionRequirement$Level: loaded 2 times (x 80B)
Class dagger.internal.DoubleCheck                                                     : loaded 2 times (x 76B)
Class dagger.spi.shaded.androidx.room.compiler.processing.javac.JavacArrayType        : loaded 2 times (x 209B)
Class [Ldagger.spi.shaded.androidx.room.jarjarred.kotlinx.metadata.internal.metadata.ProtoBuf$Expression$ConstantValue;: loaded 2 times (x 67B)
Class com.squareup.javapoet.CodeBlock                                                 : loaded 2 times (x 70B)
Class dagger.internal.codegen.validation.BindingElementValidator$1                    : loaded 2 times (x 69B)
Class dagger.spi.shaded.androidx.room.compiler.processing.javac.JavacArrayType$componentType$2: loaded 2 times (x 77B)
Class dagger.internal.codegen.processingstep.ComponentProcessingStep                  : loaded 2 times (x 84B)
Class dagger.spi.shaded.androidx.room.jarjarred.kotlinx.metadata.internal.metadata.deserialization.VersionRequirement$Companion: loaded 2 times (x 69B)
Class androidx.room.compiler.processing.XProcessingEnv$Backend                        : loaded 2 times (x 77B)
Class org.gradle.api.internal.DefaultClassPathProvider                                : loaded 2 times (x 74B)
Class com.google.common.util.concurrent.AbstractFuture$SetFuture                      : loaded 2 times (x 73B)
Class com.squareup.kotlinpoet.ClassName                                               : loaded 2 times (x 87B)
Class dagger.internal.codegen.binding.AutoValue_Nullability                           : loaded 2 times (x 72B)
Class dagger.internal.codegen.binding.AutoValue_ProvisionBinding                      : loaded 2 times (x 94B)
Class [Ldagger.internal.codegen.model.BindingGraphPlugin;                             : loaded 2 times (x 67B)
Class dagger.internal.codegen.xprocessing.XExecutableTypes                            : loaded 2 times (x 69B)
Class dagger.spi.model.BindingGraph$Node                                              : loaded 2 times (x 68B)
Class dagger.internal.codegen.binding.BindsTypeChecker$1                              : loaded 2 times (x 69B)
Class dagger.spi.shaded.androidx.room.compiler.processing.XVariableElement            : loaded 2 times (x 68B)
Class dagger.internal.codegen.bindinggraphvalidation.ProvisionDependencyOnProducerBindingValidator_Factory: loaded 2 times (x 74B)
Class dagger.spi.shaded.androidx.room.jarjarred.kotlinx.metadata.internal.metadata.ProtoBuf$Function: loaded 2 times (x 147B)
Class dagger.spi.shaded.androidx.room.jarjarred.kotlinx.metadata.Flag$Function        : loaded 2 times (x 69B)
Class com.squareup.javapoet.LineWrapper$FlushType                                     : loaded 2 times (x 77B)
Class dagger.hilt.processor.internal.aggregateddeps.AggregatedDepsProcessor           : loaded 2 times (x 98B)
Class dagger.hilt.processor.internal.uninstallmodules.UninstallModulesProcessor       : loaded 2 times (x 98B)
Class dagger.spi.shaded.androidx.room.jarjarred.kotlinx.metadata.internal.metadata.ProtoBuf$TypeTableOrBuilder: loaded 2 times (x 68B)
Class dagger.spi.shaded.androidx.room.compiler.processing.util.MemoizedSequence$delegateIterator$2: loaded 2 times (x 77B)
Class dagger.internal.codegen.javapoet.AnnotationSpecs                                : loaded 2 times (x 69B)
Class dagger.internal.codegen.model.AutoValue_Scope                                   : loaded 2 times (x 71B)
Class dagger.spi.shaded.androidx.room.compiler.processing.javac.JavacMethodType$Companion: loaded 2 times (x 69B)
Class dagger.internal.codegen.DelegateComponentProcessor$Injector$Factory             : loaded 2 times (x 68B)
Class dagger.spi.shaded.androidx.room.compiler.processing.javac.kotlin.KmClassContainer$primaryConstructorSignature$2: loaded 2 times (x 77B)
Class com.squareup.kotlinpoet.UtilKt                                                  : loaded 2 times (x 69B)
Class com.squareup.kotlinpoet.ClassName$special$$inlined$thenBy$1                     : loaded 2 times (x 88B)
Class dagger.internal.codegen.base.AutoValue_ModuleAnnotation                         : loaded 2 times (x 74B)
Class com.squareup.kotlinpoet.ClassName$special$$inlined$thenBy$2                     : loaded 2 times (x 88B)
Class dagger.internal.codegen.validation.InjectBindingRegistryImpl_Factory            : loaded 2 times (x 75B)
Class dagger.spi.shaded.androidx.room.jarjarred.kotlinx.metadata.jvm.JvmClassExtensionVisitor: loaded 2 times (x 85B)
Class androidx.room.compiler.processing.javac.JavacBasicAnnotationProcessor$steps$2   : loaded 2 times (x 77B)
Class dagger.spi.shaded.androidx.room.jarjarred.kotlinx.metadata.internal.extensions.KmClassExtension: loaded 2 times (x 68B)
Class com.google.common.graph.BaseGraph                                               : loaded 2 times (x 68B)
Class dagger.spi.shaded.androidx.room.jarjarred.kotlinx.metadata.internal.metadata.ProtoBuf$TypeTable$1: loaded 2 times (x 142B)
Class [Ldagger.spi.shaded.androidx.room.jarjarred.kotlinx.metadata.internal.metadata.ProtoBuf$MemberKind;: loaded 2 times (x 67B)
Class dagger.internal.codegen.validation.ComponentDescriptorValidator                 : loaded 2 times (x 70B)
Class dagger.spi.shaded.androidx.room.jarjarred.kotlinx.metadata.internal.protobuf.ByteString$ByteIterator: loaded 2 times (x 68B)
Class dagger.spi.shaded.androidx.room.compiler.processing.javac.kotlin.KmPropertyFunctionContainerImpl: loaded 2 times (x 103B)
Class net.ltgt.gradle.incap.IncrementalAnnotationProcessorType                        : loaded 2 times (x 77B)
Class com.google.common.reflect.TypeParameter                                         : loaded 2 times (x 70B)
Class dagger.internal.codegen.validation.InjectBindingRegistryImpl$BindingsCollection : loaded 2 times (x 70B)
Class dagger.internal.codegen.binding.SourceFiles                                     : loaded 2 times (x 69B)
Class dagger.spi.shaded.androidx.room.jarjarred.kotlinx.metadata.KmClassVisitor       : loaded 2 times (x 90B)
Class dagger.internal.codegen.processingstep.MapKeyProcessingStep                     : loaded 2 times (x 84B)
Class kotlin.comparisons.NaturalOrderComparator                                       : loaded 2 times (x 86B)
Class dagger.spi.shaded.androidx.room.compiler.processing.javac.JavacTypeElement$xClassName$2: loaded 2 times (x 77B)
Class dagger.spi.model.DaggerProcessingEnv                                            : loaded 2 times (x 73B)
Class dagger.internal.codegen.validation.DiagnosticReporterFactory                    : loaded 2 times (x 70B)
Class dagger.internal.codegen.validation.MultibindsMethodValidator$Validator          : loaded 2 times (x 78B)
Class com.google.common.io.ByteSource$AsCharSource                                    : loaded 2 times (x 84B)
Class dagger.hilt.android.processor.internal.customtestapplication.CustomTestApplicationProcessingStep: loaded 2 times (x 85B)
Class [Ldagger.hilt.processor.internal.root.RootType;                                 : loaded 2 times (x 67B)
Class dagger.spi.shaded.androidx.room.compiler.processing.javac.ElementExtKt          : loaded 2 times (x 69B)
Class dagger.internal.codegen.binding.BindingGraphConverter                           : loaded 2 times (x 70B)
Class com.google.common.reflect.Types$ClassOwnership$1LocalClass                      : loaded 2 times (x 69B)
Class dagger.internal.codegen.processingstep.TypeCheckingProcessingStep               : loaded 2 times (x 84B)
Class [Ldagger.spi.shaded.androidx.room.jarjarred.kotlinx.metadata.internal.metadata.ProtoBuf$Modality;: loaded 2 times (x 67B)
Class dagger.spi.shaded.androidx.room.compiler.processing.javac.JavacFieldElement$syntheticMethodForAnnotations$2: loaded 2 times (x 77B)
Class com.google.common.collect.Lists$RandomAccessReverseList                         : loaded 2 times (x 160B)
Class org.gradle.internal.classloader.ClasspathUtil$1                                 : loaded 2 times (x 74B)
Class org.objectweb.asm.ModuleWriter                                                  : loaded 2 times (x 80B)
Class dagger.spi.shaded.androidx.room.compiler.processing.javac.JavacDeclaredType$equalityItems$2: loaded 2 times (x 77B)
Class dagger.spi.shaded.androidx.room.compiler.processing.javac.JavacMethodParameter$jvmName$2: loaded 2 times (x 77B)
Class androidx.room.util.SimpleJavaVersion$Companion                                  : loaded 2 times (x 69B)
Class dagger.internal.codegen.xprocessing.XMethodElements                             : loaded 2 times (x 69B)
Class dagger.internal.codegen.compileroption.ProcessingEnvironmentCompilerOptions$Feature: loaded 2 times (x 88B)
Class dagger.spi.shaded.androidx.room.jarjarred.kotlinx.metadata.NodesKt              : loaded 2 times (x 69B)
Class com.squareup.javapoet.ClassName                                                 : loaded 2 times (x 82B)
Class org.objectweb.asm.SymbolTable$Entry                                             : loaded 2 times (x 72B)
Class dagger.internal.codegen.model.DaggerProcessingEnv                               : loaded 2 times (x 72B)
Class dagger.spi.shaded.androidx.room.jarjarred.kotlinx.metadata.internal.metadata.ProtoBuf$TypeParameter$Variance$1: loaded 2 times (x 72B)
Class dagger.spi.shaded.androidx.room.compiler.processing.XEquality$Companion         : loaded 2 times (x 69B)
Class kotlin.sequences.ConstrainedOnceSequence                                        : loaded 2 times (x 73B)
Class dagger.internal.codegen.kotlin.KotlinMetadataFactory_Factory                    : loaded 2 times (x 74B)
Class dagger.spi.shaded.androidx.room.compiler.processing.javac.JavacConstructorElement$parameters$2: loaded 2 times (x 77B)
Class dagger.internal.codegen.compileroption.ProcessingEnvironmentCompilerOptions$CommandLineOption: loaded 2 times (x 68B)
Class dagger.spi.shaded.androidx.room.jarjarred.kotlinx.metadata.internal.metadata.ProtoBuf$VersionRequirementTable$1: loaded 2 times (x 142B)
Class dagger.spi.shaded.androidx.room.compiler.processing.javac.JavacProcessingEnv    : loaded 2 times (x 113B)
Class dagger.internal.codegen.model.$AutoValue_Key$Builder                            : loaded 2 times (x 76B)
Class dagger.internal.codegen.binding.$AutoValue_ProvisionBinding                     : loaded 2 times (x 93B)
Class dagger.spi.shaded.androidx.room.jarjarred.kotlinx.metadata.internal.protobuf.ExtensionRegistryLite$ObjectIntPair: loaded 2 times (x 70B)
Class dagger.spi.shaded.auto.common.MoreElements$CastingElementVisitor                : loaded 2 times (x 91B)
Class dagger.spi.shaded.androidx.room.compiler.processing.javac.JavacExecutableType   : loaded 2 times (x 79B)
Class dagger.spi.shaded.androidx.room.compiler.processing.javac.JavacTypeElement$JavacEnumTypeElement$entries$2: loaded 2 times (x 77B)
Class org.gradle.api.internal.ClassPathProvider                                       : loaded 2 times (x 68B)
Class dagger.spi.shaded.androidx.room.compiler.processing.javac.JavacAnnotation$type$2: loaded 2 times (x 77B)
Class dagger.hilt.processor.internal.root.RootType                                    : loaded 2 times (x 77B)
Class dagger.spi.shaded.androidx.room.jarjarred.kotlinx.metadata.internal.metadata.jvm.JvmProtoBuf$JvmFieldSignature$1: loaded 2 times (x 142B)
Class dagger.internal.codegen.model.DaggerElement                                     : loaded 2 times (x 71B)
Class [Ldagger.internal.codegen.binding.BindingType;                                  : loaded 2 times (x 67B)
Class com.google.common.base.Platform                                                 : loaded 2 times (x 69B)
Class dagger.spi.shaded.androidx.room.jarjarred.kotlinx.metadata.FlagsKt              : loaded 2 times (x 69B)
Class dagger.spi.shaded.androidx.room.compiler.processing.javac.JavacMethodElement$parameters$2$1$1: loaded 2 times (x 77B)
Class dagger.internal.codegen.binding.InjectionSiteFactory_Factory                    : loaded 2 times (x 75B)
Class dagger.spi.shaded.androidx.room.jarjarred.kotlinx.metadata.Flag                 : loaded 2 times (x 69B)
Class dagger.internal.codegen.binding.DelegateDeclaration$Factory                     : loaded 2 times (x 70B)
Class androidx.room.compiler.processing.XProcessingEnv$Companion                      : loaded 2 times (x 69B)
Class dagger.spi.shaded.auto.common.AnnotationMirrors$1                               : loaded 2 times (x 82B)
Class dagger.spi.shaded.androidx.room.compiler.processing.javac.kotlin.KmConstructorContainer$parameters$2: loaded 2 times (x 77B)
Class dagger.spi.shaded.androidx.room.compiler.processing.javac.JavacProcessingEnv$typeElementStore$1: loaded 2 times (x 77B)
Class dagger.internal.codegen.base.FrameworkTypes                                     : loaded 2 times (x 69B)
Class dagger.internal.codegen.binding.BindingGraphFactory                             : loaded 2 times (x 73B)
Class dagger.hilt.processor.internal.aliasof.AliasOfProcessingStep                    : loaded 2 times (x 85B)
Class dagger.spi.shaded.androidx.room.compiler.processing.javac.JavacProcessingEnv$typeElementStore$2: loaded 2 times (x 76B)
Class dagger.spi.shaded.androidx.room.jarjarred.kotlinx.metadata.internal.metadata.ProtoBuf$ValueParameterOrBuilder: loaded 2 times (x 68B)
Class dagger.spi.shaded.androidx.room.compiler.processing.javac.JavacProcessingEnv$typeElementStore$3: loaded 2 times (x 77B)
Class com.squareup.javapoet.LineWrapper                                               : loaded 2 times (x 70B)
Class dagger.internal.codegen.xprocessing.XTypes$XTypeEquivalence                     : loaded 2 times (x 82B)
Class dagger.internal.codegen.xprocessing.XProcessingEnvs$1                           : loaded 2 times (x 69B)
Class dagger.internal.codegen.componentgenerator.ComponentHjarGenerator               : loaded 2 times (x 75B)
Class dagger.internal.codegen.ProcessingEnvironmentModule_ProcessingOptionsFactory    : loaded 2 times (x 75B)
Class dagger.spi.shaded.androidx.room.compiler.processing.javac.JavacRoundEnv         : loaded 2 times (x 76B)
Class dagger.spi.shaded.androidx.room.compiler.processing.javac.JavacMethodType       : loaded 2 times (x 89B)
Class dagger.spi.shaded.androidx.room.jarjarred.kotlinx.metadata.internal.metadata.jvm.deserialization.JvmNameResolverBase$Companion: loaded 2 times (x 69B)
Class com.google.common.collect.ImmutableMap$MapViewOfValuesAsSingletonSets$1         : loaded 2 times (x 80B)
Class dagger.spi.shaded.androidx.room.compiler.processing.javac.JavacAnnotation$declaredAnnotationValues$2: loaded 2 times (x 77B)
Class kotlin.collections.MapWithDefaultImpl                                           : loaded 2 times (x 124B)
Class dagger.spi.shaded.androidx.room.compiler.processing.javac.JavacTypeElement$className$2: loaded 2 times (x 77B)
Class dagger.spi.shaded.androidx.room.jarjarred.kotlinx.metadata.internal.protobuf.WireFormat$JavaType: loaded 2 times (x 77B)
Class dagger.spi.shaded.androidx.room.compiler.processing.javac.JavacType             : loaded 2 times (x 185B)
Class dagger.spi.shaded.androidx.room.jarjarred.kotlinx.metadata.internal.protobuf.SmallSortedMap$1: loaded 2 times (x 128B)
Class dagger.internal.codegen.validation.ComponentHierarchyValidator_Factory          : loaded 2 times (x 75B)
Class dagger.spi.shaded.androidx.room.jarjarred.kotlinx.metadata.internal.protobuf.LazyField: loaded 2 times (x 81B)
Class [Ldagger.spi.shaded.androidx.room.compiler.processing.XType;                    : loaded 2 times (x 67B)
Class dagger.spi.shaded.androidx.room.compiler.processing.javac.kotlin.KotlinClassMetadataUtilsKt: loaded 2 times (x 69B)
Class dagger.internal.codegen.bindinggraphvalidation.SubcomponentFactoryMethodValidator_Factory: loaded 2 times (x 74B)
Class com.squareup.kotlinpoet.TypeName$Companion                                      : loaded 2 times (x 69B)
Class com.squareup.javapoet.ParameterizedTypeName                                     : loaded 2 times (x 79B)
Class com.google.common.reflect.TypeResolver$TypeTable$1                              : loaded 2 times (x 71B)
Class dagger.spi.shaded.androidx.room.jarjarred.kotlinx.metadata.KmVersion            : loaded 2 times (x 69B)
Class dagger.internal.codegen.binding.DelegateDeclaration_Factory_Factory             : loaded 2 times (x 75B)
Class dagger.spi.shaded.androidx.room.compiler.processing.javac.JavacMethodElement$returnType$2: loaded 2 times (x 77B)
Class dagger.spi.shaded.androidx.room.compiler.processing.javac.JavacMethodType$typeVariables$2: loaded 2 times (x 77B)
Class dagger.internal.codegen.extension.Optionals                                     : loaded 2 times (x 69B)
Class dagger.spi.shaded.androidx.room.jarjarred.kotlinx.metadata.internal.metadata.jvm.deserialization.JvmNameResolver: loaded 2 times (x 78B)
Class dagger.hilt.processor.internal.optionvalues.BooleanValue                        : loaded 2 times (x 77B)
Class dagger.internal.codegen.processingstep.ModuleProcessingStep_Factory             : loaded 2 times (x 75B)
Class dagger.internal.codegen.writing.InjectionMethods$CheckNotNullPolicy             : loaded 2 times (x 77B)
Class dagger.internal.codegen.xprocessing.XAnnotationValues                           : loaded 2 times (x 69B)
Class dagger.spi.shaded.androidx.room.compiler.codegen.XClassName$Companion           : loaded 2 times (x 69B)
Class dagger.internal.codegen.validation.ProducesMethodValidator$Validator            : loaded 2 times (x 78B)
Class com.google.common.collect.Count                                                 : loaded 2 times (x 69B)
Class com.squareup.javapoet.CodeBlock$Builder                                         : loaded 2 times (x 70B)
Class kotlin.io.NoSuchFileException                                                   : loaded 2 times (x 80B)
Class dagger.internal.codegen.binding.BindingFactory_Factory                          : loaded 2 times (x 75B)
Class dagger.spi.shaded.androidx.room.compiler.processing.javac.kotlin.KmClassContainer$constructorList$2: loaded 2 times (x 77B)
Class org.objectweb.asm.ByteVector                                                    : loaded 2 times (x 77B)
Class org.objectweb.asm.MethodTooLargeException                                       : loaded 2 times (x 81B)
Class [Ldagger.spi.shaded.androidx.room.jarjarred.kotlinx.metadata.internal.metadata.ProtoBuf$VersionRequirement$Level;: loaded 2 times (x 67B)
Class dagger.internal.codegen.binding.MethodSignatureFormatter                        : loaded 2 times (x 84B)
Class com.google.common.reflect.TypeToken$2                                           : loaded 2 times (x 106B)
Class dagger.spi.shaded.androidx.room.jarjarred.kotlinx.metadata.internal.protobuf.MessageLiteOrBuilder: loaded 2 times (x 68B)
Class com.google.common.collect.HashBiMap$Inverse                                     : loaded 2 times (x 140B)
Class dagger.internal.codegen.validation.BindingMethodValidator$MethodValidator       : loaded 2 times (x 78B)
Class dagger.spi.shaded.androidx.room.compiler.processing.javac.kotlin.KmClassContainer$typeParameters$2: loaded 2 times (x 77B)
Class dagger.internal.codegen.writing.InjectionMethods$ProvisionMethod                : loaded 2 times (x 69B)
Class dagger.spi.shaded.androidx.room.jarjarred.kotlinx.metadata.internal.protobuf.WireFormat$FieldType$1: loaded 2 times (x 81B)
Class dagger.internal.codegen.validation.MapKeyValidator_Factory                      : loaded 2 times (x 75B)
Class dagger.spi.shaded.androidx.room.jarjarred.kotlinx.metadata.internal.protobuf.WireFormat$FieldType$2: loaded 2 times (x 81B)
Class dagger.hilt.processor.internal.root.RootProcessor                               : loaded 2 times (x 98B)
Class dagger.spi.shaded.androidx.room.jarjarred.kotlinx.metadata.internal.protobuf.WireFormat$FieldType$3: loaded 2 times (x 81B)
Class dagger.spi.shaded.androidx.room.jarjarred.kotlinx.metadata.internal.protobuf.WireFormat$FieldType$4: loaded 2 times (x 81B)
Class com.google.common.reflect.TypeToken$1                                           : loaded 2 times (x 106B)
Class dagger.internal.codegen.validation.BindingMethodValidator$ExceptionSuperclass$3 : loaded 2 times (x 79B)
Class dagger.internal.codegen.model.$AutoValue_Key                                    : loaded 2 times (x 78B)
Class dagger.internal.codegen.bindinggraphvalidation.InjectBindingValidator_Factory   : loaded 2 times (x 75B)
Class dagger.internal.codegen.model.AutoValue_DaggerType                              : loaded 2 times (x 73B)
Class androidx.room.compiler.processing.javac.JavacFiler                              : loaded 2 times (x 76B)
Class dagger.spi.shaded.androidx.room.compiler.processing.javac.VisitorData           : loaded 2 times (x 70B)
Class dagger.spi.shaded.androidx.room.jarjarred.kotlinx.metadata.internal.extensions.MetadataExtensions$Companion: loaded 2 times (x 69B)
Class dagger.internal.codegen.validation.BindingMethodValidator$ExceptionSuperclass$2 : loaded 2 times (x 79B)
Class org.gradle.internal.classloader.SystemClassLoaderSpec                           : loaded 2 times (x 69B)
Class dagger.internal.codegen.validation.BindingMethodValidator$ExceptionSuperclass$1 : loaded 2 times (x 79B)
Class dagger.internal.codegen.binding.ProductionBinding$Builder                       : loaded 2 times (x 88B)
Class dagger.internal.codegen.bindinggraphvalidation.SetMultibindingValidator_Factory$InstanceHolder: loaded 2 times (x 69B)
Class dagger.spi.shaded.androidx.room.compiler.processing.javac.JavacAnnotationValueKt: loaded 2 times (x 69B)
Class com.google.common.util.concurrent.internal.InternalFutureFailureAccess          : loaded 2 times (x 70B)
Class dagger.internal.codegen.model.DependencyRequest$Builder                         : loaded 2 times (x 74B)
Class com.google.common.graph.Traverser                                               : loaded 2 times (x 71B)
Class dagger.spi.shaded.androidx.room.jarjarred.kotlinx.metadata.internal.metadata.deserialization.Flags$BooleanFlagField: loaded 2 times (x 74B)
Class dagger.internal.codegen.binding.$AutoValue_MembersInjectionBinding_InjectionSite: loaded 2 times (x 75B)
Class dagger.internal.codegen.DelegateComponentProcessor$Injector                     : loaded 2 times (x 68B)
Class androidx.room.util.SimpleJavaVersion                                            : loaded 2 times (x 73B)
Class dagger.spi.shaded.androidx.room.jarjarred.kotlinx.metadata.internal.metadata.ProtoBuf$Class$1: loaded 2 times (x 142B)
Class com.google.common.base.Charsets                                                 : loaded 2 times (x 69B)
Class org.gradle.api.internal.classpath.ModuleRegistry                                : loaded 2 times (x 68B)
Class dagger.internal.codegen.binding.ContributionBinding$Builder                     : loaded 2 times (x 81B)
Class dagger.spi.shaded.androidx.room.jarjarred.kotlinx.metadata.internal.metadata.ProtoBuf$Type$Argument$Projection: loaded 2 times (x 80B)
Class dagger.spi.shaded.androidx.room.jarjarred.kotlinx.metadata.internal.protobuf.WireFormat: loaded 2 times (x 69B)
Class dagger.spi.shaded.androidx.room.compiler.processing.javac.kotlin.JvmDescriptorTypeVisitor: loaded 2 times (x 97B)
Class dagger.internal.codegen.binding.MultibindingDeclaration                         : loaded 2 times (x 76B)
Class com.google.common.reflect.Types$TypeVariableImpl                                : loaded 2 times (x 70B)
Class [Lcom.google.common.base.AbstractIterator$State;                                : loaded 2 times (x 67B)
Class dagger.internal.codegen.base.$AutoValue_ComponentAnnotation                     : loaded 2 times (x 74B)
Class androidx.room.DatabaseProcessingStep$Companion                                  : loaded 2 times (x 69B)
Class dagger.spi.shaded.androidx.room.jarjarred.kotlinx.metadata.internal.extensions.ExtensionUtilsKt: loaded 2 times (x 69B)
Class dagger.spi.shaded.androidx.room.jarjarred.kotlinx.metadata.internal.metadata.ProtoBuf$Effect$InvocationKind: loaded 2 times (x 80B)
Class dagger.hilt.android.processor.internal.viewmodel.ViewModelValidationPlugin      : loaded 2 times (x 80B)
Class dagger.internal.codegen.binding.MembersInjectionBinding$InjectionSite$Kind      : loaded 2 times (x 77B)
Class kotlin.io.FileAlreadyExistsException                                            : loaded 2 times (x 80B)
Class kotlin.reflect.jvm.internal.impl.builtins.functions.FunctionClassKind$Companion : loaded 2 times (x 69B)
Class dagger.spi.shaded.androidx.room.jarjarred.kotlinx.metadata.internal.metadata.ProtoBuf$VersionRequirementTableOrBuilder: loaded 2 times (x 68B)
Class dagger.spi.shaded.androidx.room.compiler.processing.javac.JavacExecutableType$parameterTypes$2: loaded 2 times (x 77B)
Class org.objectweb.asm.ClassWriter                                                   : loaded 2 times (x 104B)
Class dagger.spi.shaded.androidx.room.jarjarred.kotlinx.metadata.Flag$Common          : loaded 2 times (x 69B)
Class org.gradle.api.GradleException                                                  : loaded 2 times (x 80B)
Class kotlin.text.Charsets                                                            : loaded 2 times (x 69B)
Class dagger.spi.shaded.androidx.room.jarjarred.kotlinx.metadata.jvm.internal.JvmTypeExtension: loaded 2 times (x 84B)
Class dagger.spi.shaded.androidx.room.jarjarred.kotlinx.metadata.internal.protobuf.MessageLite: loaded 2 times (x 68B)
Class dagger.internal.codegen.validation.ComponentValidator_Factory                   : loaded 2 times (x 75B)
Class dagger.spi.shaded.androidx.room.jarjarred.kotlinx.metadata.KmExtensionVisitor   : loaded 2 times (x 68B)
Class dagger.internal.codegen.binding.BindingDeclarationFormatter_Factory             : loaded 2 times (x 75B)
Class dagger.spi.shaded.androidx.room.jarjarred.kotlinx.metadata.KmTypeProjection$Companion: loaded 2 times (x 69B)
Class com.google.common.base.AbstractIterator$1                                       : loaded 2 times (x 69B)
Class org.objectweb.asm.FieldWriter                                                   : loaded 2 times (x 76B)
Class dagger.spi.shaded.androidx.room.compiler.processing.javac.JavacVariableElement  : loaded 2 times (x 198B)
Class dagger.spi.shaded.auto.common.Overrides$ExplicitOverrides                       : loaded 2 times (x 74B)
Class dagger.hilt.processor.internal.definecomponent.DefineComponentProcessingStep    : loaded 2 times (x 85B)
Class dagger.internal.codegen.binding.SubcomponentDeclaration$Factory                 : loaded 2 times (x 71B)
Class dagger.internal.codegen.validation.BindsInstanceParameterValidator              : loaded 2 times (x 76B)
Class dagger.hilt.android.processor.internal.bindvalue.BindValueProcessingStep        : loaded 2 times (x 85B)
Class dagger.hilt.processor.internal.BaseProcessingStep                               : loaded 2 times (x 85B)
Class org.gradle.internal.classloader.VisitableURLClassLoader$Spec                    : loaded 2 times (x 72B)
Class dagger.spi.shaded.androidx.room.compiler.processing.XNullability                : loaded 2 times (x 77B)
Class dagger.spi.shaded.androidx.room.jarjarred.kotlinx.metadata.internal.metadata.jvm.deserialization.JvmMetadataVersion$Companion: loaded 2 times (x 69B)
Class dagger.spi.shaded.androidx.room.compiler.codegen.XClassName                     : loaded 2 times (x 73B)
Class dagger.spi.shaded.auto.common.MoreTypes$CastingTypeVisitor                      : loaded 2 times (x 100B)
Class com.google.common.cache.LocalCache$StrongEntry                                  : loaded 2 times (x 106B)
Class dagger.internal.codegen.base.ComponentAnnotation                                : loaded 2 times (x 74B)
Class dagger.spi.shaded.androidx.room.jarjarred.kotlinx.metadata.KmDeclarationContainer: loaded 2 times (x 68B)
Class dagger.spi.shaded.androidx.room.jarjarred.kotlinx.metadata.KmFunctionExtensionVisitor: loaded 2 times (x 68B)
Class dagger.spi.shaded.androidx.room.compiler.processing.JavaPoetExtKt               : loaded 2 times (x 69B)
Class dagger.internal.codegen.binding.ProductionBinding                               : loaded 2 times (x 93B)
Class dagger.spi.shaded.androidx.room.jarjarred.kotlinx.metadata.internal.metadata.ProtoBuf$Type$Argument$1: loaded 2 times (x 142B)
Class com.google.common.collect.ImmutableList$SerializedForm                          : loaded 2 times (x 71B)
Class org.gradle.api.UncheckedIOException                                             : loaded 2 times (x 80B)
Class dagger.spi.shaded.androidx.room.jarjarred.kotlinx.metadata.internal.ReadersKt   : loaded 2 times (x 69B)
Class dagger.internal.codegen.base.RequestKinds                                       : loaded 2 times (x 69B)
Class dagger.internal.codegen.validation.BindingMethodValidator$Abstractness          : loaded 2 times (x 77B)
Class dagger.spi.shaded.androidx.room.compiler.processing.javac.kotlin.KmFunctionContainerImpl: loaded 2 times (x 95B)
Class dagger.spi.shaded.androidx.room.compiler.processing.javac.JavacMethodElement$kotlinMetadata$2: loaded 2 times (x 77B)
Class kotlin.io.FilesKt__FileReadWriteKt                                              : loaded 2 times (x 69B)
Class [Lcom.google.common.io.FileWriteMode;                                           : loaded 2 times (x 67B)
Class com.google.common.io.Files$FileByteSink                                         : loaded 2 times (x 75B)
Class dagger.internal.codegen.binding.SubcomponentDeclaration_Factory_Factory         : loaded 2 times (x 75B)
Class dagger.spi.shaded.androidx.room.jarjarred.kotlinx.metadata.internal.metadata.ProtoBuf$VersionRequirement$VersionKind: loaded 2 times (x 80B)
Class dagger.spi.shaded.androidx.room.compiler.processing.javac.JavacExecutableElement$Companion: loaded 2 times (x 69B)
Class dagger.spi.shaded.androidx.room.compiler.processing.InternalXAnnotationValue    : loaded 2 times (x 153B)
Class dagger.internal.codegen.ProcessingEnvironmentModule_MessagerFactory             : loaded 2 times (x 75B)
Class dagger.spi.shaded.androidx.room.jarjarred.kotlinx.metadata.KmVersionRequirementVisitor: loaded 2 times (x 73B)
Class dagger.spi.shaded.auto.common.MoreTypes$ExecutableTypeVisitor                   : loaded 2 times (x 100B)
Class dagger.internal.codegen.binding.$AutoValue_OptionalBindingDeclaration           : loaded 2 times (x 73B)
Class dagger.spi.shaded.androidx.room.compiler.processing.javac.JavacVariableElement$type$2: loaded 2 times (x 77B)
Class dagger.spi.shaded.androidx.room.compiler.processing.javac.kotlin.KmPropertyContainer: loaded 2 times (x 73B)
Class dagger.spi.shaded.androidx.room.jarjarred.kotlinx.metadata.jvm.JvmMemberSignature: loaded 2 times (x 72B)
Class dagger.spi.shaded.androidx.room.jarjarred.kotlinx.metadata.internal.protobuf.CodedInputStream: loaded 2 times (x 70B)
Class dagger.spi.shaded.androidx.room.jarjarred.kotlinx.metadata.internal.metadata.deserialization.Flags$FlagField: loaded 2 times (x 71B)
Class dagger.internal.codegen.validation.ComponentCreatorValidator_Factory            : loaded 2 times (x 75B)
Class dagger.hilt.processor.internal.generatesrootinput.GeneratesRootInputProcessor   : loaded 2 times (x 98B)
Class dagger.internal.codegen.model.BindingGraphPlugin                                : loaded 2 times (x 68B)
Class [Ldagger.internal.codegen.compileroption.ProcessingEnvironmentCompilerOptions$Feature;: loaded 2 times (x 67B)
Class com.google.common.base.Functions                                                : loaded 2 times (x 69B)
Class com.google.common.collect.ForwardingCollection                                  : loaded 2 times (x 128B)
Class dagger.internal.codegen.model.BindingKind                                       : loaded 2 times (x 77B)
Class dagger.spi.shaded.androidx.room.compiler.processing.XAnnotation                 : loaded 2 times (x 68B)
Class dagger.spi.shaded.androidx.room.compiler.processing.CommonProcessorDelegate$processRound$currentElementsDeferredByStep$1$stepDeferredElementsByAnnotation$1: loaded 2 times (x 76B)
Class dagger.spi.shaded.androidx.room.compiler.processing.javac.JavacProcessingEnvMessager: loaded 2 times (x 71B)
Class dagger.internal.codegen.processingstep.BindsInstanceProcessingStep_Factory      : loaded 2 times (x 75B)
Class androidx.room.compiler.processing.XProcessingEnvConfig                          : loaded 2 times (x 69B)
Class dagger.spi.shaded.androidx.room.compiler.processing.XFiler$Mode                 : loaded 2 times (x 77B)
Class dagger.spi.shaded.androidx.room.compiler.processing.javac.JavacType$rawType$2   : loaded 2 times (x 77B)
Class dagger.internal.codegen.model.AutoValue_Key_MultibindingContributionIdentifier  : loaded 2 times (x 72B)
Class com.google.common.collect.ImmutableMap$SerializedForm                           : loaded 2 times (x 71B)
Class dagger.spi.shaded.androidx.room.jarjarred.kotlinx.metadata.jvm.JvmMemberSignatureKt: loaded 2 times (x 69B)
Class dagger.spi.shaded.androidx.room.jarjarred.kotlinx.metadata.internal.metadata.ProtoBuf$Effect$EffectType: loaded 2 times (x 80B)
Class dagger.spi.shaded.androidx.room.jarjarred.kotlinx.metadata.internal.metadata.ProtoBuf$VersionRequirement$VersionKind$1: loaded 2 times (x 72B)
Class dagger.spi.shaded.androidx.room.compiler.processing.InternalXAnnotation         : loaded 2 times (x 137B)
Class dagger.internal.codegen.base.ModuleAnnotation                                   : loaded 2 times (x 74B)
Class dagger.spi.shaded.androidx.room.compiler.processing.javac.kotlin.KmClassContainer: loaded 2 times (x 73B)
Class dagger.internal.codegen.xprocessing.XElements$1                                 : loaded 2 times (x 69B)
Class dagger.spi.shaded.androidx.room.compiler.processing.javac.JavacMethodParameter$closestMemberContainer$2: loaded 2 times (x 77B)
Class dagger.spi.shaded.androidx.room.jarjarred.kotlinx.metadata.jvm.JvmConstructorExtensionVisitor: loaded 2 times (x 76B)
Class dagger.spi.shaded.androidx.room.compiler.processing.util.NamingUtilsKt          : loaded 2 times (x 69B)
Class dagger.internal.codegen.writing.ProducerFactoryGenerator$NoArgFutureTransform   : loaded 2 times (x 76B)
Class dagger.spi.shaded.androidx.room.compiler.codegen.XTypeName                      : loaded 2 times (x 73B)
Class dagger.internal.codegen.base.ComponentCreatorAnnotation                         : loaded 2 times (x 77B)
Class dagger.spi.shaded.androidx.room.jarjarred.kotlinx.metadata.internal.metadata.ProtoBuf$VersionRequirementTable: loaded 2 times (x 105B)
Class dagger.spi.shaded.auto.common.Overrides                                         : loaded 2 times (x 70B)
Class dagger.spi.shaded.androidx.room.compiler.processing.javac.JavacBasicAnnotationProcessor$steps$2: loaded 2 times (x 77B)
Class dagger.spi.shaded.auto.common.Visibility                                        : loaded 2 times (x 77B)
Class dagger.spi.shaded.androidx.room.jarjarred.kotlinx.metadata.internal.metadata.ProtoBuf$Package: loaded 2 times (x 127B)
Class dagger.spi.shaded.androidx.room.jarjarred.kotlinx.metadata.jvm.JvmClassExtensionVisitor$Companion: loaded 2 times (x 69B)
Class dagger.internal.codegen.base.ContributionType$HasContributionType               : loaded 2 times (x 68B)
Class dagger.spi.shaded.androidx.room.compiler.processing.javac.kotlin.KmClassContainer$functionList$2: loaded 2 times (x 77B)
Class dagger.spi.shaded.androidx.room.jarjarred.kotlinx.metadata.internal.metadata.ProtoBuf$Type$Argument: loaded 2 times (x 108B)
Class dagger.spi.shaded.androidx.room.jarjarred.kotlinx.metadata.internal.protobuf.AbstractMessageLite$Builder$LimitedInputStream: loaded 2 times (x 90B)
Class dagger.spi.shaded.androidx.room.jarjarred.kotlinx.metadata.internal.extensions.KmExtension: loaded 2 times (x 68B)
Class [Ldagger.spi.shaded.androidx.room.compiler.processing.XFiler$Mode;              : loaded 2 times (x 67B)
Class [Ldagger.internal.codegen.writing.InjectionMethods$CheckNotNullPolicy;          : loaded 2 times (x 67B)
Class dagger.spi.shaded.androidx.room.compiler.processing.javac.JavacBasicAnnotationProcessor$xEnv$2: loaded 2 times (x 77B)
Class dagger.spi.shaded.androidx.room.jarjarred.kotlinx.metadata.internal.metadata.ProtoBuf$AnnotationOrBuilder: loaded 2 times (x 68B)
Class dagger.spi.shaded.androidx.room.compiler.processing.javac.JavacConstructorElement$parameters$2$1$1: loaded 2 times (x 77B)
Class dagger.internal.codegen.validation.ProducesMethodValidator_Factory              : loaded 2 times (x 75B)
Class dagger.hilt.processor.internal.root.ComponentTreeDepsProcessor                  : loaded 2 times (x 98B)
Class dagger.spi.shaded.androidx.room.jarjarred.kotlinx.metadata.internal.metadata.ProtoBuf$Class$Kind$1: loaded 2 times (x 72B)
Class dagger.spi.shaded.androidx.room.jarjarred.kotlinx.metadata.jvm.KotlinClassMetadata: loaded 2 times (x 70B)
Class dagger.spi.shaded.androidx.room.compiler.processing.javac.JavacAnnotationValueKt$UNWRAP_VISITOR$1$visitArray$1$1: loaded 2 times (x 77B)
Class dagger.spi.shaded.androidx.room.compiler.processing.javac.JavacConstructorElement$typeParameters$2: loaded 2 times (x 77B)
Class dagger.spi.shaded.androidx.room.jarjarred.kotlinx.metadata.internal.metadata.jvm.deserialization.JvmMetadataVersion: loaded 2 times (x 71B)
Class dagger.internal.codegen.validation.BindsOptionalOfMethodValidator$Validator     : loaded 2 times (x 78B)
Class org.objectweb.asm.AnnotationVisitor                                             : loaded 2 times (x 76B)
Class [Ldagger.spi.shaded.androidx.room.jarjarred.kotlinx.metadata.internal.protobuf.Internal$EnumLite;: loaded 2 times (x 67B)
Class dagger.spi.shaded.androidx.room.jarjarred.kotlinx.metadata.jvm.JvmTypeExtensionVisitor: loaded 2 times (x 78B)
Class dagger.spi.shaded.androidx.room.jarjarred.kotlinx.metadata.internal.protobuf.GeneratedMessageLite$1: loaded 2 times (x 69B)
Class dagger.spi.shaded.androidx.room.jarjarred.kotlinx.metadata.KmPropertyExtensionVisitor: loaded 2 times (x 68B)
Class kotlin.io.FilePathComponents                                                    : loaded 2 times (x 70B)
Class com.google.common.collect.AbstractMapBasedMultimap$RandomAccessWrappedList      : loaded 2 times (x 165B)
Class org.objectweb.asm.RecordComponentWriter                                         : loaded 2 times (x 76B)
Class org.objectweb.asm.Handler                                                       : loaded 2 times (x 70B)
Class dagger.internal.codegen.model.AutoValue_DaggerProcessingEnv                     : loaded 2 times (x 73B)
Class javax.inject.Provider                                                           : loaded 2 times (x 68B)
Class androidx.room.RoomProcessor$1                                                   : loaded 2 times (x 76B)
Class dagger.spi.shaded.androidx.room.compiler.processing.javac.JavacExecutableElement: loaded 2 times (x 221B)
Class dagger.spi.shaded.androidx.room.compiler.processing.javac.DefaultJavacType      : loaded 2 times (x 185B)
Class dagger.MembersInjector                                                          : loaded 2 times (x 68B)
Class dagger.spi.shaded.androidx.room.jarjarred.kotlinx.metadata.KmClassExtensionVisitor: loaded 2 times (x 68B)
Class dagger.spi.shaded.androidx.room.jarjarred.kotlinx.metadata.KmDeclarationContainerVisitor: loaded 2 times (x 75B)
Class dagger.hilt.processor.internal.generatesrootinput.GeneratesRootInputProcessingStep: loaded 2 times (x 85B)
Class dagger.internal.codegen.validation.ValidationBindingGraphPlugin                 : loaded 2 times (x 83B)
Class com.google.common.base.Verify                                                   : loaded 2 times (x 69B)
Class dagger.spi.shaded.androidx.room.jarjarred.kotlinx.metadata.internal.metadata.ProtoBuf$Annotation$1: loaded 2 times (x 142B)
Class androidx.room.DatabaseProcessingStep                                            : loaded 2 times (x 77B)
Class dagger.spi.shaded.androidx.room.compiler.processing.javac.kotlin.KmFlags        : loaded 2 times (x 68B)
Class com.google.common.graph.PredecessorsFunction                                    : loaded 2 times (x 68B)
Class com.squareup.kotlinpoet.WildcardTypeName$Companion                              : loaded 2 times (x 69B)
Class dagger.spi.shaded.androidx.room.jarjarred.kotlinx.metadata.internal.extensions.KmFunctionExtension: loaded 2 times (x 68B)
Class dagger.spi.shaded.androidx.room.compiler.processing.javac.JavacMethodType$typeVariableNames$2: loaded 2 times (x 77B)
Class dagger.internal.codegen.validation.ValidationBindingGraphPlugins                : loaded 2 times (x 70B)
Class dagger.spi.shaded.androidx.room.jarjarred.kotlinx.metadata.KmFunction           : loaded 2 times (x 80B)
Class dagger.spi.shaded.androidx.room.jarjarred.kotlinx.metadata.jvm.internal.JvmPropertyExtension: loaded 2 times (x 86B)
Class dagger.internal.codegen.extension.DaggerStreams                                 : loaded 2 times (x 69B)
Class dagger.internal.codegen.langmodel.Accessibility                                 : loaded 2 times (x 69B)
Class dagger.internal.codegen.validation.BindsInstanceElementValidator                : loaded 2 times (x 76B)
Class dagger.internal.codegen.writing.ProducerFactoryGenerator                        : loaded 2 times (x 75B)
Class dagger.internal.codegen.processingstep.SuperficialValidator_Factory             : loaded 2 times (x 75B)
Class org.objectweb.asm.ClassReader                                                   : loaded 2 times (x 91B)
Class dagger.spi.shaded.androidx.room.jarjarred.kotlinx.metadata.Flag$Type            : loaded 2 times (x 69B)
Class org.gradle.internal.classloader.ClasspathUtil                                   : loaded 2 times (x 69B)
Class [Ldagger.internal.codegen.base.ComponentCreatorAnnotation;                      : loaded 2 times (x 67B)
Class dagger.hilt.processor.internal.ProcessorErrors                                  : loaded 2 times (x 69B)
Class com.google.common.io.ByteArrayDataOutput                                        : loaded 2 times (x 68B)
Class dagger.spi.shaded.androidx.room.compiler.processing.compat.XConverters          : loaded 2 times (x 69B)
Class org.objectweb.asm.CurrentFrame                                                  : loaded 2 times (x 71B)
Class dagger.spi.shaded.androidx.room.compiler.processing.DeclarationCollectorKt$collectAllMethods$1: loaded 2 times (x 93B)
Class com.google.common.util.concurrent.AbstractFuture                                : loaded 2 times (x 93B)
Class [Ldagger.internal.codegen.base.ClearableCache;                                  : loaded 2 times (x 67B)
Class dagger.internal.codegen.compileroption.ProcessingEnvironmentCompilerOptions_Factory: loaded 2 times (x 75B)
Class dagger.spi.shaded.androidx.room.compiler.processing.XProcessingEnvConfig        : loaded 2 times (x 69B)
Class com.google.common.reflect.TypeResolver                                          : loaded 2 times (x 70B)
Class androidx.room.processor.Context$Companion                                       : loaded 2 times (x 69B)
Class dagger.spi.shaded.androidx.room.compiler.processing.javac.JavacFiler            : loaded 2 times (x 76B)
Class dagger.spi.shaded.androidx.room.compiler.processing.XProcessingEnv              : loaded 2 times (x 68B)
Class dagger.internal.codegen.validation.ComponentDescriptorValidator_Factory         : loaded 2 times (x 75B)
Class dagger.spi.shaded.androidx.room.compiler.processing.InternalXAnnotationValue$Kind$Companion: loaded 2 times (x 69B)
Class dagger.spi.shaded.androidx.room.jarjarred.kotlinx.metadata.KmTypeParameterExtensionVisitor: loaded 2 times (x 68B)
Class androidx.room.compiler.processing.javac.XTypeElementStore                       : loaded 2 times (x 70B)
Class dagger.spi.shaded.androidx.room.compiler.processing.javac.kotlin.KmClassContainer$superTypes$2: loaded 2 times (x 77B)
Class dagger.internal.codegen.validation.MapKeyValidator                              : loaded 2 times (x 70B)
Class dagger.spi.model.DiagnosticReporter                                             : loaded 2 times (x 73B)
Class dagger.internal.codegen.binding.BindingDeclarationFormatter                     : loaded 2 times (x 84B)
Class dagger.spi.shaded.androidx.room.jarjarred.kotlinx.metadata.internal.metadata.ProtoBuf$TypeTable: loaded 2 times (x 107B)
Class dagger.internal.codegen.base.MapKeyAccessibility                                : loaded 2 times (x 69B)
Class dagger.internal.codegen.binding.AssistedInjectionAnnotations                    : loaded 2 times (x 69B)
Class dagger.spi.shaded.androidx.room.jarjarred.kotlinx.metadata.jvm.internal.JvmClassExtension: loaded 2 times (x 91B)
Class dagger.spi.shaded.auto.common.MoreTypes                                         : loaded 2 times (x 69B)
Class dagger.spi.shaded.androidx.room.compiler.processing.javac.JavacFieldElement$enclosingElement$2: loaded 2 times (x 77B)
Class dagger.spi.BindingGraphPlugin                                                   : loaded 2 times (x 68B)
Class dagger.internal.codegen.base.SourceFileGenerator                                : loaded 2 times (x 75B)
Class [Ldagger.internal.codegen.compileroption.ValidationType;                        : loaded 2 times (x 67B)
Class dagger.internal.codegen.componentgenerator.TopLevelImplementationComponent$Factory: loaded 2 times (x 68B)
Class dagger.spi.shaded.androidx.room.compiler.processing.XMethodElementKt            : loaded 2 times (x 69B)
Class dagger.spi.shaded.androidx.room.jarjarred.kotlinx.metadata.KmTypeExtensionVisitor: loaded 2 times (x 68B)
Class dagger.internal.codegen.validation.ValidationReport$Builder                     : loaded 2 times (x 70B)
Class dagger.spi.shaded.androidx.room.jarjarred.kotlinx.metadata.internal.metadata.ProtoBuf$Modality: loaded 2 times (x 80B)
Class dagger.internal.codegen.javapoet.CodeBlocks                                     : loaded 2 times (x 69B)
Class dagger.internal.codegen.binding.MembersInjectionBinding$InjectionSite           : loaded 2 times (x 74B)
Class dagger.spi.shaded.androidx.room.jarjarred.kotlinx.metadata.internal.metadata.deserialization.VersionRequirement$Version$Companion: loaded 2 times (x 69B)
Class dagger.spi.shaded.androidx.room.compiler.processing.javac.kotlin.JvmDescriptorUtilsKt: loaded 2 times (x 69B)
Class dagger.spi.shaded.auto.common.MoreTypes$AsElementVisitor                        : loaded 2 times (x 99B)
Class dagger.spi.shaded.androidx.room.jarjarred.kotlinx.metadata.KmConstructor        : loaded 2 times (x 75B)
Class org.gradle.api.internal.DefaultClassPathRegistry                                : loaded 2 times (x 74B)
Class dagger.spi.shaded.androidx.room.compiler.processing.javac.kotlin.KmConstructorContainer: loaded 2 times (x 95B)
Class dagger.hilt.android.processor.internal.androidentrypoint.AndroidEntryPointProcessor: loaded 2 times (x 98B)
Class dagger.spi.shaded.androidx.room.jarjarred.kotlinx.metadata.internal.metadata.ProtoBuf$ConstructorOrBuilder: loaded 2 times (x 68B)
Class [Lorg.objectweb.asm.Symbol;                                                     : loaded 2 times (x 67B)
Class com.google.common.util.concurrent.AbstractFuture$Cancellation                   : loaded 2 times (x 70B)
Class com.google.common.collect.Multimaps$Entries                                     : loaded 2 times (x 116B)
Class dagger.spi.shaded.androidx.room.compiler.processing.javac.JavacDeclaredType     : loaded 2 times (x 185B)
Class [Lcom.google.common.reflect.Types$ClassOwnership;                               : loaded 2 times (x 67B)
Class dagger.spi.shaded.androidx.room.compiler.processing.javac.JavacAnnotation$annotationValues$2: loaded 2 times (x 77B)
Class dagger.internal.codegen.DelegateComponentProcessor_MembersInjector              : loaded 2 times (x 73B)
Class dagger.spi.shaded.androidx.room.compiler.processing.CommonProcessorDelegate     : loaded 2 times (x 70B)
Class dagger.spi.shaded.androidx.room.jarjarred.kotlinx.metadata.KmConstructorVisitor : loaded 2 times (x 74B)
Class org.gradle.api.internal.classpath.DefaultModuleRegistry$DefaultModule           : loaded 2 times (x 84B)
Class dagger.spi.shaded.androidx.room.jarjarred.kotlinx.metadata.internal.metadata.jvm.JvmProtoBuf$StringTableTypes$Record$Operation$1: loaded 2 times (x 72B)
Class dagger.spi.shaded.androidx.room.compiler.processing.javac.JavacProcessingEnvMessager$Companion: loaded 2 times (x 69B)
Class dagger.spi.shaded.androidx.room.compiler.processing.javac.kotlin.KmClassContainer$propertyList$2: loaded 2 times (x 77B)
Class dagger.internal.codegen.base.SourceFileGenerationException                      : loaded 2 times (x 80B)
Class dagger.internal.codegen.bindinggraphvalidation.ProvisionDependencyOnProducerBindingValidator: loaded 2 times (x 83B)
Class [Ldagger.internal.codegen.compileroption.ProcessingEnvironmentCompilerOptions$CommandLineOption;: loaded 2 times (x 67B)
Class dagger.internal.codegen.base.ElementFormatter_Factory$InstanceHolder            : loaded 2 times (x 69B)
Class com.google.common.base.Functions$ConstantFunction                               : loaded 2 times (x 82B)
Class dagger.internal.codegen.model.DaggerTypeElement                                 : loaded 2 times (x 72B)
Class dagger.internal.codegen.model.Binding                                           : loaded 2 times (x 68B)
Class dagger.internal.codegen.javapoet.TypeNames                                      : loaded 2 times (x 69B)
Class dagger.spi.shaded.androidx.room.jarjarred.kotlinx.metadata.internal.metadata.ProtoBuf$MemberKind$1: loaded 2 times (x 72B)
Class dagger.internal.codegen.processingstep.SuperficialValidator                     : loaded 2 times (x 73B)
Class com.squareup.javapoet.ArrayTypeName                                             : loaded 2 times (x 79B)
Class dagger.spi.shaded.androidx.room.jarjarred.kotlinx.metadata.internal.metadata.deserialization.VersionRequirementTable: loaded 2 times (x 70B)
Class dagger.spi.shaded.androidx.room.compiler.processing.javac.JavacTypeElement$qualifiedName$2: loaded 2 times (x 77B)
Class dagger.internal.codegen.bindinggraphvalidation.DependencyCycleValidator         : loaded 2 times (x 83B)
Class dagger.spi.shaded.androidx.room.compiler.processing.util.MemoizedSequence       : loaded 2 times (x 73B)
Class dagger.spi.shaded.androidx.room.compiler.processing.javac.JavacBasicAnnotationProcessor$2: loaded 2 times (x 77B)
Class com.google.common.io.ByteSource$SlicedByteSource                                : loaded 2 times (x 83B)
Class dagger.internal.codegen.componentgenerator.ComponentHjarGenerator_Factory       : loaded 2 times (x 75B)
Class dagger.internal.codegen.binding.InjectionAnnotations                            : loaded 2 times (x 70B)
Class dagger.spi.shaded.androidx.room.jarjarred.kotlinx.metadata.internal.metadata.deserialization.Flags: loaded 2 times (x 69B)
Class org.objectweb.asm.Context                                                       : loaded 2 times (x 70B)
Class dagger.internal.codegen.writing.UnwrappedMapKeyGenerator_Factory                : loaded 2 times (x 75B)
Class dagger.internal.codegen.validation.ExternalBindingGraphPlugins                  : loaded 2 times (x 70B)
Class dagger.internal.codegen.binding.AutoValue_ModuleDescriptor                      : loaded 2 times (x 83B)
Class dagger.spi.shaded.androidx.room.jarjarred.kotlinx.metadata.internal.metadata.ProtoBuf$Type$ArgumentOrBuilder: loaded 2 times (x 68B)
Class dagger.internal.codegen.validation.BindsInstanceMethodValidator$Validator       : loaded 2 times (x 75B)
Class dagger.spi.shaded.androidx.room.compiler.processing.javac.JavacFieldElement$getter$2: loaded 2 times (x 77B)
Class com.google.common.collect.Maps$FilteredEntryMap$EntrySet$1                      : loaded 2 times (x 80B)
Class dagger.spi.shaded.androidx.room.compiler.processing.javac.JavacProcessingEnv$WhenMappings: loaded 2 times (x 69B)
Class androidx.room.compiler.processing.XBasicAnnotationProcessor                     : loaded 2 times (x 68B)
Class org.gradle.kotlin.dsl.VersionCatalogAccessorsKt                                 : loaded 2 times (x 69B)
Class androidx.room.RoomProcessor                                                     : loaded 2 times (x 96B)
Class dagger.internal.codegen.writing.ModuleProxies_ModuleConstructorProxyGenerator_Factory: loaded 2 times (x 75B)
Class dagger.hilt.processor.internal.Processors                                       : loaded 2 times (x 69B)
Class dagger.internal.codegen.model.Key$Builder                                       : loaded 2 times (x 74B)
Class dagger.hilt.processor.internal.originatingelement.OriginatingElementProcessor   : loaded 2 times (x 98B)
Class dagger.spi.shaded.androidx.room.jarjarred.kotlinx.metadata.internal.metadata.deserialization.VersionRequirement$Companion$WhenMappings: loaded 2 times (x 69B)
Class dagger.spi.shaded.androidx.room.compiler.processing.javac.JavacFieldElement$kotlinMetadata$2: loaded 2 times (x 77B)
Class org.objectweb.asm.RecordComponentVisitor                                        : loaded 2 times (x 75B)
Class dagger.hilt.processor.internal.root.RootProcessingStep                          : loaded 2 times (x 85B)
Class dagger.spi.shaded.androidx.room.compiler.processing.javac.JavacTypeElement$superInterfaces$2: loaded 2 times (x 77B)
Class com.google.common.reflect.Types$ClassOwnership$1                                : loaded 2 times (x 78B)
Class com.google.common.reflect.Invokable                                             : loaded 2 times (x 99B)
Class com.google.common.reflect.Types$ClassOwnership$2                                : loaded 2 times (x 78B)
Class dagger.internal.codegen.DaggerDelegateComponentProcessor_Injector$Factory       : loaded 2 times (x 72B)
Class com.google.common.reflect.Types$ClassOwnership$3                                : loaded 2 times (x 69B)
Class dagger.spi.shaded.androidx.room.jarjarred.kotlinx.metadata.internal.extensions.MetadataExtensions: loaded 2 times (x 68B)
Class dagger.spi.shaded.androidx.room.jarjarred.kotlinx.metadata.internal.metadata.deserialization.BinaryVersion: loaded 2 times (x 71B)
Class dagger.internal.codegen.validation.MembersInjectionValidator                    : loaded 2 times (x 70B)
Class dagger.internal.codegen.binding.BindingGraphConverter_Factory                   : loaded 2 times (x 75B)
Class dagger.spi.shaded.androidx.room.compiler.processing.javac.JavacMethodType$NormalMethodType: loaded 2 times (x 89B)
Class com.google.common.io.ByteStreams$LimitedInputStream                             : loaded 2 times (x 90B)
Class com.google.common.cache.LocalCache$HashIterator                                 : loaded 2 times (x 84B)
Class dagger.spi.shaded.androidx.room.compiler.processing.javac.JavacMethodParameter$kotlinMetadata$2: loaded 2 times (x 77B)
Class dagger.spi.shaded.androidx.room.jarjarred.kotlinx.metadata.internal.metadata.ProtoBuf$ValueParameter$1: loaded 2 times (x 142B)
Class dagger.spi.shaded.androidx.room.jarjarred.kotlinx.metadata.internal.metadata.ProtoBuf$PropertyOrBuilder: loaded 2 times (x 68B)
Class [Ldagger.spi.shaded.androidx.room.jarjarred.kotlinx.metadata.internal.protobuf.WireFormat$JavaType;: loaded 2 times (x 67B)
Class dagger.spi.shaded.androidx.room.compiler.processing.javac.JavacMethodElement$typeParameters$2: loaded 2 times (x 77B)
Class dagger.internal.codegen.writing.InjectionMethods                                : loaded 2 times (x 69B)
Class dagger.spi.shaded.androidx.room.compiler.processing.InternalXAnnotationKt       : loaded 2 times (x 69B)
Class dagger.spi.shaded.androidx.room.jarjarred.kotlinx.metadata.internal.metadata.ProtoBuf$Effect$InvocationKind$1: loaded 2 times (x 72B)
Class dagger.internal.codegen.binding.BindsTypeChecker                                : loaded 2 times (x 70B)
Class dagger.spi.shaded.androidx.room.jarjarred.kotlinx.metadata.jvm.JvmFieldSignature: loaded 2 times (x 73B)
Class dagger.spi.shaded.androidx.room.compiler.processing.InternalXAnnotationValue$Kind: loaded 2 times (x 77B)
Class com.google.common.cache.LocalCache$WriteThroughEntry                            : loaded 2 times (x 77B)
Class org.objectweb.asm.ClassTooLargeException                                        : loaded 2 times (x 81B)
Class dagger.internal.codegen.processingstep.InjectProcessingStep                     : loaded 2 times (x 84B)
Class dagger.internal.codegen.compileroption.ProcessingEnvironmentCompilerOptions$Validation$1: loaded 2 times (x 91B)
Class org.gradle.api.internal.classpath.UnknownModuleException                        : loaded 2 times (x 80B)
Class dagger.internal.codegen.binding.BindsTypeChecker_Factory                        : loaded 2 times (x 75B)
Class dagger.spi.shaded.androidx.room.compiler.processing.javac.JavacConstructorElement$executableType$2: loaded 2 times (x 77B)
Class dagger.internal.codegen.validation.BindsOptionalOfMethodValidator_Factory       : loaded 2 times (x 75B)
Class dagger.spi.shaded.androidx.room.compiler.processing.XTypeElement                : loaded 2 times (x 68B)
Class dagger.internal.codegen.compileroption.ValidationType                           : loaded 2 times (x 77B)
Class com.google.common.util.concurrent.AbstractFuture$Listener                       : loaded 2 times (x 70B)
Class [Ldagger.spi.shaded.androidx.room.jarjarred.kotlinx.metadata.internal.metadata.ProtoBuf$Effect$InvocationKind;: loaded 2 times (x 67B)
Class com.google.common.reflect.TypeResolver$TypeVariableKey                          : loaded 2 times (x 70B)
Class dagger.internal.codegen.writing.FactoryGenerator                                : loaded 2 times (x 75B)
Class dagger.internal.codegen.base.ModuleKind$1                                       : loaded 2 times (x 69B)
Class dagger.internal.codegen.base.ElementFormatter                                   : loaded 2 times (x 83B)
Class org.objectweb.asm.Edge                                                          : loaded 2 times (x 70B)
Class dagger.internal.codegen.xprocessing.XElements                                   : loaded 2 times (x 69B)
Class dagger.internal.codegen.binding.AutoValue_MembersInjectionBinding_InjectionSite : loaded 2 times (x 75B)
Class dagger.internal.codegen.binding.BindingDeclaration                              : loaded 2 times (x 72B)
Class dagger.spi.shaded.androidx.room.jarjarred.kotlinx.metadata.internal.protobuf.LazyFieldLite: loaded 2 times (x 80B)
Class org.gradle.api.Action                                                           : loaded 2 times (x 68B)
Class com.google.common.collect.ImmutableSetMultimap$Builder                          : loaded 2 times (x 81B)
Class dagger.spi.shaded.androidx.room.compiler.processing.javac.JavacAnnotationValue  : loaded 2 times (x 153B)
Class dagger.spi.shaded.androidx.room.compiler.processing.XType                       : loaded 2 times (x 68B)
Class dagger.internal.codegen.validation.AnyBindingMethodValidator                    : loaded 2 times (x 73B)
Class com.google.common.collect.ImmutableMapValues                                    : loaded 2 times (x 124B)
Class com.google.common.io.ByteArrayDataInput                                         : loaded 2 times (x 68B)
Class dagger.spi.shaded.androidx.room.jarjarred.kotlinx.metadata.internal.metadata.deserialization.ProtoTypeTableUtilKt: loaded 2 times (x 69B)
Class dagger.spi.shaded.androidx.room.jarjarred.kotlinx.metadata.internal.metadata.jvm.JvmProtoBuf$StringTableTypes$Record$Operation: loaded 2 times (x 80B)
Class dagger.spi.shaded.androidx.room.jarjarred.kotlinx.metadata.internal.metadata.ProtoBuf$ContractOrBuilder: loaded 2 times (x 68B)
Class [Lorg.objectweb.asm.SymbolTable$Entry;                                          : loaded 2 times (x 67B)
Class dagger.internal.codegen.xprocessing.XAnnotations                                : loaded 2 times (x 69B)
Class com.squareup.kotlinpoet.ClassName$special$$inlined$compareBy$1                  : loaded 2 times (x 87B)
Class com.google.common.reflect.Types$JavaVersion                                     : loaded 2 times (x 81B)
Class dagger.internal.codegen.binding.ContributionBinding$1                           : loaded 2 times (x 69B)
Class dagger.internal.codegen.model.DaggerType                                        : loaded 2 times (x 72B)
Class dagger.internal.codegen.validation.BindingElementValidator$AllowsScoping        : loaded 2 times (x 77B)
Class com.google.common.io.ByteSource$ConcatenatedByteSource                          : loaded 2 times (x 83B)
Class androidx.room.compiler.processing.XProcessingEnvConfig$Companion                : loaded 2 times (x 69B)
Class dagger.spi.shaded.androidx.room.jarjarred.kotlinx.metadata.internal.protobuf.MessageLite$Builder: loaded 2 times (x 68B)
Class dagger.internal.codegen.validation.BindsInstanceMethodValidator                 : loaded 2 times (x 76B)
Class dagger.internal.codegen.validation.BindsMethodValidator_Factory                 : loaded 2 times (x 75B)
Class dagger.spi.shaded.androidx.room.jarjarred.kotlinx.metadata.KmProperty           : loaded 2 times (x 79B)
Class com.google.common.base.Platform$JdkPatternCompiler                              : loaded 2 times (x 73B)
Class dagger.spi.shaded.androidx.room.jarjarred.kotlinx.metadata.internal.protobuf.GeneratedMessageLite: loaded 2 times (x 99B)
Class dagger.spi.shaded.androidx.room.compiler.processing.javac.JavacExecutableElement$thrownTypes$2: loaded 2 times (x 77B)
Class com.google.common.collect.ForwardingSet                                         : loaded 2 times (x 149B)
Class dagger.hilt.android.processor.internal.viewmodel.ViewModelProcessingStep        : loaded 2 times (x 85B)
Class kotlin.io.FilesKt__FilePathComponentsKt                                         : loaded 2 times (x 69B)
Class com.google.common.reflect.Types                                                 : loaded 2 times (x 69B)
Class com.google.common.base.Stopwatch                                                : loaded 2 times (x 70B)
Class dagger.internal.codegen.binding.InjectionSiteFactory$InjectionSiteVisitor       : loaded 2 times (x 70B)
Class dagger.internal.codegen.binding.SourceFiles$1                                   : loaded 2 times (x 69B)
Class dagger.spi.shaded.androidx.room.compiler.processing.XMethodType                 : loaded 2 times (x 68B)
Class dagger.spi.shaded.androidx.room.jarjarred.kotlinx.metadata.internal.extensions.MetadataExtensions$Companion$INSTANCES$2: loaded 2 times (x 76B)
Class dagger.spi.shaded.androidx.room.jarjarred.kotlinx.metadata.internal.protobuf.RopeByteString: loaded 2 times (x 108B)
Class com.squareup.kotlinpoet.Dynamic                                                 : loaded 2 times (x 84B)
Class com.google.common.collect.AbstractMultiset$EntrySet                             : loaded 2 times (x 136B)
Class com.squareup.javapoet.TypeSpec                                                  : loaded 2 times (x 70B)
Class dagger.spi.shaded.androidx.room.compiler.processing.javac.JavacConstructorElement: loaded 2 times (x 254B)
Class [Lcom.google.common.collect.Iterators$EmptyModifiableIterator;                  : loaded 2 times (x 67B)
Class androidx.room.processor.Context$Companion$ARG_OPTIONS$2                         : loaded 2 times (x 76B)
Class dagger.spi.shaded.androidx.room.jarjarred.kotlinx.metadata.jvm.internal.JvmMetadataExtensions: loaded 2 times (x 101B)
Class dagger.spi.shaded.androidx.room.compiler.processing.XRoundEnv                   : loaded 2 times (x 68B)
Class dagger.internal.codegen.writing.InjectionMethods$InstanceCastPolicy             : loaded 2 times (x 77B)
Class com.google.common.collect.Sets$2$1                                              : loaded 2 times (x 80B)
Class org.objectweb.asm.ClassVisitor                                                  : loaded 2 times (x 86B)
Class dagger.internal.codegen.bindinggraphvalidation.InjectBindingValidator           : loaded 2 times (x 83B)
Class dagger.internal.codegen.bindinggraphvalidation.NullableBindingValidator_Factory : loaded 2 times (x 75B)
Class org.gradle.internal.service.ServiceLookupException                              : loaded 2 times (x 80B)
Class dagger.internal.codegen.model.AutoValue_DaggerExecutableElement                 : loaded 2 times (x 72B)
Class androidx.room.util.SimpleJavaVersion$compareTo$$inlined$compareBy$1             : loaded 2 times (x 87B)
Class dagger.internal.Preconditions                                                   : loaded 2 times (x 69B)
Class org.gradle.internal.classloader.DefaultClassLoaderFactory                       : loaded 2 times (x 80B)
Class dagger.internal.codegen.validation.InjectValidator                              : loaded 2 times (x 73B)
Class dagger.internal.codegen.binding.MapKeys                                         : loaded 2 times (x 69B)
Class dagger.spi.shaded.androidx.room.compiler.processing.XHasModifiers               : loaded 2 times (x 68B)
Class dagger.spi.shaded.androidx.room.compiler.processing.XElement                    : loaded 2 times (x 68B)
Class androidx.room.compiler.processing.javac.JavacProcessingEnv$typeElementStore$1   : loaded 2 times (x 77B)
Class dagger.spi.shaded.androidx.room.compiler.processing.javac.kotlin.KmClassContainer$functionByDescriptor$2: loaded 2 times (x 77B)
Class dagger.spi.shaded.androidx.room.jarjarred.kotlinx.metadata.internal.metadata.ProtoBuf$TypeParameter: loaded 2 times (x 128B)
Class androidx.room.compiler.processing.javac.JavacProcessingEnv$typeElementStore$2   : loaded 2 times (x 76B)
Class dagger.spi.shaded.androidx.room.compiler.processing.javac.JavacArrayType$xTypeName$2: loaded 2 times (x 77B)
Class androidx.room.compiler.processing.javac.JavacProcessingEnv$typeElementStore$3   : loaded 2 times (x 77B)
Class dagger.spi.shaded.androidx.room.jarjarred.kotlinx.metadata.KmVersionRequirementVersionKind: loaded 2 times (x 77B)
Class dagger.internal.codegen.xprocessing.XAnnotations$1                              : loaded 2 times (x 82B)
Class dagger.spi.shaded.androidx.room.compiler.processing.javac.JavacAnnotationValue$value$2: loaded 2 times (x 77B)
Class dagger.internal.codegen.xprocessing.XProcessingEnvs                             : loaded 2 times (x 69B)
Class dagger.internal.codegen.componentgenerator.ComponentGenerator                   : loaded 2 times (x 75B)
Class org.gradle.cache.GlobalCache                                                    : loaded 2 times (x 68B)
Class dagger.spi.shaded.androidx.room.compiler.processing.javac.JavacTypeElement$DefaultJavacTypeElement: loaded 2 times (x 287B)
Class dagger.internal.codegen.processingstep.TypeCheckingProcessingStep_MembersInjector: loaded 2 times (x 73B)
Class dagger.hilt.processor.internal.root.ir.InvalidRootsException                    : loaded 2 times (x 80B)
Class dagger.hilt.processor.internal.aggregateddeps.AggregatedDepsProcessingStep      : loaded 2 times (x 85B)
Class dagger.hilt.processor.internal.uninstallmodules.UninstallModulesProcessingStep  : loaded 2 times (x 85B)
Class dagger.internal.codegen.binding.AutoValue_FrameworkField                        : loaded 2 times (x 72B)
Class dagger.spi.shaded.androidx.room.compiler.processing.util.MemoizedSequence$CachedIterator: loaded 2 times (x 77B)
Class com.squareup.javapoet.ClassName$1                                               : loaded 2 times (x 95B)
Class dagger.spi.shaded.androidx.room.jarjarred.kotlinx.metadata.KmClassifier$Class   : loaded 2 times (x 70B)
Class dagger.internal.codegen.validation.BindingElementValidator$ElementValidator     : loaded 2 times (x 75B)
Class com.google.common.io.Closer                                                     : loaded 2 times (x 76B)
Class dagger.spi.shaded.androidx.room.jarjarred.kotlinx.metadata.internal.metadata.jvm.JvmProtoBuf$StringTableTypesOrBuilder: loaded 2 times (x 68B)
Class dagger.spi.shaded.androidx.room.jarjarred.kotlinx.metadata.internal.metadata.jvm.deserialization.JvmNameResolverBase: loaded 2 times (x 78B)
Class dagger.spi.shaded.auto.common.MoreTypes$TypeEquivalence                         : loaded 2 times (x 80B)
Class dagger.internal.codegen.model.AutoValue_DaggerTypeElement                       : loaded 2 times (x 73B)
Class dagger.internal.codegen.bindinggraphvalidation.MapMultibindingValidator         : loaded 2 times (x 83B)
Class dagger.internal.codegen.compileroption.FeatureStatus                            : loaded 2 times (x 77B)
Class [Lorg.gradle.api.internal.ClassPathProvider;                                    : loaded 2 times (x 67B)
Class com.google.common.util.concurrent.AbstractFuture$SafeAtomicHelper               : loaded 2 times (x 77B)
Class dagger.internal.codegen.xprocessing.XTypes$TypeResolutionVisitor                : loaded 2 times (x 99B)
Class dagger.internal.codegen.validation.BindingMethodValidatorsModule_IndexValidatorsFactory: loaded 2 times (x 75B)
Class dagger.internal.codegen.validation.BindsMethodValidator$Validator               : loaded 2 times (x 78B)
Class dagger.spi.shaded.androidx.room.jarjarred.kotlinx.metadata.internal.metadata.ProtoBuf$Expression$ConstantValue: loaded 2 times (x 80B)
Class com.google.common.collect.AbstractMapBasedMultiset                              : loaded 2 times (x 161B)
Class dagger.spi.shaded.androidx.room.jarjarred.kotlinx.metadata.internal.metadata.jvm.deserialization.JvmMemberSignature: loaded 2 times (x 72B)
Class dagger.spi.shaded.androidx.room.jarjarred.kotlinx.metadata.internal.protobuf.CodedOutputStream$OutOfSpaceException: loaded 2 times (x 80B)
Class dagger.spi.shaded.androidx.room.jarjarred.kotlinx.metadata.internal.metadata.ProtoBuf$Type$1: loaded 2 times (x 142B)
Class dagger.internal.codegen.compileroption.ValidationType$1                         : loaded 2 times (x 69B)
Class org.gradle.util.internal.GUtil                                                  : loaded 2 times (x 69B)
Class dagger.spi.shaded.androidx.room.compiler.processing.javac.JavacTypeVariableType$equalityItems$2: loaded 2 times (x 77B)
Class dagger.internal.codegen.validation.SpiModelBindingGraphConverter$DaggerProcessingEnvImpl: loaded 2 times (x 74B)
Class dagger.internal.codegen.base.Formatter                                          : loaded 2 times (x 83B)
Class com.google.common.collect.HashMultimapGwtSerializationDependencies              : loaded 2 times (x 172B)
Class dagger.internal.codegen.model.DaggerExecutableElement                           : loaded 2 times (x 71B)
Class androidx.room.processor.Context$ProcessorOptions                                : loaded 2 times (x 77B)
Class dagger.spi.shaded.androidx.room.jarjarred.kotlinx.metadata.jvm.JvmPropertyExtensionVisitor: loaded 2 times (x 80B)
Class dagger.spi.shaded.androidx.room.jarjarred.kotlinx.metadata.internal.metadata.ProtoBuf$FunctionOrBuilder: loaded 2 times (x 68B)
Class dagger.internal.codegen.bindinggraphvalidation.DuplicateBindingsValidator       : loaded 2 times (x 83B)
Class dagger.hilt.android.processor.internal.viewmodel.ViewModelProcessor             : loaded 2 times (x 98B)
Class [Lcom.google.common.reflect.Types$JavaVersion;                                  : loaded 2 times (x 67B)
Class dagger.spi.shaded.androidx.room.jarjarred.kotlinx.metadata.internal.protobuf.ByteString$Output: loaded 2 times (x 84B)
Class dagger.internal.codegen.base.ContributionType                                   : loaded 2 times (x 77B)
Class dagger.spi.shaded.androidx.room.jarjarred.kotlinx.metadata.jvm.JvmFunctionExtensionVisitor: loaded 2 times (x 78B)
Class dagger.internal.codegen.validation.BindsOptionalOfMethodValidator               : loaded 2 times (x 76B)
Class org.gradle.internal.classloader.ClassLoaderSpec                                 : loaded 2 times (x 69B)
Class dagger.internal.codegen.binding.AutoValue_MultibindingDeclaration               : loaded 2 times (x 77B)
Class dagger.spi.shaded.androidx.room.compiler.processing.javac.kotlin.KmTypeContainer: loaded 2 times (x 80B)
Class dagger.spi.shaded.androidx.room.jarjarred.kotlinx.metadata.internal.metadata.ProtoBuf$Contract: loaded 2 times (x 105B)
Class com.google.common.io.LineProcessor                                              : loaded 2 times (x 68B)
Class dagger.internal.codegen.javapoet.AnnotationSpecs$Suppression                    : loaded 2 times (x 77B)
Class com.google.common.collect.ImmutableSetMultimap$EntrySet                         : loaded 2 times (x 144B)
Class dagger.internal.codegen.model.AutoValue_DaggerAnnotation                        : loaded 2 times (x 75B)
Class dagger.spi.shaded.androidx.room.jarjarred.kotlinx.metadata.internal.extensions.KmPropertyExtension: loaded 2 times (x 68B)
Class dagger.spi.shaded.androidx.room.compiler.processing.javac.JavacTypeElement$type$2: loaded 2 times (x 77B)
Class dagger.internal.codegen.model.AutoValue_DependencyRequest$Builder               : loaded 2 times (x 75B)
Class dagger.spi.shaded.androidx.room.compiler.processing.javac.JavacTypeElement$_declaredFields$2: loaded 2 times (x 77B)
Class dagger.hilt.processor.internal.JavacBaseProcessingStepProcessor                 : loaded 2 times (x 98B)
Class com.google.common.io.CharSink                                                   : loaded 2 times (x 77B)
Class dagger.spi.shaded.androidx.room.compiler.processing.javac.JavacDeclaredType$typeArguments$2: loaded 2 times (x 77B)
Class dagger.internal.codegen.base.$AutoValue_ModuleAnnotation                        : loaded 2 times (x 74B)
Class dagger.internal.codegen.validation.MultibindsMethodValidator                    : loaded 2 times (x 77B)
Class com.squareup.javapoet.LineWrapper$1                                             : loaded 2 times (x 69B)
Class dagger.spi.shaded.androidx.room.jarjarred.kotlinx.metadata.internal.ReadUtilsKt : loaded 2 times (x 69B)
Class org.objectweb.asm.Frame                                                         : loaded 2 times (x 71B)
Class Settings_gradle$1$1                                                             : loaded 2 times (x 72B)
Class dagger.spi.shaded.androidx.room.compiler.processing.XEnumTypeElementKt          : loaded 2 times (x 69B)
Class com.google.common.collect.LinkedHashMultimap$ValueSet$1                         : loaded 2 times (x 80B)
Class dagger.spi.shaded.androidx.room.jarjarred.kotlinx.metadata.internal.metadata.jvm.JvmProtoBuf$JvmMethodSignature$1: loaded 2 times (x 142B)
Class dagger.spi.shaded.androidx.room.compiler.processing.javac.JavacArrayType$equalityItems$2: loaded 2 times (x 77B)
Class dagger.spi.shaded.androidx.room.compiler.processing.InternalXAnnotationValue$Companion: loaded 2 times (x 69B)
Class dagger.spi.shaded.androidx.room.compiler.processing.javac.JavacAnnotationValueKt$UNWRAP_VISITOR$1: loaded 2 times (x 101B)
Class dagger.internal.codegen.xprocessing.XAnnotationValues$1                         : loaded 2 times (x 82B)
Class com.google.common.base.Strings                                                  : loaded 2 times (x 69B)
Class dagger.internal.codegen.validation.SpiModelBindingGraphConverter                : loaded 2 times (x 69B)
Class dagger.spi.shaded.androidx.room.compiler.processing.javac.JavacMethodParameter  : loaded 2 times (x 223B)
Class dagger.spi.shaded.androidx.room.compiler.processing.javac.XTypeElementStore     : loaded 2 times (x 70B)
Class dagger.spi.shaded.androidx.room.jarjarred.kotlinx.metadata.Flag$Property        : loaded 2 times (x 69B)
Class com.google.common.util.concurrent.AbstractFuture$TrustedFuture                  : loaded 2 times (x 95B)
Class dagger.spi.shaded.androidx.room.compiler.processing.XEnumEntry                  : loaded 2 times (x 68B)
Class dagger.spi.shaded.auto.common.MoreTypes$DeclaredTypeVisitor                     : loaded 2 times (x 100B)
Class [Lkotlin.Pair;                                                                  : loaded 2 times (x 67B)
Class com.squareup.javapoet.ParameterSpec$Builder                                     : loaded 2 times (x 70B)
Class dagger.hilt.processor.internal.ProcessorErrorHandler                            : loaded 2 times (x 70B)
Class com.squareup.kotlinpoet.TagMap$Companion                                        : loaded 2 times (x 69B)
Class dagger.internal.codegen.model.Key$MultibindingContributionIdentifier            : loaded 2 times (x 71B)
Class dagger.internal.codegen.base.Util                                               : loaded 2 times (x 69B)
Class dagger.internal.codegen.binding.ProvisionBinding$Builder                        : loaded 2 times (x 86B)
Class dagger.spi.shaded.androidx.room.jarjarred.kotlinx.metadata.internal.metadata.ProtoBuf$TypeParameterOrBuilder: loaded 2 times (x 68B)
Class dagger.internal.codegen.writing.AnnotationCreatorGenerator                      : loaded 2 times (x 78B)
Class dagger.spi.shaded.androidx.room.compiler.processing.XFiler                      : loaded 2 times (x 68B)
Class com.google.common.collect.AbstractMultiset                                      : loaded 2 times (x 157B)
Class dagger.spi.shaded.auto.common.GeneratedAnnotations                              : loaded 2 times (x 69B)
Class dagger.spi.shaded.androidx.room.jarjarred.kotlinx.metadata.KmClass              : loaded 2 times (x 96B)
Class dagger.spi.shaded.androidx.room.compiler.codegen.XTypeName$Companion            : loaded 2 times (x 69B)
Class dagger.spi.shaded.androidx.room.jarjarred.kotlinx.metadata.KmVersionRequirementLevel: loaded 2 times (x 77B)
Class dagger.spi.shaded.androidx.room.jarjarred.kotlinx.metadata.internal.metadata.ProtoBuf$Effect$EffectType$1: loaded 2 times (x 72B)
Class [Ldagger.spi.shaded.androidx.room.jarjarred.kotlinx.metadata.KmVariance;        : loaded 2 times (x 67B)
Class dagger.internal.codegen.ComponentProcessor                                      : loaded 2 times (x 96B)
Class dagger.hilt.processor.internal.earlyentrypoint.EarlyEntryPointProcessor         : loaded 2 times (x 98B)
Class dagger.internal.codegen.writing.UnwrappedMapKeyGenerator                        : loaded 2 times (x 78B)
Class dagger.spi.shaded.androidx.room.jarjarred.kotlinx.metadata.internal.protobuf.GeneratedMessageLite$ExtensionDescriptor: loaded 2 times (x 82B)
Class dagger.internal.codegen.ProcessingEnvironmentModule_FilerFactory                : loaded 2 times (x 75B)
Class dagger.internal.codegen.validation.BindingElementValidator                      : loaded 2 times (x 76B)
Class com.squareup.kotlinpoet.Annotatable                                             : loaded 2 times (x 68B)
Class dagger.internal.codegen.bindinggraphvalidation.IncompatiblyScopedBindingsValidator: loaded 2 times (x 83B)
Class dagger.spi.shaded.androidx.room.jarjarred.kotlinx.metadata.internal.metadata.jvm.deserialization.UtfEncodingKt: loaded 2 times (x 69B)
Class dagger.spi.shaded.androidx.room.compiler.processing.javac.JavacType$typeName$2  : loaded 2 times (x 77B)
Class androidx.room.compiler.processing.XProcessingEnvConfig$Builder                  : loaded 2 times (x 70B)
Class kotlin.io.FilesKt__UtilsKt                                                      : loaded 2 times (x 69B)
Class dagger.internal.codegen.validation.BindingMethodValidatorsModule                : loaded 2 times (x 68B)
Class dagger.internal.codegen.binding.$AutoValue_ModuleDescriptor                     : loaded 2 times (x 83B)
Class dagger.spi.shaded.androidx.room.compiler.processing.javac.kotlin.JvmAbi         : loaded 2 times (x 69B)
Class dagger.internal.codegen.model.Scope                                             : loaded 2 times (x 70B)
Class dagger.internal.codegen.validation.BindsMethodValidator                         : loaded 2 times (x 76B)
Class dagger.internal.codegen.DaggerDelegateComponentProcessor_Injector$TopLevelImplementationComponentFactory: loaded 2 times (x 73B)
Class dagger.spi.shaded.androidx.room.jarjarred.kotlinx.metadata.internal.protobuf.FieldSet$FieldDescriptorLite: loaded 2 times (x 68B)
Class [Ldagger.internal.codegen.validation.BindingMethodValidator$ExceptionSuperclass;: loaded 2 times (x 67B)
Class com.google.common.util.concurrent.AbstractFuture$SynchronizedHelper             : loaded 2 times (x 76B)
Class dagger.spi.shaded.androidx.room.compiler.processing.XAnnotationValue            : loaded 2 times (x 68B)
Class dagger.internal.codegen.binding.FrameworkField                                  : loaded 2 times (x 71B)
Class com.squareup.javapoet.AnnotationSpec$Builder                                    : loaded 2 times (x 70B)
Class dagger.spi.shaded.androidx.room.jarjarred.kotlinx.metadata.internal.protobuf.Parser: loaded 2 times (x 68B)
Class dagger.spi.shaded.androidx.room.jarjarred.kotlinx.metadata.internal.metadata.ProtoBuf$Type: loaded 2 times (x 143B)
Class com.google.common.collect.ImmutableBiMap$SerializedForm                         : loaded 2 times (x 73B)
Class dagger.spi.shaded.auto.common.Overrides$NativeOverrides                         : loaded 2 times (x 72B)
Class dagger.internal.codegen.binding.ComponentDescriptorFactory                      : loaded 2 times (x 70B)
Class dagger.spi.shaded.androidx.room.compiler.processing.javac.kotlin.KmBaseTypeContainer: loaded 2 times (x 68B)
Class dagger.spi.shaded.androidx.room.compiler.processing.XElementKt                  : loaded 2 times (x 69B)
Class org.objectweb.asm.SymbolTable                                                   : loaded 2 times (x 70B)
Class dagger.internal.codegen.base.UniqueNameSet                                      : loaded 2 times (x 70B)
Class org.gradle.internal.service.UnknownServiceException                             : loaded 2 times (x 81B)
Class dagger.spi.shaded.androidx.room.compiler.processing.XProcessingEnvConfig$Companion: loaded 2 times (x 69B)
Class [Lorg.objectweb.asm.AnnotationVisitor;                                          : loaded 2 times (x 67B)
Class com.squareup.javapoet.FieldSpec$Builder                                         : loaded 2 times (x 70B)
Class dagger.spi.shaded.androidx.room.jarjarred.kotlinx.metadata.jvm.internal.JvmExtensionNodesKt: loaded 2 times (x 69B)
Class org.gradle.internal.service.DefaultServiceLocator                               : loaded 2 times (x 81B)
Class dagger.internal.codegen.kotlin.KotlinMetadataFactory                            : loaded 2 times (x 73B)
Class dagger.hilt.processor.internal.HiltProcessingEnvConfigs                         : loaded 2 times (x 69B)
Class dagger.internal.codegen.validation.ComponentCreatorValidator                    : loaded 2 times (x 73B)
Class [Ldagger.spi.shaded.androidx.room.compiler.processing.InternalXAnnotationValue$Kind;: loaded 2 times (x 67B)
Class org.objectweb.asm.Attribute                                                     : loaded 2 times (x 75B)
Class dagger.spi.shaded.androidx.room.compiler.processing.XConstructorType            : loaded 2 times (x 68B)
Class dagger.spi.model.BindingGraphPlugin                                             : loaded 2 times (x 68B)
Class dagger.internal.InstanceFactory                                                 : loaded 2 times (x 78B)
Class dagger.spi.shaded.androidx.room.jarjarred.kotlinx.metadata.KmType               : loaded 2 times (x 81B)
Class dagger.spi.shaded.androidx.room.compiler.processing.javac.JavacTypeElement$enclosingElement$2: loaded 2 times (x 77B)
Class dagger.internal.codegen.model.AutoValue_DependencyRequest                       : loaded 2 times (x 74B)
Class org.gradle.internal.classloader.VisitableURLClassLoader                         : loaded 2 times (x 115B)
Class com.squareup.javapoet.WildcardTypeName                                          : loaded 2 times (x 79B)
Class dagger.spi.shaded.androidx.room.jarjarred.kotlinx.metadata.internal.metadata.jvm.JvmProtoBuf$JvmMethodSignature$Builder: loaded 2 times (x 132B)
Class dagger.spi.shaded.androidx.room.jarjarred.kotlinx.metadata.internal.protobuf.AbstractMessageLite$Builder: loaded 2 times (x 120B)
Class dagger.internal.codegen.binding.InjectionSiteFactory                            : loaded 2 times (x 70B)
Class dagger.hilt.android.processor.internal.bindvalue.BindValueMetadata              : loaded 2 times (x 71B)
Class dagger.internal.codegen.binding.DependencyRequestFactory_Factory                : loaded 2 times (x 75B)
Class com.squareup.javapoet.ParameterSpec                                             : loaded 2 times (x 70B)
Class dagger.internal.codegen.binding.ModuleDescriptor_Factory_Factory                : loaded 2 times (x 75B)
Class com.google.common.collect.HashBiMap$BiEntry                                     : loaded 2 times (x 81B)
Class dagger.internal.codegen.binding.InjectBindingRegistry                           : loaded 2 times (x 68B)
Class dagger.internal.codegen.validation.BindingMethodValidator$ExceptionSuperclass   : loaded 2 times (x 79B)
Class dagger.spi.shaded.androidx.room.compiler.processing.XExecutableType             : loaded 2 times (x 68B)
Class com.google.common.collect.ImmutableMap$IteratorBasedImmutableMap$1EntrySetImpl  : loaded 2 times (x 150B)
Class [Ldagger.internal.codegen.compileroption.ProcessingEnvironmentCompilerOptions$EnumOption;: loaded 2 times (x 67B)
Class kotlin.io.FilesKt__FileTreeWalkKt                                               : loaded 2 times (x 69B)
Class dagger.internal.codegen.processingstep.AssistedInjectProcessingStep             : loaded 2 times (x 84B)
Class dagger.spi.shaded.androidx.room.compiler.processing.javac.JavacConstructorElement$kotlinMetadata$2: loaded 2 times (x 77B)
Class org.gradle.api.internal.classpath.DefaultModuleRegistry                         : loaded 2 times (x 84B)
Class com.google.common.util.concurrent.AbstractFuture$AtomicHelper                   : loaded 2 times (x 76B)
Class kotlin.reflect.jvm.internal.ReflectProperties$LazyVal                           : loaded 2 times (x 73B)
Class org.gradle.internal.Cast                                                        : loaded 2 times (x 69B)
Class dagger.internal.codegen.binding.ContributionBinding                             : loaded 2 times (x 88B)
Class dagger.spi.shaded.androidx.room.jarjarred.kotlinx.metadata.jvm.JvmPropertyExtensionVisitor$Companion: loaded 2 times (x 69B)
Class dagger.internal.codegen.DelegateComponentProcessor$SourceFileGeneratorsModule   : loaded 2 times (x 68B)
Class com.squareup.kotlinpoet.ClassName$Companion                                     : loaded 2 times (x 69B)
Class com.google.common.hash.PrimitiveSink                                            : loaded 2 times (x 68B)
Class dagger.internal.codegen.bindinggraphvalidation.DependencyCycleValidator_Factory : loaded 2 times (x 75B)
Class com.squareup.javapoet.TypeVariableName                                          : loaded 2 times (x 79B)
Class dagger.hilt.processor.internal.aggregateddeps.PkgPrivateMetadata                : loaded 2 times (x 73B)
Class com.google.common.collect.NullnessCasts                                         : loaded 2 times (x 69B)
Class dagger.spi.shaded.androidx.room.jarjarred.kotlinx.metadata.internal.protobuf.ByteString: loaded 2 times (x 106B)
Class com.squareup.javapoet.Util                                                      : loaded 2 times (x 69B)
Class androidx.room.compiler.processing.javac.JavacBasicAnnotationProcessor$xEnv$2    : loaded 2 times (x 77B)
Class dagger.internal.codegen.validation.BindingGraphValidator                        : loaded 2 times (x 70B)
Class com.google.common.io.ByteStreams$1                                              : loaded 2 times (x 83B)
Class dagger.internal.codegen.validation.ExternalBindingGraphPlugins_Factory          : loaded 2 times (x 75B)
Class org.gradle.api.internal.ClassPathRegistry                                       : loaded 2 times (x 68B)
Class com.google.common.collect.RegularImmutableBiMap$Inverse                         : loaded 2 times (x 141B)
Class dagger.spi.shaded.androidx.room.jarjarred.kotlinx.metadata.InconsistentKotlinMetadataException: loaded 2 times (x 80B)
Class dagger.internal.codegen.validation.ComponentHierarchyValidator                  : loaded 2 times (x 70B)
Class dagger.internal.codegen.compileroption.ProcessingEnvironmentCompilerOptions$KeyOnlyOption: loaded 2 times (x 84B)
Class dagger.spi.shaded.androidx.room.compiler.processing.XProcessingEnv$Backend      : loaded 2 times (x 77B)
Class kotlin.reflect.jvm.internal.impl.builtins.functions.FunctionClassKind           : loaded 2 times (x 78B)
Class [Lcom.squareup.javapoet.ClassName;                                              : loaded 2 times (x 67B)
Class dagger.spi.shaded.androidx.room.jarjarred.kotlinx.metadata.internal.metadata.ProtoBuf$Contract$1: loaded 2 times (x 142B)
Class dagger.spi.shaded.androidx.room.jarjarred.kotlinx.metadata.internal.protobuf.InvalidProtocolBufferException: loaded 2 times (x 82B)
Class dagger.internal.codegen.compileroption.ProcessingEnvironmentCompilerOptions$KeyOnlyOption$2: loaded 2 times (x 84B)
Class [Landroidx.room.processor.Context$ProcessorOptions;                             : loaded 2 times (x 67B)
Class com.google.common.io.FileWriteMode                                              : loaded 2 times (x 77B)
Class dagger.internal.codegen.DelegateComponentProcessor_SourceFileGeneratorsModule_ProducerFactoryGeneratorFactory: loaded 2 times (x 75B)
Class com.squareup.javapoet.JavaFile$1                                                : loaded 2 times (x 77B)
Class org.gradle.internal.classloader.VisitableURLClassLoader$InstrumentingVisitableURLClassLoader: loaded 2 times (x 121B)
Class dagger.spi.shaded.androidx.room.compiler.processing.javac.JavacFieldElement     : loaded 2 times (x 225B)
Class dagger.spi.shaded.androidx.room.jarjarred.kotlinx.metadata.internal.metadata.ProtoBuf$Property$1: loaded 2 times (x 142B)
Class org.gradle.internal.classloader.ClassLoaderHierarchy                            : loaded 2 times (x 68B)
Class dagger.internal.codegen.bindinggraphvalidation.SetMultibindingValidator_Factory : loaded 2 times (x 74B)
Class dagger.internal.codegen.binding.FrameworkType$1                                 : loaded 2 times (x 82B)
Class dagger.spi.shaded.androidx.room.jarjarred.kotlinx.metadata.internal.protobuf.SmallSortedMap$Entry: loaded 2 times (x 86B)
Class dagger.spi.shaded.androidx.room.compiler.processing.javac.JavacBasicAnnotationProcessor$commonDelegate$2: loaded 2 times (x 77B)
Class dagger.internal.codegen.binding.FrameworkType$2                                 : loaded 2 times (x 82B)
Class com.google.common.collect.Maps$FilteredEntryMap$EntrySet                        : loaded 2 times (x 150B)
Class dagger.hilt.processor.internal.aggregateddeps.AggregatedDepsGenerator           : loaded 2 times (x 70B)
Class dagger.internal.codegen.model.AutoValue_Key                                     : loaded 2 times (x 78B)
Class dagger.internal.codegen.bindinggraphvalidation.CompositeBindingGraphPlugin_Factory_Impl: loaded 2 times (x 73B)
Class [Ldagger.spi.shaded.androidx.room.jarjarred.kotlinx.metadata.internal.metadata.ProtoBuf$TypeParameter$Variance;: loaded 2 times (x 67B)
Class dagger.spi.shaded.androidx.room.compiler.processing.javac.JavacAnnotation$defaultValues$2: loaded 2 times (x 77B)
Class dagger.internal.codegen.binding.FrameworkType$3                                 : loaded 2 times (x 69B)
Class dagger.internal.codegen.DelegateComponentProcessor_SourceFileGeneratorsModule_ModuleConstructorProxyGeneratorFactory: loaded 2 times (x 75B)
Class dagger.spi.shaded.androidx.room.compiler.processing.XExecutableParameterElement : loaded 2 times (x 68B)
Class dagger.internal.codegen.compileroption.ProcessingEnvironmentCompilerOptions$KeyOnlyOption$1: loaded 2 times (x 84B)
Class dagger.spi.shaded.androidx.room.compiler.processing.XEquality                   : loaded 2 times (x 68B)
Class dagger.spi.shaded.androidx.room.jarjarred.kotlinx.metadata.internal.metadata.ProtoBuf$Constructor$1: loaded 2 times (x 142B)
Class dagger.spi.shaded.androidx.room.compiler.processing.InternalXAnnotated          : loaded 2 times (x 68B)
Class org.gradle.internal.classpath.ClassPath                                         : loaded 2 times (x 68B)
Class com.squareup.javapoet.JavaFile$Builder                                          : loaded 2 times (x 70B)
Class dagger.spi.shaded.androidx.room.jarjarred.kotlinx.metadata.internal.protobuf.LiteralByteString: loaded 2 times (x 110B)
Class dagger.spi.shaded.androidx.room.compiler.processing.javac.JavacMethodElement$parameters$2: loaded 2 times (x 77B)
Class dagger.spi.shaded.androidx.room.compiler.codegen.XTypeNameKt                    : loaded 2 times (x 69B)
Class dagger.spi.shaded.androidx.room.compiler.processing.ksp.KSTypeJavaPoetExtKt$typeVarNameConstructor$2: loaded 2 times (x 76B)
Class dagger.internal.codegen.writing.ProducerFactoryGenerator$FutureTransform        : loaded 2 times (x 76B)
Class [Ldagger.internal.codegen.model.BindingKind;                                    : loaded 2 times (x 67B)
Class dagger.spi.shaded.androidx.room.jarjarred.kotlinx.metadata.internal.protobuf.SmallSortedMap$EmptySet$1: loaded 2 times (x 76B)
Class dagger.spi.shaded.androidx.room.jarjarred.kotlinx.metadata.internal.protobuf.SmallSortedMap$EmptySet$2: loaded 2 times (x 76B)
Class com.squareup.javapoet.CodeWriter$Multiset                                       : loaded 2 times (x 70B)
Class dagger.internal.codegen.binding.BindingGraph$TopLevelBindingGraph               : loaded 2 times (x 97B)
Class dagger.internal.codegen.processingstep.InjectProcessingStep_Factory             : loaded 2 times (x 75B)
Class dagger.spi.shaded.androidx.room.compiler.processing.javac.JavacTypeElement$_declaredMethods$2: loaded 2 times (x 77B)
Class com.google.common.collect.Lists$ReverseList                                     : loaded 2 times (x 160B)
Class dagger.internal.codegen.ProcessingEnvironmentModule                             : loaded 2 times (x 68B)
Class com.google.common.io.Closer$Suppressor                                          : loaded 2 times (x 68B)
Class dagger.internal.codegen.binding.KeyFactory_Factory                              : loaded 2 times (x 75B)
Class [Landroidx.room.processor.Context$BooleanProcessorOptions;                      : loaded 2 times (x 67B)
Class dagger.internal.codegen.base.DaggerSuperficialValidation$ValidationException$KnownErrorType: loaded 2 times (x 81B)
Class dagger.Lazy                                                                     : loaded 2 times (x 68B)
Class com.squareup.kotlinpoet.TagMap                                                  : loaded 2 times (x 77B)
Class dagger.spi.shaded.androidx.room.compiler.processing.javac.JavacMethodElement$kotlinDefaultImplClass$2: loaded 2 times (x 77B)
Class dagger.internal.codegen.writing.ProducerFactoryGenerator$SingleArgFutureTransform: loaded 2 times (x 76B)
Class com.google.common.collect.AbstractMapBasedMultimap$WrappedList                  : loaded 2 times (x 165B)
Class [Lorg.objectweb.asm.Type;                                                       : loaded 2 times (x 67B)
Class dagger.internal.codegen.writing.MembersInjectorGenerator_Factory                : loaded 2 times (x 75B)
Class dagger.spi.shaded.androidx.room.jarjarred.kotlinx.metadata.KmConstructorExtensionVisitor: loaded 2 times (x 68B)
Class dagger.spi.shaded.androidx.room.jarjarred.kotlinx.metadata.internal.metadata.jvm.JvmProtoBuf$StringTableTypes: loaded 2 times (x 108B)
Class com.squareup.kotlinpoet.TypeName                                                : loaded 2 times (x 84B)
Class dagger.spi.shaded.androidx.room.jarjarred.kotlinx.metadata.internal.metadata.ProtoBuf$TypeParameter$1: loaded 2 times (x 142B)
Class dagger.spi.shaded.androidx.room.compiler.processing.javac.JavacTypeElement$allMethods$1: loaded 2 times (x 77B)
Class dagger.internal.codegen.bindinggraphvalidation.DependsOnProductionExecutorValidator_Factory: loaded 2 times (x 75B)
Class dagger.spi.shaded.androidx.room.jarjarred.kotlinx.metadata.KmVariance           : loaded 2 times (x 77B)
Class dagger.spi.shaded.androidx.room.jarjarred.kotlinx.metadata.internal.metadata.ProtoBuf$TypeOrBuilder: loaded 2 times (x 68B)
Class com.google.common.collect.Lists$ReverseList$1                                   : loaded 2 times (x 97B)
Class com.google.common.base.AbstractIterator$State                                   : loaded 2 times (x 77B)
Class dagger.internal.codegen.base.ClearableCache                                     : loaded 2 times (x 68B)
Class [Lkotlin.reflect.jvm.internal.impl.builtins.functions.FunctionClassKind;        : loaded 2 times (x 67B)
Class dagger.spi.shaded.androidx.room.jarjarred.kotlinx.metadata.internal.metadata.jvm.JvmProtoBuf$JvmPropertySignature: loaded 2 times (x 112B)
Class dagger.internal.codegen.bindinggraphvalidation.MapMultibindingValidator_Factory : loaded 2 times (x 75B)
Class dagger.internal.codegen.base.RequestKinds$1                                     : loaded 2 times (x 69B)
Class dagger.internal.codegen.validation.ProvidesMethodValidator                      : loaded 2 times (x 76B)
Class dagger.spi.shaded.androidx.room.compiler.processing.XBasicAnnotationProcessor   : loaded 2 times (x 68B)
Class dagger.spi.shaded.androidx.room.jarjarred.kotlinx.metadata.internal.metadata.deserialization.VersionRequirement: loaded 2 times (x 70B)
Class com.google.common.cache.LocalCache$StrongValueReference                         : loaded 2 times (x 88B)
Class dagger.internal.codegen.base.ModuleKind                                         : loaded 2 times (x 77B)
Class dagger.spi.shaded.androidx.room.compiler.processing.XExecutableElement          : loaded 2 times (x 68B)
Class dagger.internal.codegen.base.DaggerSuperficialValidation$1                      : loaded 2 times (x 69B)
Class dagger.internal.codegen.model.BindingGraph                                      : loaded 2 times (x 91B)
Class dagger.internal.codegen.validation.AnyBindingMethodValidator_Factory            : loaded 2 times (x 75B)
Class [Ldagger.internal.codegen.writing.InjectionMethods$InstanceCastPolicy;          : loaded 2 times (x 67B)
Class dagger.internal.codegen.writing.InaccessibleMapKeyProxyGenerator_Factory        : loaded 2 times (x 75B)
Class dagger.spi.shaded.androidx.room.jarjarred.kotlinx.metadata.KmFunctionVisitor    : loaded 2 times (x 79B)
Class org.gradle.internal.InternalTransformer                                         : loaded 2 times (x 68B)
Class com.google.common.collect.AbstractMapBasedMultimap$AsMap$AsMapEntries           : loaded 2 times (x 136B)
Class dagger.spi.shaded.androidx.room.jarjarred.kotlinx.metadata.internal.metadata.ProtoBuf$VersionRequirement: loaded 2 times (x 114B)
Class dagger.spi.shaded.androidx.room.jarjarred.kotlinx.metadata.internal.protobuf.FieldSet: loaded 2 times (x 70B)
Class dagger.internal.codegen.writing.ProducerFactoryGenerator$MultiArgFutureTransform: loaded 2 times (x 76B)
Class dagger.spi.shaded.androidx.room.jarjarred.kotlinx.metadata.internal.metadata.ProtoBuf$MemberKind: loaded 2 times (x 80B)
Class dagger.spi.shaded.androidx.room.jarjarred.kotlinx.metadata.internal.metadata.ProtoBuf$Expression$ConstantValue$1: loaded 2 times (x 72B)
Class [Ldagger.spi.shaded.androidx.room.jarjarred.kotlinx.metadata.internal.metadata.jvm.JvmProtoBuf$StringTableTypes$Record$Operation;: loaded 2 times (x 67B)
Class dagger.internal.codegen.validation.BindsInstanceMethodValidator_Factory         : loaded 2 times (x 75B)
Class dagger.internal.codegen.writing.ModuleProxies$ModuleConstructorProxyGenerator   : loaded 2 times (x 75B)
Class org.gradle.internal.service.ServiceLocator                                      : loaded 2 times (x 68B)
Class androidx.room.compiler.processing.javac.JavacBasicAnnotationProcessor           : loaded 2 times (x 96B)
Class Settings_gradle$1                                                               : loaded 2 times (x 72B)
Class dagger.spi.shaded.androidx.room.compiler.processing.javac.kotlin.KmValueParameterContainer: loaded 2 times (x 73B)
Class com.squareup.javapoet.JavaFile                                                  : loaded 2 times (x 70B)
Class dagger.spi.shaded.androidx.room.compiler.processing.XEnumTypeElement            : loaded 2 times (x 68B)
Class com.google.common.collect.ImmutableMap$MapViewOfValuesAsSingletonSets$1$1       : loaded 2 times (x 81B)
Class com.google.common.util.concurrent.SettableFuture                                : loaded 2 times (x 95B)
Class com.google.common.collect.HashMultiset                                          : loaded 2 times (x 161B)
Class dagger.spi.shaded.auto.common.AnnotationOutput                                  : loaded 2 times (x 69B)
Class dagger.internal.codegen.validation.BindingElementValidator$AllowsMultibindings  : loaded 2 times (x 77B)
Class dagger.spi.shaded.androidx.room.jarjarred.kotlinx.metadata.jvm.JvmFunctionExtensionVisitor$Companion: loaded 2 times (x 69B)
Class dagger.spi.shaded.androidx.room.jarjarred.kotlinx.metadata.internal.metadata.deserialization.VersionRequirement$Version: loaded 2 times (x 69B)
Class androidx.room.compiler.processing.XFiler                                        : loaded 2 times (x 68B)
Class dagger.spi.shaded.androidx.room.jarjarred.kotlinx.metadata.internal.metadata.jvm.JvmProtoBuf$JvmFieldSignatureOrBuilder: loaded 2 times (x 68B)
Class com.google.common.io.Files$2                                                    : loaded 2 times (x 74B)
Class dagger.spi.shaded.androidx.room.compiler.processing.javac.JavacMethodElement$executableType$2: loaded 2 times (x 77B)
Class dagger.spi.shaded.androidx.room.jarjarred.kotlinx.metadata.internal.metadata.ProtoBuf$Function$1: loaded 2 times (x 142B)
Class dagger.internal.codegen.binding.OptionalBindingDeclaration$Factory              : loaded 2 times (x 71B)
Class dagger.spi.shaded.androidx.room.jarjarred.kotlinx.metadata.internal.extensions.KmConstructorExtension: loaded 2 times (x 68B)
Class com.google.common.reflect.Types$ParameterizedTypeImpl                           : loaded 2 times (x 79B)
Class [Lcom.squareup.javapoet.TypeSpec$Kind;                                          : loaded 2 times (x 67B)
Class dagger.spi.shaded.androidx.room.jarjarred.kotlinx.metadata.internal.metadata.jvm.JvmProtoBuf$StringTableTypes$RecordOrBuilder: loaded 2 times (x 68B)
Class com.google.common.io.ByteStreams                                                : loaded 2 times (x 69B)
Class dagger.spi.shaded.androidx.room.jarjarred.kotlinx.metadata.internal.protobuf.Internal$EnumLiteMap: loaded 2 times (x 68B)
Class dagger.spi.shaded.androidx.room.compiler.processing.javac.JavacElement$equalityItems$2: loaded 2 times (x 77B)
Class [Ldagger.internal.codegen.xprocessing.XTypeElements$Visibility;                 : loaded 2 times (x 67B)
Class dagger.internal.codegen.bindinggraphvalidation.BindingGraphValidationModule     : loaded 2 times (x 68B)
Class dagger.internal.codegen.binding.AutoValue_DelegateDeclaration                   : loaded 2 times (x 81B)
Class dagger.spi.shaded.auto.common.MoreTypes$TypeVariableVisitor                     : loaded 2 times (x 100B)
Class dagger.hilt.android.processor.internal.androidentrypoint.AndroidEntryPointProcessingStep: loaded 2 times (x 85B)
Class dagger.spi.shaded.androidx.room.jarjarred.kotlinx.metadata.internal.protobuf.SmallSortedMap$EmptySet: loaded 2 times (x 69B)
Class dagger.spi.shaded.androidx.room.jarjarred.kotlinx.metadata.internal.metadata.jvm.JvmProtoBuf: loaded 2 times (x 69B)
Class dagger.internal.codegen.binding.ModuleDescriptor$Factory                        : loaded 2 times (x 73B)
Class dagger.internal.codegen.componentgenerator.ComponentGenerator_Factory           : loaded 2 times (x 75B)
Class androidx.room.compiler.processing.javac.JavacProcessingEnv                      : loaded 2 times (x 113B)
Class [Ldagger.internal.codegen.base.ModuleKind;                                      : loaded 2 times (x 67B)
Class dagger.internal.codegen.kotlin.KotlinMetadataUtil                               : loaded 2 times (x 70B)
Class kotlin.jvm.internal.TypeIntrinsics                                              : loaded 2 times (x 69B)
Class [Ldagger.internal.codegen.binding.FrameworkType;                                : loaded 2 times (x 67B)
Class com.google.common.base.VerifyException                                          : loaded 2 times (x 80B)
Class com.google.common.collect.HashBiMap                                             : loaded 2 times (x 141B)
Class kotlin.io.TerminateException                                                    : loaded 2 times (x 80B)
Class dagger.hilt.processor.internal.Components                                       : loaded 2 times (x 69B)
Class dagger.internal.codegen.validation.DependencyRequestValidator                   : loaded 2 times (x 70B)
Class dagger.spi.shaded.androidx.room.jarjarred.kotlinx.metadata.internal.protobuf.GeneratedMessageLite$ExtendableMessage: loaded 2 times (x 111B)
Class dagger.spi.shaded.androidx.room.jarjarred.kotlinx.metadata.Flag$Class           : loaded 2 times (x 69B)
Class dagger.hilt.processor.internal.earlyentrypoint.EarlyEntryPointProcessingStep    : loaded 2 times (x 85B)
Class com.squareup.javapoet.AnnotationSpec                                            : loaded 2 times (x 70B)
Class dagger.spi.shaded.androidx.room.compiler.processing.javac.JavacProcessingEnv$messager$2: loaded 2 times (x 77B)
Class com.google.common.reflect.Types$JavaVersion$1                                   : loaded 2 times (x 81B)
Class dagger.hilt.android.processor.internal.bindvalue.BindValueProcessor             : loaded 2 times (x 98B)
Class com.google.common.reflect.Types$JavaVersion$2                                   : loaded 2 times (x 81B)
Class dagger.internal.codegen.processingstep.BindingMethodProcessingStep              : loaded 2 times (x 84B)
Class [Lorg.objectweb.asm.Label;                                                      : loaded 2 times (x 67B)
Class com.google.common.reflect.Types$JavaVersion$3                                   : loaded 2 times (x 81B)
Class org.gradle.internal.classpath.DefaultClassPath$ImmutableUniqueList              : loaded 2 times (x 159B)
Class dagger.spi.shaded.androidx.room.jarjarred.kotlinx.metadata.KmClassifier         : loaded 2 times (x 69B)
Class com.google.common.reflect.Types$JavaVersion$4                                   : loaded 2 times (x 81B)
Class dagger.spi.shaded.auto.common.MoreTypes$ArrayTypeVisitor                        : loaded 2 times (x 100B)
Class com.google.common.reflect.Types$JavaVersion$5                                   : loaded 2 times (x 69B)
Class dagger.internal.codegen.processingstep.MonitoringModuleGenerator_Factory        : loaded 2 times (x 75B)
Class dagger.spi.shaded.androidx.room.compiler.processing.javac.kotlin.KmFunctionContainer: loaded 2 times (x 68B)
Class dagger.internal.SingleCheck                                                     : loaded 2 times (x 73B)
Class org.objectweb.asm.Label                                                         : loaded 2 times (x 71B)
Class dagger.spi.shaded.androidx.room.jarjarred.kotlinx.metadata.internal.protobuf.FieldSet$1: loaded 2 times (x 69B)
Class dagger.spi.shaded.androidx.room.jarjarred.kotlinx.metadata.internal.protobuf.CodedOutputStream$ByteBufferOutputStream: loaded 2 times (x 84B)
Class [Lcom.google.common.collect.HashBiMap$BiEntry;                                  : loaded 2 times (x 67B)
Class dagger.internal.codegen.DelegateComponentProcessor_SourceFileGeneratorsModule_MembersInjectorGeneratorFactory: loaded 2 times (x 75B)
Class androidx.room.processor.Context$BooleanProcessorOptions                         : loaded 2 times (x 78B)
Class dagger.internal.codegen.validation.BindingMethodValidator$1                     : loaded 2 times (x 69B)
Class dagger.spi.shaded.androidx.room.jarjarred.kotlinx.metadata.KmTypeProjection     : loaded 2 times (x 70B)
Class dagger.spi.shaded.androidx.room.compiler.processing.InternalXAnnotation$valuesByName$2: loaded 2 times (x 77B)
Class org.gradle.internal.classpath.TransformedClassPath                              : loaded 2 times (x 94B)
Class dagger.internal.codegen.bindinggraphvalidation.SetMultibindingValidator         : loaded 2 times (x 83B)
Class dagger.spi.shaded.androidx.room.compiler.processing.XMessager                   : loaded 2 times (x 71B)
Class dagger.spi.shaded.androidx.room.compiler.processing.javac.JavacTypeVariableType : loaded 2 times (x 209B)
Class dagger.spi.shaded.androidx.room.jarjarred.kotlinx.metadata.internal.protobuf.CodedOutputStream: loaded 2 times (x 70B)
Class [Ldagger.internal.codegen.validation.BindingElementValidator$AllowsMultibindings;: loaded 2 times (x 67B)
Class androidx.room.util.SimpleJavaVersion$compareTo$$inlined$thenBy$1                : loaded 2 times (x 88B)
Class dagger.internal.codegen.xprocessing.XTypes                                      : loaded 2 times (x 69B)
Class com.google.common.reflect.TypeToken$SimpleTypeToken                             : loaded 2 times (x 71B)
Class com.google.common.io.ByteSource$EmptyByteSource                                 : loaded 2 times (x 83B)
Class dagger.internal.codegen.compileroption.CompilerOptions                          : loaded 2 times (x 92B)
Class androidx.room.util.SimpleJavaVersion$compareTo$$inlined$thenBy$2                : loaded 2 times (x 88B)
Class dagger.internal.codegen.base.DaggerSuperficialValidation$ValidationException$UnknownErrorType: loaded 2 times (x 81B)
Class dagger.spi.shaded.androidx.room.jarjarred.kotlinx.metadata.internal.protobuf.RopeByteString$RopeInputStream: loaded 2 times (x 90B)
Class com.squareup.javapoet.CodeBlock$CodeBlockJoiner                                 : loaded 2 times (x 70B)
Class dagger.spi.shaded.androidx.room.jarjarred.kotlinx.metadata.jvm.JvmTypeParameterExtensionVisitor$Companion: loaded 2 times (x 69B)
Class com.google.common.io.ByteSource                                                 : loaded 2 times (x 82B)
Class com.google.common.util.concurrent.AbstractFuture$Trusted                        : loaded 2 times (x 68B)
Class [Ldagger.spi.shaded.androidx.room.jarjarred.kotlinx.metadata.KmVersionRequirementLevel;: loaded 2 times (x 67B)
Class dagger.internal.Factory                                                         : loaded 2 times (x 68B)
Class dagger.spi.shaded.androidx.room.jarjarred.kotlinx.metadata.internal.metadata.deserialization.ProtoBufUtilKt: loaded 2 times (x 69B)
Class [Ldagger.internal.codegen.base.ContributionType;                                : loaded 2 times (x 67B)
Class dagger.internal.codegen.componentgenerator.TopLevelImplementationComponent      : loaded 2 times (x 68B)
Class dagger.internal.codegen.validation.ProducesMethodValidator                      : loaded 2 times (x 76B)
Class com.squareup.javapoet.TypeSpec$Builder                                          : loaded 2 times (x 70B)
Class org.gradle.internal.classloader.ClassLoaderVisitor                              : loaded 2 times (x 74B)
Class dagger.internal.codegen.binding.Nullability                                     : loaded 2 times (x 71B)
Class dagger.internal.codegen.validation.MultibindsMethodValidator_Factory            : loaded 2 times (x 75B)
Class org.gradle.internal.classloader.FilteringClassLoader                            : loaded 2 times (x 103B)
Class [Ldagger.internal.codegen.compileroption.ProcessingEnvironmentCompilerOptions$Validation;: loaded 2 times (x 67B)
Class com.google.common.reflect.Types$NativeTypeVariableEquals                        : loaded 2 times (x 69B)
Class Settings_gradle                                                                 : loaded 2 times (x 126B)
Class dagger.internal.codegen.processingstep.MapKeyProcessingStep_Factory             : loaded 2 times (x 75B)
Class org.objectweb.asm.AnnotationWriter                                              : loaded 2 times (x 77B)
Class dagger.internal.codegen.bindinggraphvalidation.SubcomponentFactoryMethodValidator: loaded 2 times (x 83B)
Class dagger.internal.codegen.validation.BindsInstanceParameterValidator$Validator    : loaded 2 times (x 75B)
Class dagger.internal.codegen.binding.FrameworkType                                   : loaded 2 times (x 82B)
Class dagger.spi.shaded.androidx.room.jarjarred.kotlinx.metadata.jvm.JvmTypeExtensionVisitor$Companion: loaded 2 times (x 69B)
Class dagger.spi.shaded.androidx.room.jarjarred.kotlinx.metadata.internal.metadata.jvm.deserialization.JvmNameResolverKt: loaded 2 times (x 69B)
Class dagger.spi.shaded.androidx.room.jarjarred.kotlinx.metadata.KmValueParameter     : loaded 2 times (x 75B)
Class dagger.hilt.processor.internal.root.ComponentTreeDepsProcessingStep             : loaded 2 times (x 85B)
Class dagger.internal.codegen.bindinggraphvalidation.CompositeBindingGraphPlugin$Factory: loaded 2 times (x 68B)
Class dagger.spi.shaded.androidx.room.jarjarred.kotlinx.metadata.internal.metadata.jvm.JvmProtoBuf$StringTableTypes$Record$1: loaded 2 times (x 142B)
Class com.squareup.javapoet.TypeName$1                                                : loaded 2 times (x 107B)
Class com.google.common.collect.AbstractMapBasedMultimap$AsMap$AsMapIterator          : loaded 2 times (x 81B)
Class [Ldagger.spi.shaded.androidx.room.jarjarred.kotlinx.metadata.internal.metadata.ProtoBuf$Effect$EffectType;: loaded 2 times (x 67B)
Class com.squareup.javapoet.TypeName$2                                                : loaded 2 times (x 69B)
Class [Ldagger.spi.shaded.androidx.room.jarjarred.kotlinx.metadata.Flag;              : loaded 2 times (x 67B)
Class com.google.common.io.ByteSink                                                   : loaded 2 times (x 74B)
Class dagger.spi.shaded.androidx.room.compiler.processing.javac.JavacTypeElement$allFieldsIncludingPrivateSupers$1: loaded 2 times (x 77B)
Class dagger.internal.codegen.validation.ComponentValidator                           : loaded 2 times (x 73B)
Class dagger.spi.shaded.androidx.room.jarjarred.kotlinx.metadata.internal.metadata.deserialization.Flags$EnumLiteFlagField: loaded 2 times (x 74B)
Class dagger.internal.codegen.processingstep.AssistedFactoryProcessingStep            : loaded 2 times (x 84B)
Class com.google.common.collect.EmptyImmutableSetMultimap                             : loaded 2 times (x 178B)
Class org.objectweb.asm.MethodWriter                                                  : loaded 2 times (x 104B)
Class dagger.internal.codegen.base.DaggerSuperficialValidation$ValidationException    : loaded 2 times (x 81B)
Class dagger.internal.codegen.validation.DiagnosticReporterFactory_Factory            : loaded 2 times (x 75B)
Class dagger.spi.shaded.androidx.room.jarjarred.kotlinx.metadata.KmExtensionType      : loaded 2 times (x 70B)
Class dagger.spi.shaded.androidx.room.compiler.processing.XAnnotated                  : loaded 2 times (x 68B)
Class dagger.internal.codegen.processingstep.ProcessingStepsModule_ProcessingStepsFactory: loaded 2 times (x 75B)
Class dagger.internal.codegen.binding.KeyFactory                                      : loaded 2 times (x 70B)
Class dagger.internal.codegen.validation.ProvidesMethodValidator$Validator            : loaded 2 times (x 78B)
Class com.google.common.collect.HashMultimap                                          : loaded 2 times (x 172B)
Class dagger.spi.shaded.androidx.room.jarjarred.kotlinx.metadata.internal.metadata.ProtoBuf$VersionRequirementOrBuilder: loaded 2 times (x 68B)
Class dagger.spi.shaded.androidx.room.jarjarred.kotlinx.metadata.internal.extensions.KmTypeExtension: loaded 2 times (x 68B)
Class dagger.spi.shaded.androidx.room.jarjarred.kotlinx.metadata.internal.metadata.jvm.JvmProtoBuf$JvmPropertySignature$1: loaded 2 times (x 142B)
Class org.objectweb.asm.ModuleVisitor                                                 : loaded 2 times (x 79B)
Class dagger.internal.codegen.validation.InjectValidator_Factory                      : loaded 2 times (x 75B)
Class dagger.spi.shaded.androidx.room.compiler.processing.XConstructorElement         : loaded 2 times (x 68B)
Class dagger.spi.shaded.androidx.room.compiler.processing.javac.JavacType$typeElement$2: loaded 2 times (x 77B)
Class dagger.spi.shaded.auto.common.MoreElements$TypeElementVisitor                   : loaded 2 times (x 91B)
Class dagger.internal.codegen.processingstep.ComponentProcessingStep_Factory          : loaded 2 times (x 75B)
Class dagger.internal.codegen.writing.MembersInjectorGenerator                        : loaded 2 times (x 75B)
Class dagger.spi.shaded.androidx.room.jarjarred.kotlinx.metadata.internal.ReadersKt$WhenMappings: loaded 2 times (x 69B)
Class dagger.spi.shaded.androidx.room.compiler.processing.javac.kotlin.KmClassContainer$type$2: loaded 2 times (x 77B)
Class com.squareup.javapoet.MethodSpec                                                : loaded 2 times (x 70B)
Class dagger.spi.shaded.androidx.room.jarjarred.kotlinx.metadata.KmPropertyVisitor    : loaded 2 times (x 78B)
Class dagger.spi.shaded.androidx.room.compiler.processing.XFieldElement               : loaded 2 times (x 68B)
Class [Ldagger.internal.codegen.compileroption.ProcessingEnvironmentCompilerOptions$KeyOnlyOption;: loaded 2 times (x 67B)
Class dagger.spi.shaded.androidx.room.jarjarred.kotlinx.metadata.internal.protobuf.WireFormat$FieldType: loaded 2 times (x 81B)
Class dagger.internal.codegen.bindinggraphvalidation.DependsOnProductionExecutorValidator: loaded 2 times (x 83B)
Class dagger.spi.shaded.androidx.room.jarjarred.kotlinx.metadata.internal.ReadContext : loaded 2 times (x 70B)
Class dagger.spi.shaded.androidx.room.jarjarred.kotlinx.metadata.internal.metadata.ProtoBuf$Property: loaded 2 times (x 146B)
Class dagger.internal.codegen.processingstep.MonitoringModuleProcessingStep           : loaded 2 times (x 84B)
Class dagger.spi.shaded.androidx.room.compiler.processing.XMethodElement              : loaded 2 times (x 68B)
Class dagger.internal.codegen.writing.ModuleProxies                                   : loaded 2 times (x 69B)
Class dagger.spi.shaded.androidx.room.jarjarred.kotlinx.metadata.internal.metadata.ProtoBuf$VersionRequirement$Level$1: loaded 2 times (x 72B)
Class com.google.common.io.ByteSink$AsCharSink                                        : loaded 2 times (x 78B)
Class dagger.spi.shaded.androidx.room.jarjarred.kotlinx.metadata.internal.protobuf.BoundedByteString: loaded 2 times (x 110B)
Class dagger.internal.codegen.validation.ValidationReport                             : loaded 2 times (x 70B)
Class dagger.spi.shaded.androidx.room.jarjarred.kotlinx.metadata.KmVersionRequirement : loaded 2 times (x 73B)
Class androidx.room.Database                                                          : loaded 2 times (x 68B)
Class com.google.common.io.Closer$SuppressingSuppressor                               : loaded 2 times (x 73B)
Class [Ldagger.spi.shaded.androidx.room.jarjarred.kotlinx.metadata.internal.metadata.ProtoBuf$Visibility;: loaded 2 times (x 67B)
Class dagger.spi.shaded.androidx.room.jarjarred.kotlinx.metadata.internal.metadata.ProtoBuf$Class: loaded 2 times (x 178B)
Class dagger.internal.codegen.binding.DependencyRequestFactory                        : loaded 2 times (x 70B)
Class com.google.devtools.ksp.symbol.KSNode                                           : loaded 2 times (x 68B)
Class dagger.spi.shaded.androidx.room.compiler.processing.XProcessingEnvConfig$Builder: loaded 2 times (x 70B)
Class com.google.common.reflect.TypeResolver$TypeTable                                : loaded 2 times (x 71B)
Class com.google.common.base.PatternCompiler                                          : loaded 2 times (x 68B)
Class [Ldagger.spi.shaded.androidx.room.compiler.processing.XProcessingEnv$Backend;   : loaded 2 times (x 67B)
Class dagger.internal.codegen.bindinggraphvalidation.IncompatiblyScopedBindingsValidator_Factory: loaded 2 times (x 75B)
Class dagger.spi.shaded.androidx.room.jarjarred.kotlinx.metadata.jvm.internal.JvmFunctionExtension: loaded 2 times (x 83B)
Class com.google.common.io.CharSource                                                 : loaded 2 times (x 83B)
Class dagger.internal.codegen.bindinggraphvalidation.MissingBindingValidator          : loaded 2 times (x 83B)
Class com.google.common.reflect.Invokable$MethodInvokable                             : loaded 2 times (x 103B)
Class dagger.internal.codegen.compileroption.ProcessingEnvironmentCompilerOptions     : loaded 2 times (x 93B)
Class dagger.spi.shaded.androidx.room.jarjarred.kotlinx.metadata.KmTypeVisitor        : loaded 2 times (x 80B)
Class dagger.spi.shaded.androidx.room.compiler.processing.javac.JavacTypeElement$JavacEnumTypeElement: loaded 2 times (x 335B)
Class dagger.hilt.android.processor.internal.AndroidClassNames                        : loaded 2 times (x 69B)
Class dagger.internal.codegen.base.DaggerSuperficialValidation_Factory                : loaded 2 times (x 75B)
Class dagger.internal.codegen.model.BindingGraph$Node                                 : loaded 2 times (x 68B)
Class dagger.internal.codegen.bindinggraphvalidation.MissingBindingValidator_Factory  : loaded 2 times (x 75B)
Class dagger.spi.shaded.androidx.room.jarjarred.kotlinx.metadata.internal.protobuf.UninitializedMessageException: loaded 2 times (x 82B)
Class com.google.common.util.concurrent.AbstractFuture$UnsafeAtomicHelper$1           : loaded 2 times (x 74B)
Class dagger.internal.codegen.binding.Binding                                         : loaded 2 times (x 81B)
Class dagger.spi.shaded.androidx.room.jarjarred.kotlinx.metadata.internal.extensions.KmTypeParameterExtension: loaded 2 times (x 68B)
Class dagger.internal.codegen.binding.$AutoValue_ProvisionBinding$Builder             : loaded 2 times (x 101B)
Class dagger.spi.shaded.androidx.room.compiler.processing.XParameterizable            : loaded 2 times (x 68B)
Class dagger.internal.codegen.xprocessing.XTypeElements$Visibility                    : loaded 2 times (x 77B)
Class androidx.room.compiler.processing.javac.JavacProcessingEnv$Companion            : loaded 2 times (x 69B)
Class dagger.internal.codegen.model.Key                                               : loaded 2 times (x 76B)
Class dagger.internal.codegen.processingstep.ProcessingStepsModule                    : loaded 2 times (x 68B)
Class dagger.spi.shaded.androidx.room.compiler.processing.javac.JavacTypeElement$kotlinMetadata$2: loaded 2 times (x 77B)
Class dagger.internal.codegen.binding.ComponentDescriptorFactory_Factory              : loaded 2 times (x 75B)
Class com.squareup.kotlinpoet.TypeName$cachedString$2                                 : loaded 2 times (x 77B)
Class dagger.spi.shaded.androidx.room.compiler.processing.javac.JavacType$xTypeName$2 : loaded 2 times (x 77B)
Class org.gradle.internal.installation.GradleInstallation                             : loaded 2 times (x 73B)
Class dagger.spi.shaded.androidx.room.jarjarred.kotlinx.metadata.KmTypeParameterVisitor: loaded 2 times (x 73B)
Class dagger.spi.shaded.androidx.room.jarjarred.kotlinx.metadata.jvm.JvmMethodSignature: loaded 2 times (x 73B)
Class com.google.common.collect.AbstractMultimap$Entries                              : loaded 2 times (x 118B)
Class dagger.spi.shaded.androidx.room.jarjarred.kotlinx.metadata.internal.metadata.jvm.JvmProtoBuf$JvmFieldSignature: loaded 2 times (x 106B)
Class dagger.spi.shaded.androidx.room.compiler.processing.XTypeKt                     : loaded 2 times (x 69B)
Class com.google.common.collect.Maps$FilteredKeyMap                                   : loaded 2 times (x 126B)
Class dagger.spi.shaded.auto.common.AnnotationOutput$1                                : loaded 2 times (x 105B)
Class dagger.spi.shaded.androidx.room.compiler.processing.javac.JavacMethodElement    : loaded 2 times (x 267B)
Class [Lnet.ltgt.gradle.incap.IncrementalAnnotationProcessorType;                     : loaded 2 times (x 67B)
Class dagger.internal.codegen.binding.DependencyRequestFormatter                      : loaded 2 times (x 84B)
Class dagger.hilt.processor.internal.aliasof.AliasOfProcessor                         : loaded 2 times (x 98B)
Class dagger.internal.codegen.kotlin.KotlinMetadataFactory_Factory$InstanceHolder     : loaded 2 times (x 69B)
Class com.google.common.reflect.TypeCapture                                           : loaded 2 times (x 69B)
Class dagger.spi.shaded.androidx.room.compiler.processing.javac.JavacElement$docComment$2: loaded 2 times (x 77B)
Class dagger.spi.shaded.androidx.room.jarjarred.kotlinx.metadata.jvm.JvmTypeParameterExtensionVisitor: loaded 2 times (x 77B)
Class dagger.hilt.processor.internal.BadInputException                                : loaded 2 times (x 80B)
Class com.google.common.reflect.Invokable$ConstructorInvokable                        : loaded 2 times (x 103B)
Class dagger.spi.shaded.androidx.room.jarjarred.kotlinx.metadata.internal.metadata.deserialization.BinaryVersion$Companion: loaded 2 times (x 69B)
Class org.gradle.internal.classpath.DefaultClassPath$ImmutableUniqueList$Builder      : loaded 2 times (x 73B)
Class [Ldagger.spi.shaded.androidx.room.jarjarred.kotlinx.metadata.internal.protobuf.WireFormat$FieldType;: loaded 2 times (x 67B)
Class dagger.spi.shaded.androidx.room.jarjarred.kotlinx.metadata.internal.metadata.ProtoBuf$ValueParameter: loaded 2 times (x 126B)
Class org.objectweb.asm.MethodVisitor                                                 : loaded 2 times (x 103B)
Class dagger.spi.shaded.androidx.room.jarjarred.kotlinx.metadata.jvm.JvmExtensionsKt  : loaded 2 times (x 69B)
Class dagger.spi.shaded.androidx.room.jarjarred.kotlinx.metadata.internal.metadata.ProtoBuf$Type$Argument$Projection$1: loaded 2 times (x 72B)
Class dagger.internal.codegen.base.DaggerSuperficialValidation$ValidationException$UnexpectedException: loaded 2 times (x 81B)
Class [Ldagger.internal.codegen.base.ComponentCreatorKind;                            : loaded 2 times (x 67B)
Class dagger.spi.shaded.androidx.room.jarjarred.kotlinx.metadata.internal.metadata.jvm.deserialization.JvmMemberSignature$Field: loaded 2 times (x 73B)
Class dagger.spi.shaded.androidx.room.jarjarred.kotlinx.metadata.internal.metadata.jvm.JvmProtoBuf$JvmMethodSignatureOrBuilder: loaded 2 times (x 68B)
Class dagger.spi.shaded.androidx.room.compiler.processing.javac.JavacProcessingEnv$Companion: loaded 2 times (x 69B)
Class dagger.hilt.processor.internal.originatingelement.OriginatingElementProcessingStep: loaded 2 times (x 85B)
Class dagger.internal.codegen.bindinggraphvalidation.CompositeBindingGraphPlugin_Factory: loaded 2 times (x 70B)
Class dagger.internal.codegen.binding.MultibindingDeclaration_Factory_Factory         : loaded 2 times (x 75B)
Class dagger.spi.shaded.androidx.room.compiler.processing.XMemberContainer            : loaded 2 times (x 68B)
Class kotlin.io.CloseableKt                                                           : loaded 2 times (x 69B)
Class androidx.room.compiler.processing.XProcessingEnv                                : loaded 2 times (x 68B)
Class dagger.internal.codegen.processingstep.AssistedProcessingStep                   : loaded 2 times (x 84B)
Class [Ldagger.spi.shaded.androidx.room.jarjarred.kotlinx.metadata.internal.metadata.ProtoBuf$Type$Argument$Projection;: loaded 2 times (x 67B)
Class dagger.spi.shaded.androidx.room.jarjarred.kotlinx.metadata.internal.protobuf.AbstractParser: loaded 2 times (x 142B)


---------------  S Y S T E M  ---------------

OS:
 Windows 10 , 64 bit Build 19041 (10.0.19041.4717)
OS uptime: 6 days 17:41 hours

CPU: total 4 (initial active 4) (2 cores per cpu, 2 threads per core) family 6 model 78 stepping 3 microcode 0xcc, cx8, cmov, fxsr, ht, mmx, 3dnowpref, sse, sse2, sse3, ssse3, sse4.1, sse4.2, popcnt, lzcnt, tsc, tscinvbit, avx, avx2, aes, erms, clmul, bmi1, bmi2, adx, fma, vzeroupper, clflush, clflushopt
Processor Information for all 4 processors :
  Max Mhz: 2592, Current Mhz: 2492, Mhz Limit: 2488

Memory: 4k page, system-wide physical 7989M (298M free)
TotalPageFile size 20416M (AvailPageFile size 9M)
current process WorkingSet (physical memory assigned to process): 592M, peak: 690M
current process commit charge ("private bytes"): 1512M, peak: 1516M

vm_info: OpenJDK 64-Bit Server VM (17.0.10+0--11609105) for windows-amd64 JRE (17.0.10+0--11609105), built on Mar 21 2024 19:10:56 by "androidbuild" with MS VC++ 16.10 / 16.11 (VS2019)

END.
