#
# There is insufficient memory for the Java Runtime Environment to continue.
# Native memory allocation (mmap) failed to map 143654912 bytes for G1 virtual space
# Possible reasons:
#   The system is out of physical RAM or swap space
#   The process is running with CompressedOops enabled, and the Java Heap may be blocking the growth of the native heap
# Possible solutions:
#   Reduce memory load on the system
#   Increase physical memory or swap space
#   Check if swap backing store is full
#   Decrease Java heap size (-Xmx/-Xms)
#   Decrease number of Java threads
#   Decrease Java thread stack sizes (-Xss)
#   Set larger code cache with -XX:ReservedCodeCacheSize=
#   JVM is running with Unscaled Compressed Oops mode in which the Java heap is
#     placed in the first 4GB address space. The Java Heap base address is the
#     maximum limit for the native heap growth. Please use -XX:HeapBaseMinAddress
#     to set the Java Heap base and to place the Java Heap above 4GB virtual address.
# This output file may be truncated or incomplete.
#
#  Out of Memory Error (os_windows.cpp:3825), pid=23380, tid=23720
#
# JRE version: OpenJDK Runtime Environment (17.0.10) (build 17.0.10+0--11609105)
# Java VM: OpenJDK 64-Bit Server VM (17.0.10+0--11609105, mixed mode, tiered, compressed oops, compressed class ptrs, g1 gc, windows-amd64)
# No core dump will be written. Minidumps are not enabled by default on client versions of Windows
#

---------------  S U M M A R Y ------------

Command Line: --add-opens=java.base/java.util=ALL-UNNAMED --add-opens=java.base/java.lang=ALL-UNNAMED --add-opens=java.base/java.lang.invoke=ALL-UNNAMED --add-opens=java.prefs/java.util.prefs=ALL-UNNAMED --add-opens=java.base/java.nio.charset=ALL-UNNAMED --add-opens=java.base/java.net=ALL-UNNAMED --add-opens=java.base/java.util.concurrent.atomic=ALL-UNNAMED -Xmx2048m -Dfile.encoding=UTF-8 -Duser.country=US -Duser.language=en -Duser.variant -javaagent:C:\Users\sadra\.gradle\wrapper\dists\gradle-8.7-bin\wrapper\dists\gradle-8.7-bin\bhs2wmbdwecv87pi65oeuq5iu\gradle-8.7\lib\agents\gradle-instrumentation-agent-8.7.jar org.gradle.launcher.daemon.bootstrap.GradleDaemon 8.7

Host: Intel(R) Core(TM) i7-6500U CPU @ 2.50GHz, 4 cores, 7G,  Windows 10 , 64 bit Build 19041 (10.0.19041.4717)
Time: Thu Sep 12 07:01:15 2024 Iran Standard Time elapsed time: 1667.887050 seconds (0d 0h 27m 47s)

---------------  T H R E A D  ---------------

Current thread (0x00000299563c3530):  VMThread "VM Thread" [stack: 0x000000fb07900000,0x000000fb07a00000] [id=23720]

Stack: [0x000000fb07900000,0x000000fb07a00000]
Native frames: (J=compiled Java code, j=interpreted, Vv=VM code, C=native code)
V  [jvm.dll+0x688de9]
V  [jvm.dll+0x8423da]
V  [jvm.dll+0x84401e]
V  [jvm.dll+0x844683]
V  [jvm.dll+0x24be0f]
V  [jvm.dll+0x685bb9]
V  [jvm.dll+0x67a46a]
V  [jvm.dll+0x30cbab]
V  [jvm.dll+0x314056]
V  [jvm.dll+0x363dce]
V  [jvm.dll+0x363fff]
V  [jvm.dll+0x2e2978]
V  [jvm.dll+0x2e0b54]
V  [jvm.dll+0x2e015c]
V  [jvm.dll+0x325351]
V  [jvm.dll+0x848d7b]
V  [jvm.dll+0x849ac1]
V  [jvm.dll+0x849fdd]
V  [jvm.dll+0x84a3b4]
V  [jvm.dll+0x84a480]
V  [jvm.dll+0x7f0c7a]
V  [jvm.dll+0x687c65]
C  [ucrtbase.dll+0x21bb2]
C  [KERNEL32.DLL+0x17374]
C  [ntdll.dll+0x4cc91]

VM_Operation (0x000000fb0ccfe6c0): G1TryInitiateConcMark, mode: safepoint, requested by thread 0x000002995d24e2c0


---------------  P R O C E S S  ---------------

Threads class SMR info:
_java_thread_list=0x0000029966b10490, length=85, elements={
0x000002993cddb120, 0x00000299563a7020, 0x00000299563a88c0, 0x00000299565342f0,
0x0000029956534eb0, 0x0000029956536010, 0x00000299565485a0, 0x000002995654b950,
0x0000029956550e40, 0x000002995655c020, 0x00000299563442f0, 0x00000299567a3b10,
0x000002995c4da850, 0x000002995c2c5470, 0x000002995cf5e300, 0x000002995d250630,
0x000002995d251050, 0x000002995d250b40, 0x000002995c72efa0, 0x000002995c72a3b0,
0x000002995c72e580, 0x000002995c730e00, 0x000002995e43c2a0, 0x000002995fdb07c0,
0x000002995fdb2b30, 0x0000029966064690, 0x000002995e43a440, 0x000002995fdb16f0,
0x000002995fdb5dd0, 0x00000299660613f0, 0x000002995fdb67f0, 0x000002995fdb1c00,
0x000002995fdb3550, 0x000002995fdb58c0, 0x000002995fdb6d00, 0x000002995fdb3a60,
0x000002995fdb3f70, 0x000002995fdb4480, 0x000002995fdb4990, 0x000002995fdb62e0,
0x0000029966066a00, 0x00000299660604c0, 0x00000299660609d0, 0x0000029966064ba0,
0x000002996605ffb0, 0x0000029966061900, 0x00000299660655c0, 0x00000299660650b0,
0x0000029966062320, 0x0000029966065fe0, 0x0000029966063c70, 0x0000029966062d40,
0x0000029966065ad0, 0x0000029966067930, 0x00000299651ea510, 0x00000299651ed2a0,
0x00000299651edcc0, 0x00000299651ee6e0, 0x00000299651f0f60, 0x00000299651eaa20,
0x00000299651ef610, 0x00000299651eb440, 0x00000299651f1980, 0x00000299651eaf30,
0x00000299651eb950, 0x00000299651eebf0, 0x00000299651ef100, 0x00000299651f0030,
0x00000299651f0540, 0x000002995c7303e0, 0x000002995c72b7f0, 0x000002995c72e070,
0x000002995c72db60, 0x000002995c72ea90, 0x000002995c72c720, 0x000002995c7308f0,
0x000002995c72c210, 0x000002995c72a8c0, 0x000002995c72f9c0, 0x000002995c72add0,
0x000002995c729480, 0x0000029960830950, 0x000002995d24f1f0, 0x000002995d24e2c0,
0x000002995d24f700
}

Java Threads: ( => current thread )
  0x000002993cddb120 JavaThread "main" [_thread_blocked, id=17580, stack(0x000000fb07300000,0x000000fb07400000)]
  0x00000299563a7020 JavaThread "Reference Handler" daemon [_thread_blocked, id=19008, stack(0x000000fb07a00000,0x000000fb07b00000)]
  0x00000299563a88c0 JavaThread "Finalizer" daemon [_thread_blocked, id=24244, stack(0x000000fb07b00000,0x000000fb07c00000)]
  0x00000299565342f0 JavaThread "Signal Dispatcher" daemon [_thread_blocked, id=3288, stack(0x000000fb07c00000,0x000000fb07d00000)]
  0x0000029956534eb0 JavaThread "Attach Listener" daemon [_thread_blocked, id=9400, stack(0x000000fb07d00000,0x000000fb07e00000)]
  0x0000029956536010 JavaThread "Service Thread" daemon [_thread_blocked, id=9040, stack(0x000000fb07e00000,0x000000fb07f00000)]
  0x00000299565485a0 JavaThread "Monitor Deflation Thread" daemon [_thread_blocked, id=20952, stack(0x000000fb07f00000,0x000000fb08000000)]
  0x000002995654b950 JavaThread "C2 CompilerThread0" daemon [_thread_blocked, id=4180, stack(0x000000fb08000000,0x000000fb08100000)]
  0x0000029956550e40 JavaThread "C1 CompilerThread0" daemon [_thread_blocked, id=14696, stack(0x000000fb08100000,0x000000fb08200000)]
  0x000002995655c020 JavaThread "Sweeper thread" daemon [_thread_blocked, id=15580, stack(0x000000fb08200000,0x000000fb08300000)]
  0x00000299563442f0 JavaThread "Common-Cleaner" daemon [_thread_blocked, id=23568, stack(0x000000fb08300000,0x000000fb08400000)]
  0x00000299567a3b10 JavaThread "Notification Thread" daemon [_thread_blocked, id=9120, stack(0x000000fb08400000,0x000000fb08500000)]
  0x000002995c4da850 JavaThread "Daemon health stats" [_thread_blocked, id=18200, stack(0x000000fb08a00000,0x000000fb08b00000)]
  0x000002995c2c5470 JavaThread "Incoming local TCP Connector on port 63185" [_thread_in_native, id=11880, stack(0x000000fb08b00000,0x000000fb08c00000)]
  0x000002995cf5e300 JavaThread "Daemon periodic checks" [_thread_blocked, id=9796, stack(0x000000fb08c00000,0x000000fb08d00000)]
  0x000002995d250630 JavaThread "Cache worker for journal cache (C:\Users\sadra\.gradle\wrapper\dists\gradle-8.7-bin\caches\journal-1)" [_thread_blocked, id=13748, stack(0x000000fb08600000,0x000000fb08700000)]
  0x000002995d251050 JavaThread "File lock request listener" [_thread_in_native, id=26564, stack(0x000000fb09400000,0x000000fb09500000)]
  0x000002995d250b40 JavaThread "Cache worker for file hash cache (C:\Users\sadra\.gradle\wrapper\dists\gradle-8.7-bin\caches\8.7\fileHashes)" [_thread_blocked, id=24436, stack(0x000000fb09500000,0x000000fb09600000)]
  0x000002995c72efa0 JavaThread "File watcher server" daemon [_thread_blocked, id=24376, stack(0x000000fb09800000,0x000000fb09900000)]
  0x000002995c72a3b0 JavaThread "File watcher consumer" daemon [_thread_blocked, id=23332, stack(0x000000fb09900000,0x000000fb09a00000)]
  0x000002995c72e580 JavaThread "Cache worker for file content cache (C:\Users\sadra\.gradle\wrapper\dists\gradle-8.7-bin\caches\8.7\fileContent)" [_thread_blocked, id=12924, stack(0x000000fb09d00000,0x000000fb09e00000)]
  0x000002995c730e00 JavaThread "Memory manager" [_thread_blocked, id=6092, stack(0x000000fb0a800000,0x000000fb0a900000)]
  0x000002995e43c2a0 JavaThread "pool-3-thread-1" [_thread_blocked, id=22936, stack(0x000000fb0ac00000,0x000000fb0ad00000)]
  0x000002995fdb07c0 JavaThread "RMI Scheduler(0)" daemon [_thread_blocked, id=8692, stack(0x000000fb09c00000,0x000000fb09d00000)]
  0x000002995fdb2b30 JavaThread "RMI GC Daemon" daemon [_thread_blocked, id=14324, stack(0x000000fb0d700000,0x000000fb0d800000)]
  0x0000029966064690 JavaThread "RMI TCP Accept-0" daemon [_thread_in_native, id=13656, stack(0x000000fb0d800000,0x000000fb0d900000)]
  0x000002995e43a440 JavaThread "RMI Reaper" [_thread_blocked, id=11000, stack(0x000000fb0d900000,0x000000fb0da00000)]
  0x000002995fdb16f0 JavaThread "pool-7-thread-1" [_thread_blocked, id=21540, stack(0x000000fb0a400000,0x000000fb0a500000)]
  0x000002995fdb5dd0 JavaThread "pool-11-thread-1" [_thread_blocked, id=21092, stack(0x000000fb0a500000,0x000000fb0a600000)]
  0x00000299660613f0 JavaThread "pool-15-thread-1" [_thread_blocked, id=13960, stack(0x000000fb0a700000,0x000000fb0a800000)]
  0x000002995fdb67f0 JavaThread "RMI TCP Connection(idle)" daemon [_thread_blocked, id=7548, stack(0x000000fb07100000,0x000000fb07200000)]
  0x000002995fdb1c00 JavaThread "RMI TCP Connection(idle)" daemon [_thread_blocked, id=7292, stack(0x000000fb07200000,0x000000fb07300000)]
  0x000002995fdb3550 JavaThread "RMI TCP Connection(31)-127.0.0.1" daemon [_thread_in_native, id=3596, stack(0x000000fb08d00000,0x000000fb08e00000)]
  0x000002995fdb58c0 JavaThread "RMI TCP Connection(30)-127.0.0.1" daemon [_thread_in_native, id=12964, stack(0x000000fb08e00000,0x000000fb08f00000)]
  0x000002995fdb6d00 JavaThread "Daemon Thread 5" [_thread_blocked, id=6492, stack(0x000000fb08f00000,0x000000fb09000000)]
  0x000002995fdb3a60 JavaThread "Handler for socket connection from /127.0.0.1:63185 to /127.0.0.1:63679" [_thread_in_native, id=8480, stack(0x000000fb09000000,0x000000fb09100000)]
  0x000002995fdb3f70 JavaThread "Cancel handler" [_thread_blocked, id=1460, stack(0x000000fb09100000,0x000000fb09200000)]
  0x000002995fdb4480 JavaThread "Daemon worker Thread 5" [_thread_blocked, id=26536, stack(0x000000fb09200000,0x000000fb09300000)]
  0x000002995fdb4990 JavaThread "Asynchronous log dispatcher for DefaultDaemonConnection: socket connection from /127.0.0.1:63185 to /127.0.0.1:63679" [_thread_blocked, id=24076, stack(0x000000fb09300000,0x000000fb09400000)]
  0x000002995fdb62e0 JavaThread "Stdin handler" [_thread_blocked, id=10204, stack(0x000000fb09600000,0x000000fb09700000)]
  0x0000029966066a00 JavaThread "Daemon client event forwarder" [_thread_blocked, id=8588, stack(0x000000fb09700000,0x000000fb09800000)]
  0x00000299660604c0 JavaThread "Cache worker for file hash cache (E:\myprojects\TotanPay\.gradle\8.7\fileHashes)" [_thread_blocked, id=11196, stack(0x000000fb09a00000,0x000000fb09b00000)]
  0x00000299660609d0 JavaThread "Cache worker for checksums cache (E:\myprojects\TotanPay\.gradle\8.7\checksums)" [_thread_blocked, id=19288, stack(0x000000fb09b00000,0x000000fb09c00000)]
  0x0000029966064ba0 JavaThread "Cache worker for cache directory md-supplier (C:\Users\sadra\.gradle\wrapper\dists\gradle-8.7-bin\caches\8.7\md-supplier)" [_thread_blocked, id=12396, stack(0x000000fb09f00000,0x000000fb0a000000)]
  0x000002996605ffb0 JavaThread "Cache worker for cache directory md-rule (C:\Users\sadra\.gradle\wrapper\dists\gradle-8.7-bin\caches\8.7\md-rule)" [_thread_blocked, id=15852, stack(0x000000fb0a000000,0x000000fb0a100000)]
  0x0000029966061900 JavaThread "Cache worker for Build Output Cleanup Cache (E:\myprojects\TotanPay\.gradle\buildOutputCleanup)" [_thread_blocked, id=19304, stack(0x000000fb0a100000,0x000000fb0a200000)]
  0x00000299660655c0 JavaThread "Unconstrained build operations" [_thread_blocked, id=16856, stack(0x000000fb0a600000,0x000000fb0a700000)]
  0x00000299660650b0 JavaThread "Unconstrained build operations Thread 2" [_thread_blocked, id=24232, stack(0x000000fb0a900000,0x000000fb0aa00000)]
  0x0000029966062320 JavaThread "Unconstrained build operations Thread 3" [_thread_blocked, id=7288, stack(0x000000fb0aa00000,0x000000fb0ab00000)]
  0x0000029966065fe0 JavaThread "build event listener" [_thread_blocked, id=19480, stack(0x000000fb0ab00000,0x000000fb0ac00000)]
  0x0000029966063c70 JavaThread "build event listener" [_thread_blocked, id=24924, stack(0x000000fb0ad00000,0x000000fb0ae00000)]
  0x0000029966062d40 JavaThread "pool-19-thread-1" [_thread_blocked, id=16632, stack(0x000000fb0ae00000,0x000000fb0af00000)]
  0x0000029966065ad0 JavaThread "build event listener" [_thread_blocked, id=4044, stack(0x000000fb0af00000,0x000000fb0b000000)]
  0x0000029966067930 JavaThread "included builds" [_thread_blocked, id=24448, stack(0x000000fb0b000000,0x000000fb0b100000)]
  0x00000299651ea510 JavaThread "Execution worker" [_thread_blocked, id=8452, stack(0x000000fb0b100000,0x000000fb0b200000)]
  0x00000299651ed2a0 JavaThread "Execution worker Thread 2" [_thread_blocked, id=25588, stack(0x000000fb0b200000,0x000000fb0b300000)]
  0x00000299651edcc0 JavaThread "Execution worker Thread 3" [_thread_blocked, id=22964, stack(0x000000fb0b300000,0x000000fb0b400000)]
  0x00000299651ee6e0 JavaThread "Cache worker for execution history cache (E:\myprojects\TotanPay\.gradle\8.7\executionHistory)" [_thread_blocked, id=23384, stack(0x000000fb0b400000,0x000000fb0b500000)]
  0x00000299651f0f60 JavaThread "Unconstrained build operations Thread 4" [_thread_blocked, id=26432, stack(0x000000fb0b500000,0x000000fb0b600000)]
  0x00000299651eaa20 JavaThread "Unconstrained build operations Thread 5" [_thread_blocked, id=23080, stack(0x000000fb0b600000,0x000000fb0b700000)]
  0x00000299651ef610 JavaThread "Unconstrained build operations Thread 6" [_thread_blocked, id=21644, stack(0x000000fb0b700000,0x000000fb0b800000)]
  0x00000299651eb440 JavaThread "Unconstrained build operations Thread 7" [_thread_blocked, id=10948, stack(0x000000fb0b800000,0x000000fb0b900000)]
  0x00000299651f1980 JavaThread "Unconstrained build operations Thread 8" [_thread_blocked, id=24208, stack(0x000000fb0b900000,0x000000fb0ba00000)]
  0x00000299651eaf30 JavaThread "Unconstrained build operations Thread 9" [_thread_blocked, id=26380, stack(0x000000fb0ba00000,0x000000fb0bb00000)]
  0x00000299651eb950 JavaThread "Unconstrained build operations Thread 10" [_thread_blocked, id=18252, stack(0x000000fb0bb00000,0x000000fb0bc00000)]
  0x00000299651eebf0 JavaThread "Unconstrained build operations Thread 11" [_thread_blocked, id=9348, stack(0x000000fb0bc00000,0x000000fb0bd00000)]
  0x00000299651ef100 JavaThread "Unconstrained build operations Thread 12" [_thread_blocked, id=15896, stack(0x000000fb0bd00000,0x000000fb0be00000)]
  0x00000299651f0030 JavaThread "Unconstrained build operations Thread 13" [_thread_blocked, id=13752, stack(0x000000fb0be00000,0x000000fb0bf00000)]
  0x00000299651f0540 JavaThread "Unconstrained build operations Thread 14" [_thread_blocked, id=22940, stack(0x000000fb0bf00000,0x000000fb0c000000)]
  0x000002995c7303e0 JavaThread "Unconstrained build operations Thread 15" [_thread_blocked, id=21080, stack(0x000000fb0c000000,0x000000fb0c100000)]
  0x000002995c72b7f0 JavaThread "Unconstrained build operations Thread 16" [_thread_blocked, id=3912, stack(0x000000fb0c100000,0x000000fb0c200000)]
  0x000002995c72e070 JavaThread "WorkerExecutor Queue" [_thread_blocked, id=14824, stack(0x000000fb0c200000,0x000000fb0c300000)]
  0x000002995c72db60 JavaThread "Unconstrained build operations Thread 17" [_thread_blocked, id=16148, stack(0x000000fb0c300000,0x000000fb0c400000)]
  0x000002995c72ea90 JavaThread "Unconstrained build operations Thread 18" [_thread_blocked, id=11712, stack(0x000000fb0c400000,0x000000fb0c500000)]
  0x000002995c72c720 JavaThread "Unconstrained build operations Thread 19" [_thread_blocked, id=10016, stack(0x000000fb0c500000,0x000000fb0c600000)]
  0x000002995c7308f0 JavaThread "Unconstrained build operations Thread 20" [_thread_blocked, id=23936, stack(0x000000fb0a300000,0x000000fb0a400000)]
  0x000002995c72c210 JavaThread "WorkerExecutor Queue Thread 2" [_thread_blocked, id=26436, stack(0x000000fb07000000,0x000000fb07100000)]
  0x000002995c72a8c0 JavaThread "Unconstrained build operations Thread 21" [_thread_blocked, id=26044, stack(0x000000fb0c700000,0x000000fb0c800000)]
  0x000002995c72f9c0 JavaThread "WorkerExecutor Queue Thread 3" [_thread_blocked, id=6548, stack(0x000000fb0c600000,0x000000fb0c700000)]
  0x000002995c72add0 JavaThread "WorkerExecutor Queue Thread 4" [_thread_blocked, id=6292, stack(0x000000fb0c800000,0x000000fb0c900000)]
  0x000002995c729480 JavaThread "WorkerExecutor Queue Thread 5" [_thread_blocked, id=22804, stack(0x000000fb0c900000,0x000000fb0ca00000)]
  0x0000029960830950 JavaThread "C2 CompilerThread1" daemon [_thread_blocked, id=26364, stack(0x000000fb0ca00000,0x000000fb0cb00000)]
  0x000002995d24f1f0 JavaThread "ForkJoinPool.commonPool-worker-12" daemon [_thread_blocked, id=14564, stack(0x000000fb0cb00000,0x000000fb0cc00000)]
  0x000002995d24e2c0 JavaThread "ForkJoinPool.commonPool-worker-13" daemon [_thread_blocked, id=19460, stack(0x000000fb0cc00000,0x000000fb0cd00000)]
  0x000002995d24f700 JavaThread "ForkJoinPool.commonPool-worker-14" daemon [_thread_blocked, id=25548, stack(0x000000fb0cd00000,0x000000fb0ce00000)]

Other Threads:
=>0x00000299563c3530 VMThread "VM Thread" [stack: 0x000000fb07900000,0x000000fb07a00000] [id=23720]
  0x0000029956835c40 WatcherThread [stack: 0x000000fb08500000,0x000000fb08600000] [id=5428]
  0x000002993ce358f0 GCTaskThread "GC Thread#0" [stack: 0x000000fb07400000,0x000000fb07500000] [id=20132]
  0x000002995b0c4890 GCTaskThread "GC Thread#1" [stack: 0x000000fb08700000,0x000000fb08800000] [id=19228]
  0x000002995b0c4b50 GCTaskThread "GC Thread#2" [stack: 0x000000fb08800000,0x000000fb08900000] [id=6604]
  0x000002995bd71040 GCTaskThread "GC Thread#3" [stack: 0x000000fb08900000,0x000000fb08a00000] [id=15704]
  0x000002993ce46840 ConcurrentGCThread "G1 Main Marker" [stack: 0x000000fb07500000,0x000000fb07600000] [id=25800]
  0x000002993ce47b40 ConcurrentGCThread "G1 Conc#0" [stack: 0x000000fb07600000,0x000000fb07700000] [id=3644]
  0x00000299562120c0 ConcurrentGCThread "G1 Refine#0" [stack: 0x000000fb07700000,0x000000fb07800000] [id=19048]
  0x000002995d56f130 ConcurrentGCThread "G1 Refine#1" [stack: 0x000000fb09e00000,0x000000fb09f00000] [id=12992]
  0x00000299562133d0 ConcurrentGCThread "G1 Service" [stack: 0x000000fb07800000,0x000000fb07900000] [id=24064]

Threads with active compile tasks:

VM state: at safepoint (normal execution)

VM Mutex/Monitor currently owned by a thread:  ([mutex/lock_event])
[0x000002993cdd7fc0] Threads_lock - owner thread: 0x00000299563c3530
[0x000002993cdd87a0] Heap_lock - owner thread: 0x000002995d24e2c0

Heap address: 0x0000000080000000, size: 2048 MB, Compressed Oops mode: 32-bit

CDS archive(s) not mapped
Compressed class space mapped at: 0x0000000100000000-0x0000000140000000, reserved size: 1073741824
Narrow klass base: 0x0000000000000000, Narrow klass shift: 3, Narrow klass range: 0x140000000

GC Precious Log:
 CPUs: 4 total, 4 available
 Memory: 7989M
 Large Page Support: Disabled
 NUMA Support: Disabled
 Compressed Oops: Enabled (32-bit)
 Heap Region Size: 1M
 Heap Min Capacity: 8M
 Heap Initial Capacity: 126M
 Heap Max Capacity: 2G
 Pre-touch: Disabled
 Parallel Workers: 4
 Concurrent Workers: 1
 Concurrent Refinement Workers: 4
 Periodic GC: Disabled

Heap:
 garbage-first heap   total 347136K, used 296453K [0x0000000080000000, 0x0000000100000000)
  region size 1024K, 1 young (1024K), 1 survivors (1024K)
 Metaspace       used 173820K, committed 175168K, reserved 1245184K
  class space    used 22739K, committed 23424K, reserved 1048576K

Heap Regions: E=young(eden), S=young(survivor), O=old, HS=humongous(starts), HC=humongous(continues), CS=collection set, F=free, OA=open archive, CA=closed archive, TAMS=top-at-mark-start (previous, next)
|   0|0x0000000080000000, 0x0000000080100000, 0x0000000080100000|100%|HS|  |TAMS 0x0000000080100000, 0x0000000080100000| Complete 
|   1|0x0000000080100000, 0x0000000080200000, 0x0000000080200000|100%|HC|  |TAMS 0x0000000080200000, 0x0000000080200000| Complete 
|   2|0x0000000080200000, 0x0000000080300000, 0x0000000080300000|100%|HC|  |TAMS 0x0000000080300000, 0x0000000080300000| Complete 
|   3|0x0000000080300000, 0x0000000080400000, 0x0000000080400000|100%|HC|  |TAMS 0x0000000080400000, 0x0000000080400000| Complete 
|   4|0x0000000080400000, 0x0000000080500000, 0x0000000080500000|100%| O|  |TAMS 0x0000000080500000, 0x0000000080500000| Untracked 
|   5|0x0000000080500000, 0x0000000080600000, 0x0000000080600000|100%| O|  |TAMS 0x0000000080600000, 0x0000000080600000| Untracked 
|   6|0x0000000080600000, 0x0000000080700000, 0x0000000080700000|100%| O|  |TAMS 0x0000000080700000, 0x0000000080700000| Untracked 
|   7|0x0000000080700000, 0x0000000080800000, 0x0000000080800000|100%| O|  |TAMS 0x0000000080800000, 0x0000000080800000| Untracked 
|   8|0x0000000080800000, 0x0000000080900000, 0x0000000080900000|100%| O|  |TAMS 0x0000000080900000, 0x0000000080900000| Untracked 
|   9|0x0000000080900000, 0x0000000080a00000, 0x0000000080a00000|100%| O|  |TAMS 0x0000000080a00000, 0x0000000080a00000| Untracked 
|  10|0x0000000080a00000, 0x0000000080ac1000, 0x0000000080b00000| 75%| O|  |TAMS 0x0000000080ac1000, 0x0000000080ac1000| Untracked 
|  11|0x0000000080b00000, 0x0000000080c00000, 0x0000000080c00000|100%| O|  |TAMS 0x0000000080c00000, 0x0000000080c00000| Untracked 
|  12|0x0000000080c00000, 0x0000000080d00000, 0x0000000080d00000|100%| O|  |TAMS 0x0000000080d00000, 0x0000000080d00000| Untracked 
|  13|0x0000000080d00000, 0x0000000080e00000, 0x0000000080e00000|100%| O|  |TAMS 0x0000000080e00000, 0x0000000080e00000| Untracked 
|  14|0x0000000080e00000, 0x0000000080f00000, 0x0000000080f00000|100%| O|  |TAMS 0x0000000080f00000, 0x0000000080f00000| Untracked 
|  15|0x0000000080f00000, 0x0000000081000000, 0x0000000081000000|100%| O|  |TAMS 0x0000000081000000, 0x0000000081000000| Untracked 
|  16|0x0000000081000000, 0x0000000081100000, 0x0000000081100000|100%| O|  |TAMS 0x0000000081100000, 0x0000000081100000| Untracked 
|  17|0x0000000081100000, 0x0000000081200000, 0x0000000081200000|100%| O|  |TAMS 0x0000000081200000, 0x0000000081200000| Untracked 
|  18|0x0000000081200000, 0x0000000081300000, 0x0000000081300000|100%| O|  |TAMS 0x0000000081300000, 0x0000000081300000| Untracked 
|  19|0x0000000081300000, 0x0000000081400000, 0x0000000081400000|100%| O|  |TAMS 0x0000000081400000, 0x0000000081400000| Untracked 
|  20|0x0000000081400000, 0x0000000081500000, 0x0000000081500000|100%| O|  |TAMS 0x0000000081500000, 0x0000000081500000| Untracked 
|  21|0x0000000081500000, 0x0000000081600000, 0x0000000081600000|100%| O|  |TAMS 0x0000000081600000, 0x0000000081600000| Untracked 
|  22|0x0000000081600000, 0x0000000081700000, 0x0000000081700000|100%| O|  |TAMS 0x0000000081700000, 0x0000000081700000| Untracked 
|  23|0x0000000081700000, 0x0000000081800000, 0x0000000081800000|100%|HS|  |TAMS 0x0000000081800000, 0x0000000081800000| Complete 
|  24|0x0000000081800000, 0x0000000081900000, 0x0000000081900000|100%| O|  |TAMS 0x0000000081900000, 0x0000000081900000| Untracked 
|  25|0x0000000081900000, 0x0000000081a00000, 0x0000000081a00000|100%| O|  |TAMS 0x0000000081a00000, 0x0000000081a00000| Untracked 
|  26|0x0000000081a00000, 0x0000000081b00000, 0x0000000081b00000|100%| O|  |TAMS 0x0000000081b00000, 0x0000000081b00000| Untracked 
|  27|0x0000000081b00000, 0x0000000081c00000, 0x0000000081c00000|100%| O|  |TAMS 0x0000000081c00000, 0x0000000081c00000| Untracked 
|  28|0x0000000081c00000, 0x0000000081d00000, 0x0000000081d00000|100%| O|  |TAMS 0x0000000081d00000, 0x0000000081d00000| Untracked 
|  29|0x0000000081d00000, 0x0000000081e00000, 0x0000000081e00000|100%| O|  |TAMS 0x0000000081e00000, 0x0000000081e00000| Untracked 
|  30|0x0000000081e00000, 0x0000000081f00000, 0x0000000081f00000|100%| O|  |TAMS 0x0000000081f00000, 0x0000000081f00000| Untracked 
|  31|0x0000000081f00000, 0x0000000082000000, 0x0000000082000000|100%| O|  |TAMS 0x0000000082000000, 0x0000000082000000| Untracked 
|  32|0x0000000082000000, 0x0000000082100000, 0x0000000082100000|100%| O|  |TAMS 0x0000000082100000, 0x0000000082100000| Untracked 
|  33|0x0000000082100000, 0x0000000082200000, 0x0000000082200000|100%| O|  |TAMS 0x0000000082200000, 0x0000000082200000| Untracked 
|  34|0x0000000082200000, 0x0000000082300000, 0x0000000082300000|100%| O|  |TAMS 0x0000000082300000, 0x0000000082300000| Untracked 
|  35|0x0000000082300000, 0x0000000082400000, 0x0000000082400000|100%| O|  |TAMS 0x0000000082400000, 0x0000000082400000| Untracked 
|  36|0x0000000082400000, 0x0000000082500000, 0x0000000082500000|100%| O|  |TAMS 0x0000000082500000, 0x0000000082500000| Untracked 
|  37|0x0000000082500000, 0x0000000082600000, 0x0000000082600000|100%| O|  |TAMS 0x0000000082600000, 0x0000000082600000| Untracked 
|  38|0x0000000082600000, 0x0000000082700000, 0x0000000082700000|100%| O|  |TAMS 0x0000000082700000, 0x0000000082700000| Untracked 
|  39|0x0000000082700000, 0x0000000082800000, 0x0000000082800000|100%| O|  |TAMS 0x0000000082800000, 0x0000000082800000| Untracked 
|  40|0x0000000082800000, 0x0000000082900000, 0x0000000082900000|100%| O|  |TAMS 0x0000000082900000, 0x0000000082900000| Untracked 
|  41|0x0000000082900000, 0x0000000082a00000, 0x0000000082a00000|100%| O|  |TAMS 0x0000000082a00000, 0x0000000082a00000| Untracked 
|  42|0x0000000082a00000, 0x0000000082b00000, 0x0000000082b00000|100%| O|  |TAMS 0x0000000082b00000, 0x0000000082b00000| Untracked 
|  43|0x0000000082b00000, 0x0000000082c00000, 0x0000000082c00000|100%| O|  |TAMS 0x0000000082c00000, 0x0000000082c00000| Untracked 
|  44|0x0000000082c00000, 0x0000000082d00000, 0x0000000082d00000|100%|HS|  |TAMS 0x0000000082d00000, 0x0000000082d00000| Complete 
|  45|0x0000000082d00000, 0x0000000082e00000, 0x0000000082e00000|100%|HS|  |TAMS 0x0000000082e00000, 0x0000000082e00000| Complete 
|  46|0x0000000082e00000, 0x0000000082f00000, 0x0000000082f00000|100%|HS|  |TAMS 0x0000000082f00000, 0x0000000082f00000| Complete 
|  47|0x0000000082f00000, 0x0000000083000000, 0x0000000083000000|100%|HC|  |TAMS 0x0000000083000000, 0x0000000083000000| Complete 
|  48|0x0000000083000000, 0x0000000083100000, 0x0000000083100000|100%|HS|  |TAMS 0x0000000083100000, 0x0000000083100000| Complete 
|  49|0x0000000083100000, 0x0000000083200000, 0x0000000083200000|100%|HC|  |TAMS 0x0000000083200000, 0x0000000083200000| Complete 
|  50|0x0000000083200000, 0x0000000083300000, 0x0000000083300000|100%| O|  |TAMS 0x0000000083300000, 0x0000000083300000| Untracked 
|  51|0x0000000083300000, 0x0000000083400000, 0x0000000083400000|100%| O|  |TAMS 0x0000000083400000, 0x0000000083400000| Untracked 
|  52|0x0000000083400000, 0x0000000083500000, 0x0000000083500000|100%|HS|  |TAMS 0x0000000083500000, 0x0000000083500000| Complete 
|  53|0x0000000083500000, 0x0000000083600000, 0x0000000083600000|100%| O|  |TAMS 0x0000000083600000, 0x0000000083600000| Untracked 
|  54|0x0000000083600000, 0x0000000083700000, 0x0000000083700000|100%| O|  |TAMS 0x0000000083700000, 0x0000000083700000| Untracked 
|  55|0x0000000083700000, 0x0000000083800000, 0x0000000083800000|100%| O|  |TAMS 0x0000000083700000, 0x0000000083800000| Untracked 
|  56|0x0000000083800000, 0x0000000083900000, 0x0000000083900000|100%| O|  |TAMS 0x0000000083900000, 0x0000000083900000| Untracked 
|  57|0x0000000083900000, 0x0000000083a00000, 0x0000000083a00000|100%|HS|  |TAMS 0x0000000083a00000, 0x0000000083a00000| Complete 
|  58|0x0000000083a00000, 0x0000000083b00000, 0x0000000083b00000|100%|HC|  |TAMS 0x0000000083b00000, 0x0000000083b00000| Complete 
|  59|0x0000000083b00000, 0x0000000083c00000, 0x0000000083c00000|100%|HC|  |TAMS 0x0000000083c00000, 0x0000000083c00000| Complete 
|  60|0x0000000083c00000, 0x0000000083d00000, 0x0000000083d00000|100%|HC|  |TAMS 0x0000000083d00000, 0x0000000083d00000| Complete 
|  61|0x0000000083d00000, 0x0000000083e00000, 0x0000000083e00000|100%| O|  |TAMS 0x0000000083e00000, 0x0000000083e00000| Untracked 
|  62|0x0000000083e00000, 0x0000000083f00000, 0x0000000083f00000|100%|HS|  |TAMS 0x0000000083f00000, 0x0000000083f00000| Complete 
|  63|0x0000000083f00000, 0x0000000084000000, 0x0000000084000000|100%|HS|  |TAMS 0x0000000084000000, 0x0000000084000000| Complete 
|  64|0x0000000084000000, 0x0000000084100000, 0x0000000084100000|100%| O|  |TAMS 0x0000000084100000, 0x0000000084100000| Untracked 
|  65|0x0000000084100000, 0x0000000084200000, 0x0000000084200000|100%| O|  |TAMS 0x0000000084200000, 0x0000000084200000| Untracked 
|  66|0x0000000084200000, 0x0000000084300000, 0x0000000084300000|100%| O|  |TAMS 0x0000000084300000, 0x0000000084300000| Untracked 
|  67|0x0000000084300000, 0x0000000084400000, 0x0000000084400000|100%| O|  |TAMS 0x0000000084400000, 0x0000000084400000| Untracked 
|  68|0x0000000084400000, 0x0000000084500000, 0x0000000084500000|100%| O|  |TAMS 0x0000000084500000, 0x0000000084500000| Untracked 
|  69|0x0000000084500000, 0x0000000084600000, 0x0000000084600000|100%| O|  |TAMS 0x0000000084600000, 0x0000000084600000| Untracked 
|  70|0x0000000084600000, 0x0000000084700000, 0x0000000084700000|100%| O|  |TAMS 0x0000000084700000, 0x0000000084700000| Untracked 
|  71|0x0000000084700000, 0x0000000084800000, 0x0000000084800000|100%| O|  |TAMS 0x0000000084800000, 0x0000000084800000| Untracked 
|  72|0x0000000084800000, 0x0000000084900000, 0x0000000084900000|100%|HS|  |TAMS 0x0000000084900000, 0x0000000084900000| Complete 
|  73|0x0000000084900000, 0x0000000084a00000, 0x0000000084a00000|100%| O|  |TAMS 0x0000000084a00000, 0x0000000084a00000| Untracked 
|  74|0x0000000084a00000, 0x0000000084b00000, 0x0000000084b00000|100%| O|  |TAMS 0x0000000084b00000, 0x0000000084b00000| Untracked 
|  75|0x0000000084b00000, 0x0000000084c00000, 0x0000000084c00000|100%| O|  |TAMS 0x0000000084c00000, 0x0000000084c00000| Untracked 
|  76|0x0000000084c00000, 0x0000000084d00000, 0x0000000084d00000|100%| O|  |TAMS 0x0000000084d00000, 0x0000000084d00000| Untracked 
|  77|0x0000000084d00000, 0x0000000084e00000, 0x0000000084e00000|100%|HS|  |TAMS 0x0000000084e00000, 0x0000000084e00000| Complete 
|  78|0x0000000084e00000, 0x0000000084f00000, 0x0000000084f00000|100%|HC|  |TAMS 0x0000000084f00000, 0x0000000084f00000| Complete 
|  79|0x0000000084f00000, 0x0000000085000000, 0x0000000085000000|100%|HC|  |TAMS 0x0000000085000000, 0x0000000085000000| Complete 
|  80|0x0000000085000000, 0x0000000085100000, 0x0000000085100000|100%|HC|  |TAMS 0x0000000085100000, 0x0000000085100000| Complete 
|  81|0x0000000085100000, 0x0000000085200000, 0x0000000085200000|100%| O|  |TAMS 0x0000000085200000, 0x0000000085200000| Untracked 
|  82|0x0000000085200000, 0x0000000085300000, 0x0000000085300000|100%| O|  |TAMS 0x0000000085300000, 0x0000000085300000| Untracked 
|  83|0x0000000085300000, 0x0000000085400000, 0x0000000085400000|100%| O|  |TAMS 0x0000000085400000, 0x0000000085400000| Untracked 
|  84|0x0000000085400000, 0x0000000085500000, 0x0000000085500000|100%| O|  |TAMS 0x0000000085500000, 0x0000000085500000| Untracked 
|  85|0x0000000085500000, 0x0000000085600000, 0x0000000085600000|100%| O|  |TAMS 0x0000000085600000, 0x0000000085600000| Untracked 
|  86|0x0000000085600000, 0x0000000085700000, 0x0000000085700000|100%| O|  |TAMS 0x0000000085700000, 0x0000000085700000| Untracked 
|  87|0x0000000085700000, 0x0000000085800000, 0x0000000085800000|100%|HS|  |TAMS 0x0000000085700000, 0x0000000085800000| Complete 
|  88|0x0000000085800000, 0x0000000085900000, 0x0000000085900000|100%|HC|  |TAMS 0x0000000085800000, 0x0000000085900000| Complete 
|  89|0x0000000085900000, 0x0000000085a00000, 0x0000000085a00000|100%| O|  |TAMS 0x0000000085a00000, 0x0000000085a00000| Untracked 
|  90|0x0000000085a00000, 0x0000000085b00000, 0x0000000085b00000|100%| O|  |TAMS 0x0000000085b00000, 0x0000000085b00000| Untracked 
|  91|0x0000000085b00000, 0x0000000085c00000, 0x0000000085c00000|100%| O|  |TAMS 0x0000000085c00000, 0x0000000085c00000| Untracked 
|  92|0x0000000085c00000, 0x0000000085d00000, 0x0000000085d00000|100%| O|  |TAMS 0x0000000085d00000, 0x0000000085d00000| Untracked 
|  93|0x0000000085d00000, 0x0000000085e00000, 0x0000000085e00000|100%| O|  |TAMS 0x0000000085e00000, 0x0000000085e00000| Untracked 
|  94|0x0000000085e00000, 0x0000000085f00000, 0x0000000085f00000|100%| O|  |TAMS 0x0000000085f00000, 0x0000000085f00000| Untracked 
|  95|0x0000000085f00000, 0x0000000086000000, 0x0000000086000000|100%| O|  |TAMS 0x0000000086000000, 0x0000000086000000| Untracked 
|  96|0x0000000086000000, 0x0000000086100000, 0x0000000086100000|100%| O|  |TAMS 0x0000000086100000, 0x0000000086100000| Untracked 
|  97|0x0000000086100000, 0x0000000086200000, 0x0000000086200000|100%| O|  |TAMS 0x0000000086200000, 0x0000000086200000| Untracked 
|  98|0x0000000086200000, 0x0000000086300000, 0x0000000086300000|100%| O|  |TAMS 0x0000000086300000, 0x0000000086300000| Untracked 
|  99|0x0000000086300000, 0x0000000086400000, 0x0000000086400000|100%| O|  |TAMS 0x0000000086400000, 0x0000000086400000| Untracked 
| 100|0x0000000086400000, 0x0000000086500000, 0x0000000086500000|100%| O|  |TAMS 0x0000000086500000, 0x0000000086500000| Untracked 
| 101|0x0000000086500000, 0x0000000086600000, 0x0000000086600000|100%| O|  |TAMS 0x0000000086600000, 0x0000000086600000| Untracked 
| 102|0x0000000086600000, 0x0000000086700000, 0x0000000086700000|100%| O|  |TAMS 0x0000000086700000, 0x0000000086700000| Untracked 
| 103|0x0000000086700000, 0x0000000086800000, 0x0000000086800000|100%| O|  |TAMS 0x0000000086800000, 0x0000000086800000| Untracked 
| 104|0x0000000086800000, 0x0000000086900000, 0x0000000086900000|100%| O|  |TAMS 0x0000000086900000, 0x0000000086900000| Untracked 
| 105|0x0000000086900000, 0x0000000086a00000, 0x0000000086a00000|100%| O|  |TAMS 0x0000000086a00000, 0x0000000086a00000| Untracked 
| 106|0x0000000086a00000, 0x0000000086b00000, 0x0000000086b00000|100%| O|  |TAMS 0x0000000086b00000, 0x0000000086b00000| Untracked 
| 107|0x0000000086b00000, 0x0000000086c00000, 0x0000000086c00000|100%| O|  |TAMS 0x0000000086c00000, 0x0000000086c00000| Untracked 
| 108|0x0000000086c00000, 0x0000000086d00000, 0x0000000086d00000|100%| O|  |TAMS 0x0000000086d00000, 0x0000000086d00000| Untracked 
| 109|0x0000000086d00000, 0x0000000086e00000, 0x0000000086e00000|100%| O|  |TAMS 0x0000000086e00000, 0x0000000086e00000| Untracked 
| 110|0x0000000086e00000, 0x0000000086f00000, 0x0000000086f00000|100%| O|  |TAMS 0x0000000086f00000, 0x0000000086f00000| Untracked 
| 111|0x0000000086f00000, 0x0000000087000000, 0x0000000087000000|100%| O|  |TAMS 0x0000000087000000, 0x0000000087000000| Untracked 
| 112|0x0000000087000000, 0x0000000087100000, 0x0000000087100000|100%| O|  |TAMS 0x0000000087100000, 0x0000000087100000| Untracked 
| 113|0x0000000087100000, 0x0000000087200000, 0x0000000087200000|100%| O|  |TAMS 0x0000000087200000, 0x0000000087200000| Untracked 
| 114|0x0000000087200000, 0x0000000087300000, 0x0000000087300000|100%| O|  |TAMS 0x0000000087300000, 0x0000000087300000| Untracked 
| 115|0x0000000087300000, 0x0000000087400000, 0x0000000087400000|100%| O|  |TAMS 0x0000000087400000, 0x0000000087400000| Untracked 
| 116|0x0000000087400000, 0x0000000087500000, 0x0000000087500000|100%| O|  |TAMS 0x0000000087500000, 0x0000000087500000| Untracked 
| 117|0x0000000087500000, 0x0000000087600000, 0x0000000087600000|100%| O|  |TAMS 0x0000000087600000, 0x0000000087600000| Untracked 
| 118|0x0000000087600000, 0x0000000087700000, 0x0000000087700000|100%| O|  |TAMS 0x0000000087700000, 0x0000000087700000| Untracked 
| 119|0x0000000087700000, 0x0000000087800000, 0x0000000087800000|100%| O|  |TAMS 0x0000000087800000, 0x0000000087800000| Untracked 
| 120|0x0000000087800000, 0x0000000087900000, 0x0000000087900000|100%| O|  |TAMS 0x0000000087900000, 0x0000000087900000| Untracked 
| 121|0x0000000087900000, 0x0000000087a00000, 0x0000000087a00000|100%| O|  |TAMS 0x0000000087a00000, 0x0000000087a00000| Untracked 
| 122|0x0000000087a00000, 0x0000000087b00000, 0x0000000087b00000|100%| O|  |TAMS 0x0000000087b00000, 0x0000000087b00000| Untracked 
| 123|0x0000000087b00000, 0x0000000087c00000, 0x0000000087c00000|100%| O|  |TAMS 0x0000000087c00000, 0x0000000087c00000| Untracked 
| 124|0x0000000087c00000, 0x0000000087d00000, 0x0000000087d00000|100%| O|  |TAMS 0x0000000087d00000, 0x0000000087d00000| Untracked 
| 125|0x0000000087d00000, 0x0000000087e00000, 0x0000000087e00000|100%| O|  |TAMS 0x0000000087e00000, 0x0000000087e00000| Untracked 
| 126|0x0000000087e00000, 0x0000000087f00000, 0x0000000087f00000|100%| O|  |TAMS 0x0000000087f00000, 0x0000000087f00000| Untracked 
| 127|0x0000000087f00000, 0x0000000088000000, 0x0000000088000000|100%| O|  |TAMS 0x0000000088000000, 0x0000000088000000| Untracked 
| 128|0x0000000088000000, 0x0000000088100000, 0x0000000088100000|100%| O|  |TAMS 0x0000000088100000, 0x0000000088100000| Untracked 
| 129|0x0000000088100000, 0x0000000088200000, 0x0000000088200000|100%| O|  |TAMS 0x0000000088200000, 0x0000000088200000| Untracked 
| 130|0x0000000088200000, 0x0000000088300000, 0x0000000088300000|100%| O|  |TAMS 0x0000000088300000, 0x0000000088300000| Untracked 
| 131|0x0000000088300000, 0x0000000088400000, 0x0000000088400000|100%| O|  |TAMS 0x0000000088400000, 0x0000000088400000| Untracked 
| 132|0x0000000088400000, 0x0000000088500000, 0x0000000088500000|100%| O|  |TAMS 0x0000000088458800, 0x0000000088500000| Untracked 
| 133|0x0000000088500000, 0x0000000088600000, 0x0000000088600000|100%| O|  |TAMS 0x0000000088500000, 0x0000000088600000| Untracked 
| 134|0x0000000088600000, 0x0000000088700000, 0x0000000088700000|100%| O|  |TAMS 0x0000000088600000, 0x0000000088700000| Untracked 
| 135|0x0000000088700000, 0x0000000088800000, 0x0000000088800000|100%| O|  |TAMS 0x0000000088700000, 0x0000000088800000| Untracked 
| 136|0x0000000088800000, 0x0000000088900000, 0x0000000088900000|100%| O|  |TAMS 0x0000000088800000, 0x0000000088900000| Untracked 
| 137|0x0000000088900000, 0x0000000088a00000, 0x0000000088a00000|100%| O|  |TAMS 0x0000000088900000, 0x0000000088a00000| Untracked 
| 138|0x0000000088a00000, 0x0000000088b00000, 0x0000000088b00000|100%| O|  |TAMS 0x0000000088a00000, 0x0000000088b00000| Untracked 
| 139|0x0000000088b00000, 0x0000000088c00000, 0x0000000088c00000|100%| O|  |TAMS 0x0000000088b00000, 0x0000000088c00000| Untracked 
| 140|0x0000000088c00000, 0x0000000088d00000, 0x0000000088d00000|100%| O|  |TAMS 0x0000000088c00000, 0x0000000088d00000| Untracked 
| 141|0x0000000088d00000, 0x0000000088e00000, 0x0000000088e00000|100%| O|  |TAMS 0x0000000088d00000, 0x0000000088e00000| Untracked 
| 142|0x0000000088e00000, 0x0000000088f00000, 0x0000000088f00000|100%| O|  |TAMS 0x0000000088e00000, 0x0000000088f00000| Untracked 
| 143|0x0000000088f00000, 0x0000000089000000, 0x0000000089000000|100%| O|  |TAMS 0x0000000088f00000, 0x0000000089000000| Untracked 
| 144|0x0000000089000000, 0x0000000089100000, 0x0000000089100000|100%| O|  |TAMS 0x0000000089000000, 0x0000000089100000| Untracked 
| 145|0x0000000089100000, 0x0000000089200000, 0x0000000089200000|100%| O|  |TAMS 0x0000000089100000, 0x0000000089200000| Untracked 
| 146|0x0000000089200000, 0x0000000089300000, 0x0000000089300000|100%| O|  |TAMS 0x0000000089200000, 0x0000000089300000| Untracked 
| 147|0x0000000089300000, 0x0000000089400000, 0x0000000089400000|100%| O|  |TAMS 0x0000000089300000, 0x0000000089400000| Untracked 
| 148|0x0000000089400000, 0x0000000089500000, 0x0000000089500000|100%| O|  |TAMS 0x0000000089400000, 0x0000000089500000| Untracked 
| 149|0x0000000089500000, 0x0000000089600000, 0x0000000089600000|100%| O|  |TAMS 0x0000000089500000, 0x0000000089600000| Untracked 
| 150|0x0000000089600000, 0x0000000089700000, 0x0000000089700000|100%| O|  |TAMS 0x0000000089600000, 0x0000000089700000| Untracked 
| 151|0x0000000089700000, 0x0000000089800000, 0x0000000089800000|100%| O|  |TAMS 0x0000000089700000, 0x0000000089800000| Untracked 
| 152|0x0000000089800000, 0x0000000089900000, 0x0000000089900000|100%| O|  |TAMS 0x0000000089800000, 0x0000000089900000| Untracked 
| 153|0x0000000089900000, 0x0000000089a00000, 0x0000000089a00000|100%| O|  |TAMS 0x0000000089900000, 0x0000000089a00000| Untracked 
| 154|0x0000000089a00000, 0x0000000089b00000, 0x0000000089b00000|100%| O|  |TAMS 0x0000000089a00000, 0x0000000089b00000| Untracked 
| 155|0x0000000089b00000, 0x0000000089c00000, 0x0000000089c00000|100%| O|  |TAMS 0x0000000089b00000, 0x0000000089c00000| Untracked 
| 156|0x0000000089c00000, 0x0000000089d00000, 0x0000000089d00000|100%| O|  |TAMS 0x0000000089c00000, 0x0000000089d00000| Untracked 
| 157|0x0000000089d00000, 0x0000000089e00000, 0x0000000089e00000|100%| O|  |TAMS 0x0000000089d00000, 0x0000000089e00000| Untracked 
| 158|0x0000000089e00000, 0x0000000089f00000, 0x0000000089f00000|100%| O|  |TAMS 0x0000000089e00000, 0x0000000089f00000| Untracked 
| 159|0x0000000089f00000, 0x000000008a000000, 0x000000008a000000|100%| O|  |TAMS 0x0000000089f00000, 0x000000008a000000| Untracked 
| 160|0x000000008a000000, 0x000000008a100000, 0x000000008a100000|100%| O|  |TAMS 0x000000008a000000, 0x000000008a100000| Untracked 
| 161|0x000000008a100000, 0x000000008a200000, 0x000000008a200000|100%| O|  |TAMS 0x000000008a100000, 0x000000008a200000| Untracked 
| 162|0x000000008a200000, 0x000000008a300000, 0x000000008a300000|100%| O|  |TAMS 0x000000008a200000, 0x000000008a300000| Untracked 
| 163|0x000000008a300000, 0x000000008a400000, 0x000000008a400000|100%| O|  |TAMS 0x000000008a300000, 0x000000008a400000| Untracked 
| 164|0x000000008a400000, 0x000000008a500000, 0x000000008a500000|100%| O|  |TAMS 0x000000008a400000, 0x000000008a500000| Untracked 
| 165|0x000000008a500000, 0x000000008a600000, 0x000000008a600000|100%| O|  |TAMS 0x000000008a500000, 0x000000008a600000| Untracked 
| 166|0x000000008a600000, 0x000000008a700000, 0x000000008a700000|100%| O|  |TAMS 0x000000008a600000, 0x000000008a700000| Untracked 
| 167|0x000000008a700000, 0x000000008a800000, 0x000000008a800000|100%| O|  |TAMS 0x000000008a700000, 0x000000008a800000| Untracked 
| 168|0x000000008a800000, 0x000000008a900000, 0x000000008a900000|100%| O|  |TAMS 0x000000008a800000, 0x000000008a900000| Untracked 
| 169|0x000000008a900000, 0x000000008aa00000, 0x000000008aa00000|100%| O|  |TAMS 0x000000008a900000, 0x000000008aa00000| Untracked 
| 170|0x000000008aa00000, 0x000000008ab00000, 0x000000008ab00000|100%| O|  |TAMS 0x000000008aa00000, 0x000000008ab00000| Untracked 
| 171|0x000000008ab00000, 0x000000008ac00000, 0x000000008ac00000|100%| O|  |TAMS 0x000000008ab00000, 0x000000008ac00000| Untracked 
| 172|0x000000008ac00000, 0x000000008ad00000, 0x000000008ad00000|100%| O|  |TAMS 0x000000008ac00000, 0x000000008ad00000| Untracked 
| 173|0x000000008ad00000, 0x000000008ae00000, 0x000000008ae00000|100%| O|  |TAMS 0x000000008ad00000, 0x000000008ae00000| Untracked 
| 174|0x000000008ae00000, 0x000000008af00000, 0x000000008af00000|100%| O|  |TAMS 0x000000008ae00000, 0x000000008af00000| Untracked 
| 175|0x000000008af00000, 0x000000008b000000, 0x000000008b000000|100%| O|  |TAMS 0x000000008af00000, 0x000000008b000000| Untracked 
| 176|0x000000008b000000, 0x000000008b100000, 0x000000008b100000|100%| O|  |TAMS 0x000000008b000000, 0x000000008b100000| Untracked 
| 177|0x000000008b100000, 0x000000008b200000, 0x000000008b200000|100%| O|  |TAMS 0x000000008b100000, 0x000000008b200000| Untracked 
| 178|0x000000008b200000, 0x000000008b300000, 0x000000008b300000|100%| O|  |TAMS 0x000000008b200000, 0x000000008b300000| Untracked 
| 179|0x000000008b300000, 0x000000008b400000, 0x000000008b400000|100%| O|  |TAMS 0x000000008b300000, 0x000000008b400000| Untracked 
| 180|0x000000008b400000, 0x000000008b500000, 0x000000008b500000|100%| O|  |TAMS 0x000000008b400000, 0x000000008b500000| Untracked 
| 181|0x000000008b500000, 0x000000008b600000, 0x000000008b600000|100%| O|  |TAMS 0x000000008b500000, 0x000000008b600000| Untracked 
| 182|0x000000008b600000, 0x000000008b700000, 0x000000008b700000|100%| O|  |TAMS 0x000000008b600000, 0x000000008b700000| Untracked 
| 183|0x000000008b700000, 0x000000008b800000, 0x000000008b800000|100%| O|  |TAMS 0x000000008b700000, 0x000000008b800000| Untracked 
| 184|0x000000008b800000, 0x000000008b900000, 0x000000008b900000|100%| O|  |TAMS 0x000000008b800000, 0x000000008b900000| Untracked 
| 185|0x000000008b900000, 0x000000008ba00000, 0x000000008ba00000|100%| O|  |TAMS 0x000000008b900000, 0x000000008ba00000| Untracked 
| 186|0x000000008ba00000, 0x000000008bb00000, 0x000000008bb00000|100%| O|  |TAMS 0x000000008ba00000, 0x000000008bb00000| Untracked 
| 187|0x000000008bb00000, 0x000000008bc00000, 0x000000008bc00000|100%| O|  |TAMS 0x000000008bb00000, 0x000000008bc00000| Untracked 
| 188|0x000000008bc00000, 0x000000008bd00000, 0x000000008bd00000|100%| O|  |TAMS 0x000000008bc00000, 0x000000008bd00000| Untracked 
| 189|0x000000008bd00000, 0x000000008be00000, 0x000000008be00000|100%| O|  |TAMS 0x000000008bd00000, 0x000000008be00000| Untracked 
| 190|0x000000008be00000, 0x000000008bf00000, 0x000000008bf00000|100%| O|  |TAMS 0x000000008be00000, 0x000000008bf00000| Untracked 
| 191|0x000000008bf00000, 0x000000008c000000, 0x000000008c000000|100%| O|  |TAMS 0x000000008bf00000, 0x000000008c000000| Untracked 
| 192|0x000000008c000000, 0x000000008c100000, 0x000000008c100000|100%| O|  |TAMS 0x000000008c000000, 0x000000008c100000| Untracked 
| 193|0x000000008c100000, 0x000000008c200000, 0x000000008c200000|100%| O|  |TAMS 0x000000008c100000, 0x000000008c200000| Untracked 
| 194|0x000000008c200000, 0x000000008c300000, 0x000000008c300000|100%| O|  |TAMS 0x000000008c200000, 0x000000008c300000| Untracked 
| 195|0x000000008c300000, 0x000000008c400000, 0x000000008c400000|100%| O|  |TAMS 0x000000008c300000, 0x000000008c400000| Untracked 
| 196|0x000000008c400000, 0x000000008c500000, 0x000000008c500000|100%| O|  |TAMS 0x000000008c400000, 0x000000008c500000| Untracked 
| 197|0x000000008c500000, 0x000000008c600000, 0x000000008c600000|100%| O|  |TAMS 0x000000008c500000, 0x000000008c600000| Untracked 
| 198|0x000000008c600000, 0x000000008c700000, 0x000000008c700000|100%| O|  |TAMS 0x000000008c600000, 0x000000008c700000| Untracked 
| 199|0x000000008c700000, 0x000000008c800000, 0x000000008c800000|100%| O|  |TAMS 0x000000008c700000, 0x000000008c800000| Untracked 
| 200|0x000000008c800000, 0x000000008c900000, 0x000000008c900000|100%| O|  |TAMS 0x000000008c800000, 0x000000008c900000| Untracked 
| 201|0x000000008c900000, 0x000000008ca00000, 0x000000008ca00000|100%| O|  |TAMS 0x000000008c900000, 0x000000008ca00000| Untracked 
| 202|0x000000008ca00000, 0x000000008cb00000, 0x000000008cb00000|100%| O|  |TAMS 0x000000008ca00000, 0x000000008cb00000| Untracked 
| 203|0x000000008cb00000, 0x000000008cc00000, 0x000000008cc00000|100%| O|  |TAMS 0x000000008cb00000, 0x000000008cc00000| Untracked 
| 204|0x000000008cc00000, 0x000000008cd00000, 0x000000008cd00000|100%| O|  |TAMS 0x000000008cc00000, 0x000000008cd00000| Untracked 
| 205|0x000000008cd00000, 0x000000008ce00000, 0x000000008ce00000|100%| O|  |TAMS 0x000000008cd00000, 0x000000008ce00000| Untracked 
| 206|0x000000008ce00000, 0x000000008cf00000, 0x000000008cf00000|100%| O|  |TAMS 0x000000008ce00000, 0x000000008cf00000| Untracked 
| 207|0x000000008cf00000, 0x000000008d000000, 0x000000008d000000|100%| O|  |TAMS 0x000000008cf00000, 0x000000008d000000| Untracked 
| 208|0x000000008d000000, 0x000000008d100000, 0x000000008d100000|100%| O|  |TAMS 0x000000008d000000, 0x000000008d100000| Untracked 
| 209|0x000000008d100000, 0x000000008d200000, 0x000000008d200000|100%|HS|  |TAMS 0x000000008d100000, 0x000000008d200000| Complete 
| 210|0x000000008d200000, 0x000000008d300000, 0x000000008d300000|100%|HC|  |TAMS 0x000000008d200000, 0x000000008d300000| Complete 
| 211|0x000000008d300000, 0x000000008d400000, 0x000000008d400000|100%| O|  |TAMS 0x000000008d300000, 0x000000008d400000| Untracked 
| 212|0x000000008d400000, 0x000000008d500000, 0x000000008d500000|100%| O|  |TAMS 0x000000008d400000, 0x000000008d500000| Untracked 
| 213|0x000000008d500000, 0x000000008d600000, 0x000000008d600000|100%| O|  |TAMS 0x000000008d500000, 0x000000008d600000| Untracked 
| 214|0x000000008d600000, 0x000000008d700000, 0x000000008d700000|100%| O|  |TAMS 0x000000008d600000, 0x000000008d700000| Untracked 
| 215|0x000000008d700000, 0x000000008d800000, 0x000000008d800000|100%| O|  |TAMS 0x000000008d700000, 0x000000008d800000| Untracked 
| 216|0x000000008d800000, 0x000000008d900000, 0x000000008d900000|100%| O|  |TAMS 0x000000008d800000, 0x000000008d900000| Untracked 
| 217|0x000000008d900000, 0x000000008da00000, 0x000000008da00000|100%| O|  |TAMS 0x000000008d900000, 0x000000008da00000| Untracked 
| 218|0x000000008da00000, 0x000000008db00000, 0x000000008db00000|100%| O|  |TAMS 0x000000008da00000, 0x000000008db00000| Untracked 
| 219|0x000000008db00000, 0x000000008dc00000, 0x000000008dc00000|100%| O|  |TAMS 0x000000008db00000, 0x000000008dc00000| Untracked 
| 220|0x000000008dc00000, 0x000000008dd00000, 0x000000008dd00000|100%| O|  |TAMS 0x000000008dc00000, 0x000000008dd00000| Untracked 
| 221|0x000000008dd00000, 0x000000008de00000, 0x000000008de00000|100%| O|  |TAMS 0x000000008dd00000, 0x000000008de00000| Untracked 
| 222|0x000000008de00000, 0x000000008df00000, 0x000000008df00000|100%| O|  |TAMS 0x000000008de00000, 0x000000008df00000| Untracked 
| 223|0x000000008df00000, 0x000000008e000000, 0x000000008e000000|100%| O|  |TAMS 0x000000008df00000, 0x000000008e000000| Untracked 
| 224|0x000000008e000000, 0x000000008e100000, 0x000000008e100000|100%| O|  |TAMS 0x000000008e000000, 0x000000008e100000| Untracked 
| 225|0x000000008e100000, 0x000000008e200000, 0x000000008e200000|100%| O|  |TAMS 0x000000008e100000, 0x000000008e200000| Untracked 
| 226|0x000000008e200000, 0x000000008e300000, 0x000000008e300000|100%| O|  |TAMS 0x000000008e200000, 0x000000008e300000| Untracked 
| 227|0x000000008e300000, 0x000000008e400000, 0x000000008e400000|100%| O|  |TAMS 0x000000008e300000, 0x000000008e400000| Untracked 
| 228|0x000000008e400000, 0x000000008e500000, 0x000000008e500000|100%| O|  |TAMS 0x000000008e400000, 0x000000008e500000| Untracked 
| 229|0x000000008e500000, 0x000000008e600000, 0x000000008e600000|100%| O|  |TAMS 0x000000008e500000, 0x000000008e600000| Untracked 
| 230|0x000000008e600000, 0x000000008e700000, 0x000000008e700000|100%| O|  |TAMS 0x000000008e600000, 0x000000008e700000| Untracked 
| 231|0x000000008e700000, 0x000000008e7ffff8, 0x000000008e800000| 99%| O|  |TAMS 0x000000008e700000, 0x000000008e7ffff8| Untracked 
| 232|0x000000008e800000, 0x000000008e900000, 0x000000008e900000|100%| O|  |TAMS 0x000000008e800000, 0x000000008e900000| Untracked 
| 233|0x000000008e900000, 0x000000008ea00000, 0x000000008ea00000|100%| O|  |TAMS 0x000000008e900000, 0x000000008ea00000| Untracked 
| 234|0x000000008ea00000, 0x000000008eb00000, 0x000000008eb00000|100%| O|  |TAMS 0x000000008ea00000, 0x000000008eb00000| Untracked 
| 235|0x000000008eb00000, 0x000000008ec00000, 0x000000008ec00000|100%| O|  |TAMS 0x000000008eb00000, 0x000000008ec00000| Untracked 
| 236|0x000000008ec00000, 0x000000008ed00000, 0x000000008ed00000|100%| O|  |TAMS 0x000000008ec00000, 0x000000008ed00000| Untracked 
| 237|0x000000008ed00000, 0x000000008ee00000, 0x000000008ee00000|100%| O|  |TAMS 0x000000008ed00000, 0x000000008ee00000| Untracked 
| 238|0x000000008ee00000, 0x000000008ef00000, 0x000000008ef00000|100%| O|  |TAMS 0x000000008ee00000, 0x000000008ef00000| Untracked 
| 239|0x000000008ef00000, 0x000000008f000000, 0x000000008f000000|100%| O|  |TAMS 0x000000008ef00000, 0x000000008f000000| Untracked 
| 240|0x000000008f000000, 0x000000008f100000, 0x000000008f100000|100%| O|  |TAMS 0x000000008f000000, 0x000000008f100000| Untracked 
| 241|0x000000008f100000, 0x000000008f200000, 0x000000008f200000|100%| O|  |TAMS 0x000000008f100000, 0x000000008f200000| Untracked 
| 242|0x000000008f200000, 0x000000008f300000, 0x000000008f300000|100%| O|  |TAMS 0x000000008f200000, 0x000000008f300000| Untracked 
| 243|0x000000008f300000, 0x000000008f400000, 0x000000008f400000|100%| O|  |TAMS 0x000000008f300000, 0x000000008f400000| Untracked 
| 244|0x000000008f400000, 0x000000008f500000, 0x000000008f500000|100%| O|  |TAMS 0x000000008f400000, 0x000000008f500000| Untracked 
| 245|0x000000008f500000, 0x000000008f600000, 0x000000008f600000|100%| O|  |TAMS 0x000000008f500000, 0x000000008f600000| Untracked 
| 246|0x000000008f600000, 0x000000008f700000, 0x000000008f700000|100%| O|  |TAMS 0x000000008f600000, 0x000000008f700000| Untracked 
| 247|0x000000008f700000, 0x000000008f800000, 0x000000008f800000|100%| O|  |TAMS 0x000000008f700000, 0x000000008f800000| Untracked 
| 248|0x000000008f800000, 0x000000008f900000, 0x000000008f900000|100%| O|  |TAMS 0x000000008f800000, 0x000000008f900000| Untracked 
| 249|0x000000008f900000, 0x000000008fa00000, 0x000000008fa00000|100%| O|  |TAMS 0x000000008f900000, 0x000000008fa00000| Untracked 
| 250|0x000000008fa00000, 0x000000008fb00000, 0x000000008fb00000|100%| O|  |TAMS 0x000000008fa00000, 0x000000008fb00000| Untracked 
| 251|0x000000008fb00000, 0x000000008fc00000, 0x000000008fc00000|100%| O|  |TAMS 0x000000008fb00000, 0x000000008fc00000| Untracked 
| 252|0x000000008fc00000, 0x000000008fd00000, 0x000000008fd00000|100%| O|  |TAMS 0x000000008fc00000, 0x000000008fd00000| Untracked 
| 253|0x000000008fd00000, 0x000000008fe00000, 0x000000008fe00000|100%| O|  |TAMS 0x000000008fd00000, 0x000000008fe00000| Untracked 
| 254|0x000000008fe00000, 0x000000008ff00000, 0x000000008ff00000|100%| O|  |TAMS 0x000000008fe00000, 0x000000008ff00000| Untracked 
| 255|0x000000008ff00000, 0x0000000090000000, 0x0000000090000000|100%| O|  |TAMS 0x000000008ff00000, 0x0000000090000000| Untracked 
| 256|0x0000000090000000, 0x0000000090100000, 0x0000000090100000|100%| O|  |TAMS 0x0000000090000000, 0x0000000090100000| Untracked 
| 257|0x0000000090100000, 0x0000000090200000, 0x0000000090200000|100%| O|  |TAMS 0x0000000090100000, 0x0000000090200000| Untracked 
| 258|0x0000000090200000, 0x0000000090300000, 0x0000000090300000|100%| O|  |TAMS 0x0000000090200000, 0x0000000090300000| Untracked 
| 259|0x0000000090300000, 0x0000000090400000, 0x0000000090400000|100%| O|  |TAMS 0x0000000090300000, 0x0000000090400000| Untracked 
| 260|0x0000000090400000, 0x0000000090500000, 0x0000000090500000|100%| O|  |TAMS 0x0000000090400000, 0x0000000090500000| Untracked 
| 261|0x0000000090500000, 0x0000000090600000, 0x0000000090600000|100%| O|  |TAMS 0x0000000090500000, 0x0000000090600000| Untracked 
| 262|0x0000000090600000, 0x0000000090700000, 0x0000000090700000|100%| O|  |TAMS 0x0000000090600000, 0x0000000090700000| Untracked 
| 263|0x0000000090700000, 0x0000000090800000, 0x0000000090800000|100%| O|  |TAMS 0x0000000090700000, 0x0000000090800000| Untracked 
| 264|0x0000000090800000, 0x0000000090900000, 0x0000000090900000|100%| O|  |TAMS 0x0000000090800000, 0x0000000090900000| Untracked 
| 265|0x0000000090900000, 0x0000000090a00000, 0x0000000090a00000|100%| O|  |TAMS 0x0000000090900000, 0x0000000090a00000| Untracked 
| 266|0x0000000090a00000, 0x0000000090b00000, 0x0000000090b00000|100%| O|  |TAMS 0x0000000090a00000, 0x0000000090b00000| Untracked 
| 267|0x0000000090b00000, 0x0000000090c00000, 0x0000000090c00000|100%| O|  |TAMS 0x0000000090b00000, 0x0000000090c00000| Untracked 
| 268|0x0000000090c00000, 0x0000000090d00000, 0x0000000090d00000|100%| O|  |TAMS 0x0000000090c00000, 0x0000000090d00000| Untracked 
| 269|0x0000000090d00000, 0x0000000090e00000, 0x0000000090e00000|100%| O|  |TAMS 0x0000000090d00000, 0x0000000090e00000| Untracked 
| 270|0x0000000090e00000, 0x0000000090f00000, 0x0000000090f00000|100%| O|  |TAMS 0x0000000090e00000, 0x0000000090f00000| Untracked 
| 271|0x0000000090f00000, 0x0000000091000000, 0x0000000091000000|100%|HS|  |TAMS 0x0000000090f00000, 0x0000000091000000| Complete 
| 272|0x0000000091000000, 0x0000000091100000, 0x0000000091100000|100%|HC|  |TAMS 0x0000000091000000, 0x0000000091100000| Complete 
| 273|0x0000000091100000, 0x0000000091200000, 0x0000000091200000|100%| O|  |TAMS 0x0000000091100000, 0x0000000091200000| Untracked 
| 274|0x0000000091200000, 0x0000000091300000, 0x0000000091300000|100%| O|  |TAMS 0x0000000091200000, 0x0000000091300000| Untracked 
| 275|0x0000000091300000, 0x0000000091400000, 0x0000000091400000|100%| O|  |TAMS 0x0000000091300000, 0x0000000091400000| Untracked 
| 276|0x0000000091400000, 0x0000000091500000, 0x0000000091500000|100%| O|  |TAMS 0x0000000091400000, 0x0000000091500000| Untracked 
| 277|0x0000000091500000, 0x0000000091600000, 0x0000000091600000|100%| O|  |TAMS 0x0000000091500000, 0x0000000091600000| Untracked 
| 278|0x0000000091600000, 0x0000000091700000, 0x0000000091700000|100%| O|  |TAMS 0x0000000091600000, 0x0000000091700000| Untracked 
| 279|0x0000000091700000, 0x0000000091800000, 0x0000000091800000|100%| O|  |TAMS 0x0000000091700000, 0x0000000091800000| Untracked 
| 280|0x0000000091800000, 0x0000000091900000, 0x0000000091900000|100%| O|  |TAMS 0x0000000091800000, 0x0000000091900000| Untracked 
| 281|0x0000000091900000, 0x0000000091900000, 0x0000000091a00000|  0%| F|  |TAMS 0x0000000091900000, 0x0000000091900000| Untracked 
| 282|0x0000000091a00000, 0x0000000091a00000, 0x0000000091b00000|  0%| F|  |TAMS 0x0000000091a00000, 0x0000000091a00000| Untracked 
| 283|0x0000000091b00000, 0x0000000091c00000, 0x0000000091c00000|100%|HS|  |TAMS 0x0000000091b00000, 0x0000000091c00000| Complete 
| 284|0x0000000091c00000, 0x0000000091d00000, 0x0000000091d00000|100%|HC|  |TAMS 0x0000000091c00000, 0x0000000091d00000| Complete 
| 285|0x0000000091d00000, 0x0000000091d00000, 0x0000000091e00000|  0%| F|  |TAMS 0x0000000091d00000, 0x0000000091d00000| Untracked 
| 286|0x0000000091e00000, 0x0000000091e00000, 0x0000000091f00000|  0%| F|  |TAMS 0x0000000091e00000, 0x0000000091e00000| Untracked 
| 287|0x0000000091f00000, 0x0000000092000000, 0x0000000092000000|100%|HS|  |TAMS 0x0000000091f00000, 0x0000000092000000| Complete 
| 288|0x0000000092000000, 0x0000000092100000, 0x0000000092100000|100%|HC|  |TAMS 0x0000000092000000, 0x0000000092100000| Complete 
| 289|0x0000000092100000, 0x0000000092200000, 0x0000000092200000|100%|HS|  |TAMS 0x0000000092100000, 0x0000000092200000| Complete 
| 290|0x0000000092200000, 0x0000000092300000, 0x0000000092300000|100%|HC|  |TAMS 0x0000000092200000, 0x0000000092300000| Complete 
| 291|0x0000000092300000, 0x0000000092300000, 0x0000000092400000|  0%| F|  |TAMS 0x0000000092300000, 0x0000000092300000| Untracked 
| 292|0x0000000092400000, 0x0000000092400000, 0x0000000092500000|  0%| F|  |TAMS 0x0000000092400000, 0x0000000092400000| Untracked 
| 293|0x0000000092500000, 0x0000000092500000, 0x0000000092600000|  0%| F|  |TAMS 0x0000000092500000, 0x0000000092500000| Untracked 
| 294|0x0000000092600000, 0x0000000092600000, 0x0000000092700000|  0%| F|  |TAMS 0x0000000092600000, 0x0000000092600000| Untracked 
| 295|0x0000000092700000, 0x0000000092700000, 0x0000000092800000|  0%| F|  |TAMS 0x0000000092700000, 0x0000000092700000| Untracked 
| 296|0x0000000092800000, 0x0000000092900000, 0x0000000092900000|100%| O|  |TAMS 0x0000000092800000, 0x0000000092900000| Untracked 
| 297|0x0000000092900000, 0x00000000929ef800, 0x0000000092a00000| 93%| O|  |TAMS 0x0000000092900000, 0x00000000929ef800| Untracked 
| 298|0x0000000092a00000, 0x0000000092a00000, 0x0000000092b00000|  0%| F|  |TAMS 0x0000000092a00000, 0x0000000092a00000| Untracked 
| 299|0x0000000092b00000, 0x0000000092b00000, 0x0000000092c00000|  0%| F|  |TAMS 0x0000000092b00000, 0x0000000092b00000| Untracked 
| 300|0x0000000092c00000, 0x0000000092c00000, 0x0000000092d00000|  0%| F|  |TAMS 0x0000000092c00000, 0x0000000092c00000| Untracked 
| 301|0x0000000092d00000, 0x0000000092d00000, 0x0000000092e00000|  0%| F|  |TAMS 0x0000000092d00000, 0x0000000092d00000| Untracked 
| 302|0x0000000092e00000, 0x0000000092e00000, 0x0000000092f00000|  0%| F|  |TAMS 0x0000000092e00000, 0x0000000092e00000| Untracked 
| 303|0x0000000092f00000, 0x0000000092f00000, 0x0000000093000000|  0%| F|  |TAMS 0x0000000092f00000, 0x0000000092f00000| Untracked 
| 304|0x0000000093000000, 0x0000000093000000, 0x0000000093100000|  0%| F|  |TAMS 0x0000000093000000, 0x0000000093000000| Untracked 
| 305|0x0000000093100000, 0x0000000093100000, 0x0000000093200000|  0%| F|  |TAMS 0x0000000093100000, 0x0000000093100000| Untracked 
| 306|0x0000000093200000, 0x0000000093200000, 0x0000000093300000|  0%| F|  |TAMS 0x0000000093200000, 0x0000000093200000| Untracked 
| 307|0x0000000093300000, 0x0000000093300000, 0x0000000093400000|  0%| F|  |TAMS 0x0000000093300000, 0x0000000093300000| Untracked 
| 308|0x0000000093400000, 0x0000000093400000, 0x0000000093500000|  0%| F|  |TAMS 0x0000000093400000, 0x0000000093400000| Untracked 
| 309|0x0000000093500000, 0x0000000093500000, 0x0000000093600000|  0%| F|  |TAMS 0x0000000093500000, 0x0000000093500000| Untracked 
| 310|0x0000000093600000, 0x0000000093600000, 0x0000000093700000|  0%| F|  |TAMS 0x0000000093600000, 0x0000000093600000| Untracked 
| 311|0x0000000093700000, 0x0000000093700000, 0x0000000093800000|  0%| F|  |TAMS 0x0000000093700000, 0x0000000093700000| Untracked 
| 312|0x0000000093800000, 0x0000000093800000, 0x0000000093900000|  0%| F|  |TAMS 0x0000000093800000, 0x0000000093800000| Untracked 
| 313|0x0000000093900000, 0x0000000093900000, 0x0000000093a00000|  0%| F|  |TAMS 0x0000000093900000, 0x0000000093900000| Untracked 
| 314|0x0000000093a00000, 0x0000000093a00000, 0x0000000093b00000|  0%| F|  |TAMS 0x0000000093a00000, 0x0000000093a00000| Untracked 
| 315|0x0000000093b00000, 0x0000000093b00000, 0x0000000093c00000|  0%| F|  |TAMS 0x0000000093b00000, 0x0000000093b00000| Untracked 
| 316|0x0000000093c00000, 0x0000000093c00000, 0x0000000093d00000|  0%| F|  |TAMS 0x0000000093c00000, 0x0000000093c00000| Untracked 
| 317|0x0000000093d00000, 0x0000000093d00000, 0x0000000093e00000|  0%| F|  |TAMS 0x0000000093d00000, 0x0000000093d00000| Untracked 
| 318|0x0000000093e00000, 0x0000000093e00000, 0x0000000093f00000|  0%| F|  |TAMS 0x0000000093e00000, 0x0000000093e00000| Untracked 
| 319|0x0000000093f00000, 0x0000000093f00000, 0x0000000094000000|  0%| F|  |TAMS 0x0000000093f00000, 0x0000000093f00000| Untracked 
| 320|0x0000000094000000, 0x0000000094000000, 0x0000000094100000|  0%| F|  |TAMS 0x0000000094000000, 0x0000000094000000| Untracked 
| 321|0x0000000094100000, 0x0000000094100000, 0x0000000094200000|  0%| F|  |TAMS 0x0000000094100000, 0x0000000094100000| Untracked 
| 322|0x0000000094200000, 0x0000000094200000, 0x0000000094300000|  0%| F|  |TAMS 0x0000000094200000, 0x0000000094200000| Untracked 
| 323|0x0000000094300000, 0x0000000094300000, 0x0000000094400000|  0%| F|  |TAMS 0x0000000094300000, 0x0000000094300000| Untracked 
| 324|0x0000000094400000, 0x0000000094400000, 0x0000000094500000|  0%| F|  |TAMS 0x0000000094400000, 0x0000000094400000| Untracked 
| 325|0x0000000094500000, 0x0000000094500000, 0x0000000094600000|  0%| F|  |TAMS 0x0000000094500000, 0x0000000094500000| Untracked 
| 326|0x0000000094600000, 0x0000000094600000, 0x0000000094700000|  0%| F|  |TAMS 0x0000000094600000, 0x0000000094600000| Untracked 
| 327|0x0000000094700000, 0x0000000094700000, 0x0000000094800000|  0%| F|  |TAMS 0x0000000094700000, 0x0000000094700000| Untracked 
| 328|0x0000000094800000, 0x0000000094800000, 0x0000000094900000|  0%| F|  |TAMS 0x0000000094800000, 0x0000000094800000| Untracked 
| 329|0x0000000094900000, 0x0000000094900000, 0x0000000094a00000|  0%| F|  |TAMS 0x0000000094900000, 0x0000000094900000| Untracked 
| 330|0x0000000094a00000, 0x0000000094a00000, 0x0000000094b00000|  0%| F|  |TAMS 0x0000000094a00000, 0x0000000094a00000| Untracked 
| 331|0x0000000094b00000, 0x0000000094b00000, 0x0000000094c00000|  0%| F|  |TAMS 0x0000000094b00000, 0x0000000094b00000| Untracked 
| 332|0x0000000094c00000, 0x0000000094c00000, 0x0000000094d00000|  0%| F|  |TAMS 0x0000000094c00000, 0x0000000094c00000| Untracked 
| 333|0x0000000094d00000, 0x0000000094d00000, 0x0000000094e00000|  0%| F|  |TAMS 0x0000000094d00000, 0x0000000094d00000| Untracked 
| 334|0x0000000094e00000, 0x0000000094e00000, 0x0000000094f00000|  0%| F|  |TAMS 0x0000000094e00000, 0x0000000094e00000| Untracked 
| 335|0x0000000094f00000, 0x0000000094f00000, 0x0000000095000000|  0%| F|  |TAMS 0x0000000094f00000, 0x0000000094f00000| Untracked 
| 336|0x0000000095000000, 0x00000000950d0e60, 0x0000000095100000| 81%| S|CS|TAMS 0x0000000095000000, 0x0000000095000000| Complete 
| 337|0x0000000095100000, 0x0000000095100000, 0x0000000095200000|  0%| F|  |TAMS 0x0000000095100000, 0x0000000095100000| Untracked 
| 338|0x0000000095200000, 0x0000000095200000, 0x0000000095300000|  0%| F|  |TAMS 0x0000000095200000, 0x0000000095200000| Untracked 

Card table byte_map: [0x000002994f6b0000,0x000002994fab0000] _byte_map_base: 0x000002994f2b0000

Marking Bits (Prev, Next): (CMBitMap*) 0x000002993ce35f10, (CMBitMap*) 0x000002993ce35f50
 Prev Bits: [0x000002994feb0000, 0x0000029951eb0000)
 Next Bits: [0x0000029951eb0000, 0x0000029953eb0000)

Polling page: 0x000002993ad90000

Metaspace:

Usage:
  Non-class:    147.54 MB used.
      Class:     22.21 MB used.
       Both:    169.75 MB used.

Virtual space:
  Non-class space:      192.00 MB reserved,     148.19 MB ( 77%) committed,  3 nodes.
      Class space:        1.00 GB reserved,      22.88 MB (  2%) committed,  1 nodes.
             Both:        1.19 GB reserved,     171.06 MB ( 14%) committed. 

Chunk freelists:
   Non-Class:  11.02 MB
       Class:  9.15 MB
        Both:  20.16 MB

MaxMetaspaceSize: unlimited
CompressedClassSpaceSize: 1.00 GB
Initial GC threshold: 21.00 MB
Current GC threshold: 197.19 MB
CDS: off
MetaspaceReclaimPolicy: balanced
 - commit_granule_bytes: 65536.
 - commit_granule_words: 8192.
 - virtual_space_node_default_size: 8388608.
 - enlarge_chunks_in_place: 1.
 - new_chunks_are_fully_committed: 0.
 - uncommit_free_chunks: 1.
 - use_allocation_guard: 0.
 - handle_deallocations: 1.


Internal statistics:

num_allocs_failed_limit: 12.
num_arena_births: 2518.
num_arena_deaths: 0.
num_vsnodes_births: 4.
num_vsnodes_deaths: 0.
num_space_committed: 2735.
num_space_uncommitted: 0.
num_chunks_returned_to_freelist: 12.
num_chunks_taken_from_freelist: 9490.
num_chunk_merges: 12.
num_chunk_splits: 6289.
num_chunks_enlarged: 4038.
num_inconsistent_stats: 0.

CodeHeap 'non-profiled nmethods': size=120000Kb used=16924Kb max_used=16924Kb free=103075Kb
 bounds [0x0000029947d80000, 0x0000029948e10000, 0x000002994f2b0000]
CodeHeap 'profiled nmethods': size=120000Kb used=42248Kb max_used=42248Kb free=77751Kb
 bounds [0x00000299402b0000, 0x0000029942c00000, 0x00000299477e0000]
CodeHeap 'non-nmethods': size=5760Kb used=1813Kb max_used=1930Kb free=3946Kb
 bounds [0x00000299477e0000, 0x0000029947a50000, 0x0000029947d80000]
 total_blobs=22623 nmethods=21701 adapters=832
 compilation: enabled
              stopped_count=0, restarted_count=0
 full_count=0

Compilation events (20 events):
Event: 1667.520 Thread 0x0000029956550e40 26479       3       com.sun.org.apache.xerces.internal.parsers.AbstractXMLDocumentParser::emptyElement (14 bytes)
Event: 1667.520 Thread 0x0000029956550e40 nmethod 26479 0x0000029942bf1890 code [0x0000029942bf1a40, 0x0000029942bf1cd8]
Event: 1667.562 Thread 0x0000029956550e40 26480       3       java.math.BigInteger::<init> (94 bytes)
Event: 1667.562 Thread 0x000002995654b950 26481       4       java.util.Arrays::fill (28 bytes)
Event: 1667.563 Thread 0x0000029956550e40 nmethod 26480 0x0000029942bf1e10 code [0x0000029942bf2060, 0x0000029942bf29c8]
Event: 1667.565 Thread 0x0000029956550e40 26482       3       com.google.common.base.Objects::hashCode (5 bytes)
Event: 1667.565 Thread 0x0000029956550e40 nmethod 26482 0x0000029942bf2d10 code [0x0000029942bf2ea0, 0x0000029942bf2fa8]
Event: 1667.566 Thread 0x000002995654b950 nmethod 26481 0x0000029948dfd790 code [0x0000029948dfd920, 0x0000029948dfdb18]
Event: 1667.577 Thread 0x000002995654b950 26483       4       com.android.zipflinger.ZipMap::checkPolicy (99 bytes)
Event: 1667.578 Thread 0x000002995654b950 nmethod 26483 0x0000029948dfdc90 code [0x0000029948dfde20, 0x0000029948dfdf38]
Event: 1667.623 Thread 0x0000029960830950 26484       4       com.android.zipflinger.ZipMap::parseCentralDirectoryRecord (533 bytes)
Event: 1667.623 Thread 0x000002995654b950 26485       4       com.android.zipflinger.Entry::setNameBytes (16 bytes)
Event: 1667.626 Thread 0x000002995654b950 nmethod 26485 0x0000029948dfe090 code [0x0000029948dfe220, 0x0000029948dfe428]
Event: 1667.626 Thread 0x000002995654b950 26486       4       com.android.zipflinger.ZipMap::readLocalFields (67 bytes)
Event: 1667.651 Thread 0x000002995654b950 nmethod 26486 0x0000029948dfe590 code [0x0000029948dfe7a0, 0x0000029948dffd48]
Event: 1667.651 Thread 0x000002995654b950 26487       4       com.android.zipflinger.Location::compareTo (9 bytes)
Event: 1667.652 Thread 0x000002995654b950 nmethod 26487 0x0000029948e00b10 code [0x0000029948e00ca0, 0x0000029948e00d78]
Event: 1667.659 Thread 0x0000029956550e40 26488   !   3       com.android.apksig.internal.util.FileChannelDataSource::size (27 bytes)
Event: 1667.660 Thread 0x0000029956550e40 nmethod 26488 0x0000029942bf3090 code [0x0000029942bf3240, 0x0000029942bf3468]
Event: 1667.689 Thread 0x0000029960830950 nmethod 26484 0x0000029948e00e90 code [0x0000029948e01140, 0x0000029948e04a70]

GC Heap History (20 events):
Event: 1664.179 GC heap after
{Heap after GC invocations=113 (full 0):
 garbage-first heap   total 347136K, used 277439K [0x0000000080000000, 0x0000000100000000)
  region size 1024K, 2 young (2048K), 2 survivors (2048K)
 Metaspace       used 173574K, committed 174976K, reserved 1245184K
  class space    used 22737K, committed 23424K, reserved 1048576K
}
Event: 1666.281 GC heap before
{Heap before GC invocations=113 (full 0):
 garbage-first heap   total 347136K, used 304063K [0x0000000080000000, 0x0000000100000000)
  region size 1024K, 29 young (29696K), 2 survivors (2048K)
 Metaspace       used 173592K, committed 174976K, reserved 1245184K
  class space    used 22737K, committed 23424K, reserved 1048576K
}
Event: 1666.286 GC heap after
{Heap after GC invocations=114 (full 0):
 garbage-first heap   total 347136K, used 277939K [0x0000000080000000, 0x0000000100000000)
  region size 1024K, 3 young (3072K), 3 survivors (3072K)
 Metaspace       used 173592K, committed 174976K, reserved 1245184K
  class space    used 22737K, committed 23424K, reserved 1048576K
}
Event: 1666.363 GC heap before
{Heap before GC invocations=114 (full 0):
 garbage-first heap   total 347136K, used 305587K [0x0000000080000000, 0x0000000100000000)
  region size 1024K, 30 young (30720K), 3 survivors (3072K)
 Metaspace       used 173592K, committed 174976K, reserved 1245184K
  class space    used 22737K, committed 23424K, reserved 1048576K
}
Event: 1666.366 GC heap after
{Heap after GC invocations=115 (full 0):
 garbage-first heap   total 347136K, used 278343K [0x0000000080000000, 0x0000000100000000)
  region size 1024K, 2 young (2048K), 2 survivors (2048K)
 Metaspace       used 173592K, committed 174976K, reserved 1245184K
  class space    used 22737K, committed 23424K, reserved 1048576K
}
Event: 1666.501 GC heap before
{Heap before GC invocations=115 (full 0):
 garbage-first heap   total 347136K, used 305991K [0x0000000080000000, 0x0000000100000000)
  region size 1024K, 29 young (29696K), 2 survivors (2048K)
 Metaspace       used 173604K, committed 174976K, reserved 1245184K
  class space    used 22737K, committed 23424K, reserved 1048576K
}
Event: 1666.505 GC heap after
{Heap after GC invocations=116 (full 0):
 garbage-first heap   total 347136K, used 278425K [0x0000000080000000, 0x0000000100000000)
  region size 1024K, 2 young (2048K), 2 survivors (2048K)
 Metaspace       used 173604K, committed 174976K, reserved 1245184K
  class space    used 22737K, committed 23424K, reserved 1048576K
}
Event: 1666.906 GC heap before
{Heap before GC invocations=116 (full 0):
 garbage-first heap   total 347136K, used 310169K [0x0000000080000000, 0x0000000100000000)
  region size 1024K, 30 young (30720K), 2 survivors (2048K)
 Metaspace       used 173616K, committed 174976K, reserved 1245184K
  class space    used 22738K, committed 23424K, reserved 1048576K
}
Event: 1666.910 GC heap after
{Heap after GC invocations=117 (full 0):
 garbage-first heap   total 347136K, used 283935K [0x0000000080000000, 0x0000000100000000)
  region size 1024K, 4 young (4096K), 4 survivors (4096K)
 Metaspace       used 173616K, committed 174976K, reserved 1245184K
  class space    used 22738K, committed 23424K, reserved 1048576K
}
Event: 1666.971 GC heap before
{Heap before GC invocations=117 (full 0):
 garbage-first heap   total 347136K, used 306463K [0x0000000080000000, 0x0000000100000000)
  region size 1024K, 26 young (26624K), 4 survivors (4096K)
 Metaspace       used 173712K, committed 175104K, reserved 1245184K
  class space    used 22739K, committed 23424K, reserved 1048576K
}
Event: 1666.974 GC heap after
{Heap after GC invocations=118 (full 0):
 garbage-first heap   total 347136K, used 284695K [0x0000000080000000, 0x0000000100000000)
  region size 1024K, 1 young (1024K), 1 survivors (1024K)
 Metaspace       used 173712K, committed 175104K, reserved 1245184K
  class space    used 22739K, committed 23424K, reserved 1048576K
}
Event: 1667.213 GC heap before
{Heap before GC invocations=118 (full 0):
 garbage-first heap   total 347136K, used 309271K [0x0000000080000000, 0x0000000100000000)
  region size 1024K, 23 young (23552K), 1 survivors (1024K)
 Metaspace       used 173804K, committed 175168K, reserved 1245184K
  class space    used 22739K, committed 23424K, reserved 1048576K
}
Event: 1667.215 GC heap after
{Heap after GC invocations=119 (full 0):
 garbage-first heap   total 347136K, used 284874K [0x0000000080000000, 0x0000000100000000)
  region size 1024K, 1 young (1024K), 1 survivors (1024K)
 Metaspace       used 173804K, committed 175168K, reserved 1245184K
  class space    used 22739K, committed 23424K, reserved 1048576K
}
Event: 1667.438 GC heap before
{Heap before GC invocations=119 (full 0):
 garbage-first heap   total 347136K, used 306378K [0x0000000080000000, 0x0000000100000000)
  region size 1024K, 23 young (23552K), 1 survivors (1024K)
 Metaspace       used 173812K, committed 175168K, reserved 1245184K
  class space    used 22739K, committed 23424K, reserved 1048576K
}
Event: 1667.448 GC heap after
{Heap after GC invocations=120 (full 0):
 garbage-first heap   total 347136K, used 289639K [0x0000000080000000, 0x0000000100000000)
  region size 1024K, 3 young (3072K), 3 survivors (3072K)
 Metaspace       used 173812K, committed 175168K, reserved 1245184K
  class space    used 22739K, committed 23424K, reserved 1048576K
}
Event: 1667.777 GC heap before
{Heap before GC invocations=120 (full 0):
 garbage-first heap   total 347136K, used 312167K [0x0000000080000000, 0x0000000100000000)
  region size 1024K, 12 young (12288K), 3 survivors (3072K)
 Metaspace       used 173820K, committed 175168K, reserved 1245184K
  class space    used 22739K, committed 23424K, reserved 1048576K
}
Event: 1667.785 GC heap after
{Heap after GC invocations=121 (full 0):
 garbage-first heap   total 347136K, used 296563K [0x0000000080000000, 0x0000000100000000)
  region size 1024K, 1 young (1024K), 1 survivors (1024K)
 Metaspace       used 173820K, committed 175168K, reserved 1245184K
  class space    used 22739K, committed 23424K, reserved 1048576K
}
Event: 1667.803 GC heap before
{Heap before GC invocations=121 (full 0):
 garbage-first heap   total 347136K, used 304755K [0x0000000080000000, 0x0000000100000000)
  region size 1024K, 2 young (2048K), 1 survivors (1024K)
 Metaspace       used 173820K, committed 175168K, reserved 1245184K
  class space    used 22739K, committed 23424K, reserved 1048576K
}
Event: 1667.805 GC heap after
{Heap after GC invocations=122 (full 0):
 garbage-first heap   total 347136K, used 300598K [0x0000000080000000, 0x0000000100000000)
  region size 1024K, 1 young (1024K), 1 survivors (1024K)
 Metaspace       used 173820K, committed 175168K, reserved 1245184K
  class space    used 22739K, committed 23424K, reserved 1048576K
}
Event: 1667.868 GC heap before
{Heap before GC invocations=122 (full 0):
 garbage-first heap   total 347136K, used 302646K [0x0000000080000000, 0x0000000100000000)
  region size 1024K, 2 young (2048K), 1 survivors (1024K)
 Metaspace       used 173820K, committed 175168K, reserved 1245184K
  class space    used 22739K, committed 23424K, reserved 1048576K
}

Dll operation events (3 events):
Event: 0.010 Loaded shared library C:\Program Files\Android\Android Studio\jbr\bin\java.dll
Event: 0.193 Loaded shared library C:\Program Files\Android\Android Studio\jbr\bin\zip.dll
Event: 0.728 Loaded shared library C:\Program Files\Android\Android Studio\jbr\bin\verify.dll

Deoptimization events (20 events):
Event: 1667.173 Thread 0x000002995c72c210 Uncommon trap: trap_request=0xffffff5c fr.pc=0x0000029948cc7014 relative=0x0000000000001794
Event: 1667.173 Thread 0x000002995c72c210 Uncommon trap: reason=speculate_null_check action=make_not_entrant pc=0x0000029948cc7014 method=com.android.build.gradle.internal.tasks.DexMergingTaskDelegate$Companion.getBucketNumber(Ljava/lang/String;I)I @ 108 c2
Event: 1667.173 Thread 0x000002995c72c210 DEOPT PACKING pc=0x0000029948cc7014 sp=0x000000fb070fdc90
Event: 1667.173 Thread 0x000002995c72c210 DEOPT UNPACKING pc=0x00000299478369a3 sp=0x000000fb070fdc68 mode 2
Event: 1667.366 Thread 0x000002995c72add0 DEOPT PACKING pc=0x00000299417d7a86 sp=0x000000fb0c8fd550
Event: 1667.366 Thread 0x000002995c72add0 DEOPT UNPACKING pc=0x0000029947837143 sp=0x000000fb0c8fca98 mode 0
Event: 1667.367 Thread 0x000002995c72add0 DEOPT PACKING pc=0x00000299417d7a86 sp=0x000000fb0c8fd550
Event: 1667.367 Thread 0x000002995c72add0 DEOPT UNPACKING pc=0x0000029947837143 sp=0x000000fb0c8fca98 mode 0
Event: 1667.417 Thread 0x000002995c72add0 DEOPT PACKING pc=0x00000299414a82a5 sp=0x000000fb0c8fd4d0
Event: 1667.417 Thread 0x000002995c72add0 DEOPT UNPACKING pc=0x0000029947837143 sp=0x000000fb0c8fc9c0 mode 0
Event: 1667.421 Thread 0x000002995c72add0 DEOPT PACKING pc=0x00000299414a82a5 sp=0x000000fb0c8fcb10
Event: 1667.421 Thread 0x000002995c72add0 DEOPT UNPACKING pc=0x0000029947837143 sp=0x000000fb0c8fc000 mode 0
Event: 1667.425 Thread 0x000002995c72add0 DEOPT PACKING pc=0x00000299414a82a5 sp=0x000000fb0c8fcaa0
Event: 1667.425 Thread 0x000002995c72add0 DEOPT UNPACKING pc=0x0000029947837143 sp=0x000000fb0c8fbf90 mode 0
Event: 1667.431 Thread 0x000002995c72add0 Uncommon trap: trap_request=0xfffffff4 fr.pc=0x0000029948cda1cc relative=0x000000000000084c
Event: 1667.431 Thread 0x000002995c72add0 Uncommon trap: reason=null_check action=make_not_entrant pc=0x0000029948cda1cc method=com.android.tools.r8.utils.structural.A$$Lambda$2692/0x0000000101446c38.a(Ljava/lang/Object;Ljava/lang/Object;Lcom/android/tools/r8/utils/structural/a;)I @ 1 c2
Event: 1667.431 Thread 0x000002995c72add0 DEOPT PACKING pc=0x0000029948cda1cc sp=0x000000fb0c8fc510
Event: 1667.431 Thread 0x000002995c72add0 DEOPT UNPACKING pc=0x00000299478369a3 sp=0x000000fb0c8fc3d0 mode 2
Event: 1667.562 Thread 0x000002995c72e070 DEOPT PACKING pc=0x0000029940ff4bc6 sp=0x000000fb0c2fddb0
Event: 1667.562 Thread 0x000002995c72e070 DEOPT UNPACKING pc=0x0000029947837143 sp=0x000000fb0c2fd260 mode 0

Classes unloaded (0 events):
No events

Classes redefined (0 events):
No events

Internal exceptions (20 events):
Event: 1659.573 Thread 0x000002995fdb4480 Exception <a 'sun/nio/fs/WindowsException'{0x000000009344ee68}> (0x000000009344ee68) 
thrown [s\src\hotspot\share\prims\jni.cpp, line 517]
Event: 1659.993 Thread 0x000002995fdb4480 Exception <a 'sun/nio/fs/WindowsException'{0x0000000094aa40f8}> (0x0000000094aa40f8) 
thrown [s\src\hotspot\share\prims\jni.cpp, line 517]
Event: 1659.995 Thread 0x000002995fdb4480 Exception <a 'sun/nio/fs/WindowsException'{0x0000000094aab1e0}> (0x0000000094aab1e0) 
thrown [s\src\hotspot\share\prims\jni.cpp, line 517]
Event: 1659.995 Thread 0x000002995fdb4480 Exception <a 'sun/nio/fs/WindowsException'{0x0000000094aac3f0}> (0x0000000094aac3f0) 
thrown [s\src\hotspot\share\prims\jni.cpp, line 517]
Event: 1659.995 Thread 0x000002995fdb4480 Exception <a 'sun/nio/fs/WindowsException'{0x0000000094aad650}> (0x0000000094aad650) 
thrown [s\src\hotspot\share\prims\jni.cpp, line 517]
Event: 1659.995 Thread 0x000002995fdb4480 Exception <a 'sun/nio/fs/WindowsException'{0x0000000094aae8b0}> (0x0000000094aae8b0) 
thrown [s\src\hotspot\share\prims\jni.cpp, line 517]
Event: 1660.077 Thread 0x000002995fdb4480 Exception <a 'sun/nio/fs/WindowsException'{0x00000000945d4248}> (0x00000000945d4248) 
thrown [s\src\hotspot\share\prims\jni.cpp, line 517]
Event: 1660.103 Thread 0x00000299651ea510 Exception <a 'sun/nio/fs/WindowsException'{0x00000000943a9118}> (0x00000000943a9118) 
thrown [s\src\hotspot\share\prims\jni.cpp, line 517]
Event: 1661.509 Thread 0x00000299651ea510 Exception <a 'sun/nio/fs/WindowsException'{0x0000000093f91a60}> (0x0000000093f91a60) 
thrown [s\src\hotspot\share\prims\jni.cpp, line 517]
Event: 1661.563 Thread 0x00000299651ea510 Exception <a 'sun/nio/fs/WindowsException'{0x0000000093913948}> (0x0000000093913948) 
thrown [s\src\hotspot\share\prims\jni.cpp, line 517]
Event: 1661.624 Thread 0x000002995c72f9c0 Exception <a 'java/lang/InterruptedException'{0x0000000094ea0e28}> (0x0000000094ea0e28) 
thrown [s\src\hotspot\share\runtime\objectMonitor.cpp, line 1658]
Event: 1664.238 Thread 0x000002995c72f9c0 Exception <a 'java/lang/InterruptedException'{0x00000000949a8ea0}> (0x00000000949a8ea0) 
thrown [s\src\hotspot\share\runtime\objectMonitor.cpp, line 1658]
Event: 1666.812 Thread 0x000002995c72c210 Exception <a 'sun/nio/fs/WindowsException'{0x0000000094d93ff0}> (0x0000000094d93ff0) 
thrown [s\src\hotspot\share\prims\jni.cpp, line 517]
Event: 1666.919 Thread 0x000002995c72f9c0 Exception <a 'sun/nio/fs/WindowsException'{0x00000000948f8e98}> (0x00000000948f8e98) 
thrown [s\src\hotspot\share\prims\jni.cpp, line 517]
Event: 1667.074 Thread 0x000002995c72f9c0 Exception <a 'sun/nio/fs/WindowsException'{0x0000000094f7f670}> (0x0000000094f7f670) 
thrown [s\src\hotspot\share\prims\jni.cpp, line 517]
Event: 1667.177 Thread 0x000002995c72c210 Exception <a 'sun/nio/fs/WindowsException'{0x0000000093d46ef0}> (0x0000000093d46ef0) 
thrown [s\src\hotspot\share\prims\jni.cpp, line 517]
Event: 1667.177 Thread 0x000002995c72c210 Exception <a 'sun/nio/fs/WindowsException'{0x0000000093d470d8}> (0x0000000093d470d8) 
thrown [s\src\hotspot\share\prims\jni.cpp, line 517]
Event: 1667.362 Thread 0x000002995c72add0 Exception <a 'sun/nio/fs/WindowsException'{0x000000009517bb08}> (0x000000009517bb08) 
thrown [s\src\hotspot\share\prims\jni.cpp, line 517]
Event: 1667.431 Thread 0x000002995c72add0 Implicit null exception at 0x0000029948cd9e80 to 0x0000029948cda19c
Event: 1667.487 Thread 0x000002995c72add0 Exception <a 'sun/nio/fs/WindowsException'{0x000000009505aaa8}> (0x000000009505aaa8) 
thrown [s\src\hotspot\share\prims\jni.cpp, line 517]

VM Operations (20 events):
Event: 1665.179 Executing VM operation: Cleanup done
Event: 1666.281 Executing VM operation: G1CollectForAllocation
Event: 1666.286 Executing VM operation: G1CollectForAllocation done
Event: 1666.363 Executing VM operation: G1CollectForAllocation
Event: 1666.366 Executing VM operation: G1CollectForAllocation done
Event: 1666.501 Executing VM operation: G1CollectForAllocation
Event: 1666.510 Executing VM operation: G1CollectForAllocation done
Event: 1666.906 Executing VM operation: G1CollectForAllocation
Event: 1666.910 Executing VM operation: G1CollectForAllocation done
Event: 1666.970 Executing VM operation: G1CollectForAllocation
Event: 1666.974 Executing VM operation: G1CollectForAllocation done
Event: 1667.212 Executing VM operation: G1CollectForAllocation
Event: 1667.215 Executing VM operation: G1CollectForAllocation done
Event: 1667.438 Executing VM operation: G1CollectForAllocation
Event: 1667.448 Executing VM operation: G1CollectForAllocation done
Event: 1667.774 Executing VM operation: G1TryInitiateConcMark
Event: 1667.786 Executing VM operation: G1TryInitiateConcMark done
Event: 1667.803 Executing VM operation: G1TryInitiateConcMark
Event: 1667.805 Executing VM operation: G1TryInitiateConcMark done
Event: 1667.861 Executing VM operation: G1TryInitiateConcMark

Events (20 events):
Event: 1661.545 Thread 0x000002995c72ea90 Thread added: 0x000002995c72ea90
Event: 1661.545 Thread 0x000002995c72c720 Thread added: 0x000002995c72c720
Event: 1661.598 Thread 0x000002995c72f9c0 Thread added: 0x000002995c72f9c0
Event: 1662.996 Thread 0x0000029960831940 Thread exited: 0x0000029960831940
Event: 1663.228 Thread 0x000002995c7308f0 Thread added: 0x000002995c7308f0
Event: 1663.471 Thread 0x000002995c72f9c0 Thread exited: 0x000002995c72f9c0
Event: 1664.107 Thread 0x000002995fdb02b0 Thread exited: 0x000002995fdb02b0
Event: 1664.230 Thread 0x000002995c72c210 Thread added: 0x000002995c72c210
Event: 1664.235 Thread 0x000002995c72f9c0 Thread added: 0x000002995c72f9c0
Event: 1666.248 Thread 0x000002995c72a8c0 Thread added: 0x000002995c72a8c0
Event: 1666.287 Thread 0x000002995c72f9c0 Thread exited: 0x000002995c72f9c0
Event: 1666.521 Thread 0x000002995c72f9c0 Thread added: 0x000002995c72f9c0
Event: 1666.892 Thread 0x000002995c72add0 Thread added: 0x000002995c72add0
Event: 1666.893 Thread 0x000002995c729480 Thread added: 0x000002995c729480
Event: 1666.921 Thread 0x0000029960832e80 Thread added: 0x0000029960832e80
Event: 1667.362 Thread 0x0000029960832e80 Thread exited: 0x0000029960832e80
Event: 1667.384 Thread 0x0000029960830950 Thread added: 0x0000029960830950
Event: 1667.642 Thread 0x000002995d24f1f0 Thread added: 0x000002995d24f1f0
Event: 1667.659 Thread 0x000002995d24e2c0 Thread added: 0x000002995d24e2c0
Event: 1667.660 Thread 0x000002995d24f700 Thread added: 0x000002995d24f700


Dynamic libraries:
0x00007ff6d6b00000 - 0x00007ff6d6b0a000 	C:\Program Files\Android\Android Studio\jbr\bin\java.exe
0x00007ffdc57f0000 - 0x00007ffdc59e8000 	C:\WINDOWS\SYSTEM32\ntdll.dll
0x00007ffdc3da0000 - 0x00007ffdc3e61000 	C:\WINDOWS\System32\KERNEL32.DLL
0x00007ffdc3140000 - 0x00007ffdc343d000 	C:\WINDOWS\System32\KERNELBASE.dll
0x00007ffdbeac0000 - 0x00007ffdbeb54000 	C:\WINDOWS\SYSTEM32\apphelp.dll
0x00007ffdc2f10000 - 0x00007ffdc3010000 	C:\WINDOWS\System32\ucrtbase.dll
0x00007ffdbf750000 - 0x00007ffdbf76b000 	C:\Program Files\Android\Android Studio\jbr\bin\VCRUNTIME140.dll
0x00007ffdae300000 - 0x00007ffdae317000 	C:\Program Files\Android\Android Studio\jbr\bin\jli.dll
0x00007ffdc5060000 - 0x00007ffdc51fd000 	C:\WINDOWS\System32\USER32.dll
0x00007ffdc3440000 - 0x00007ffdc3462000 	C:\WINDOWS\System32\win32u.dll
0x00007ffdc4a60000 - 0x00007ffdc4a8b000 	C:\WINDOWS\System32\GDI32.dll
0x00007ffdb1190000 - 0x00007ffdb142a000 	C:\WINDOWS\WinSxS\amd64_microsoft.windows.common-controls_6595b64144ccf1df_6.0.19041.4355_none_60b8b9eb71f62e16\COMCTL32.dll
0x00007ffdc3470000 - 0x00007ffdc3587000 	C:\WINDOWS\System32\gdi32full.dll
0x00007ffdc3960000 - 0x00007ffdc39fe000 	C:\WINDOWS\System32\msvcrt.dll
0x00007ffdc30a0000 - 0x00007ffdc313d000 	C:\WINDOWS\System32\msvcp_win.dll
0x00007ffdc4e50000 - 0x00007ffdc4e7f000 	C:\WINDOWS\System32\IMM32.DLL
0x00007ffdbf720000 - 0x00007ffdbf72c000 	C:\Program Files\Android\Android Studio\jbr\bin\vcruntime140_1.dll
0x00007ffda59d0000 - 0x00007ffda5a5d000 	C:\Program Files\Android\Android Studio\jbr\bin\msvcp140.dll
0x00007ffd85a00000 - 0x00007ffd86683000 	C:\Program Files\Android\Android Studio\jbr\bin\server\jvm.dll
0x00007ffdc3aa0000 - 0x00007ffdc3b50000 	C:\WINDOWS\System32\ADVAPI32.dll
0x00007ffdc46d0000 - 0x00007ffdc4770000 	C:\WINDOWS\System32\sechost.dll
0x00007ffdc4f30000 - 0x00007ffdc5053000 	C:\WINDOWS\System32\RPCRT4.dll
0x00007ffdc3640000 - 0x00007ffdc3667000 	C:\WINDOWS\System32\bcrypt.dll
0x00007ffdc2420000 - 0x00007ffdc246b000 	C:\WINDOWS\SYSTEM32\POWRPROF.dll
0x00007ffdb15e0000 - 0x00007ffdb1607000 	C:\WINDOWS\SYSTEM32\WINMM.dll
0x00007ffdac4b0000 - 0x00007ffdac4b9000 	C:\WINDOWS\SYSTEM32\WSOCK32.dll
0x00007ffdc56d0000 - 0x00007ffdc573b000 	C:\WINDOWS\System32\WS2_32.dll
0x00007ffdbe8f0000 - 0x00007ffdbe8fa000 	C:\WINDOWS\SYSTEM32\VERSION.dll
0x00007ffdc2290000 - 0x00007ffdc22a2000 	C:\WINDOWS\SYSTEM32\UMPDC.dll
0x00007ffdc16e0000 - 0x00007ffdc16f2000 	C:\WINDOWS\SYSTEM32\kernel.appcore.dll
0x00007ffdbf570000 - 0x00007ffdbf57a000 	C:\Program Files\Android\Android Studio\jbr\bin\jimage.dll
0x00007ffdc0c10000 - 0x00007ffdc0df4000 	C:\WINDOWS\SYSTEM32\DBGHELP.DLL
0x00007ffdac990000 - 0x00007ffdac9c4000 	C:\WINDOWS\SYSTEM32\dbgcore.DLL
0x00007ffdc3010000 - 0x00007ffdc3092000 	C:\WINDOWS\System32\bcryptPrimitives.dll
0x00007ffdb19b0000 - 0x00007ffdb19be000 	C:\Program Files\Android\Android Studio\jbr\bin\instrument.dll
0x00007ffdbcbe0000 - 0x00007ffdbcc05000 	C:\Program Files\Android\Android Studio\jbr\bin\java.dll
0x00007ffdba070000 - 0x00007ffdba088000 	C:\Program Files\Android\Android Studio\jbr\bin\zip.dll
0x00007ffdc3f60000 - 0x00007ffdc46cf000 	C:\WINDOWS\System32\SHELL32.dll
0x00007ffdc0e20000 - 0x00007ffdc15bf000 	C:\WINDOWS\SYSTEM32\windows.storage.dll
0x00007ffdc4a90000 - 0x00007ffdc4de3000 	C:\WINDOWS\System32\combase.dll
0x00007ffdc28c0000 - 0x00007ffdc28ee000 	C:\WINDOWS\SYSTEM32\Wldp.dll
0x00007ffdc3cd0000 - 0x00007ffdc3d9d000 	C:\WINDOWS\System32\OLEAUT32.dll
0x00007ffdc4e80000 - 0x00007ffdc4f2d000 	C:\WINDOWS\System32\SHCORE.dll
0x00007ffdc4df0000 - 0x00007ffdc4e45000 	C:\WINDOWS\System32\shlwapi.dll
0x00007ffdc2dd0000 - 0x00007ffdc2df4000 	C:\WINDOWS\SYSTEM32\profapi.dll
0x00007ffdb5510000 - 0x00007ffdb5529000 	C:\Program Files\Android\Android Studio\jbr\bin\net.dll
0x00007ffdbad50000 - 0x00007ffdbae5d000 	C:\WINDOWS\SYSTEM32\WINHTTP.dll
0x00007ffdc2620000 - 0x00007ffdc268a000 	C:\WINDOWS\system32\mswsock.dll
0x00007ffdb17d0000 - 0x00007ffdb17e6000 	C:\Program Files\Android\Android Studio\jbr\bin\nio.dll
0x00007ffdb4c00000 - 0x00007ffdb4c10000 	C:\Program Files\Android\Android Studio\jbr\bin\verify.dll
0x00007ffdabf70000 - 0x00007ffdabf97000 	C:\Users\sadra\.gradle\wrapper\dists\gradle-8.7-bin\native\c067742578af261105cb4f569cf0c3c89f3d7b1fecec35dd04571415982c5e48\windows-amd64\native-platform.dll
0x00007ffd8be90000 - 0x00007ffd8bfd4000 	C:\Users\sadra\.gradle\wrapper\dists\gradle-8.7-bin\native\38dada09dfb8b06ba9b0570ebf7e218e3eb74d4ef43ca46872605cf95ebc2f47\windows-amd64\native-platform-file-events.dll
0x00007ffdbebd0000 - 0x00007ffdbebd9000 	C:\Program Files\Android\Android Studio\jbr\bin\management.dll
0x00007ffdb5500000 - 0x00007ffdb550b000 	C:\Program Files\Android\Android Studio\jbr\bin\management_ext.dll
0x00007ffdc5740000 - 0x00007ffdc5748000 	C:\WINDOWS\System32\PSAPI.DLL
0x00007ffdc2820000 - 0x00007ffdc2838000 	C:\WINDOWS\SYSTEM32\CRYPTSP.dll
0x00007ffdc1ed0000 - 0x00007ffdc1f04000 	C:\WINDOWS\system32\rsaenh.dll
0x00007ffdc2d40000 - 0x00007ffdc2d6e000 	C:\WINDOWS\SYSTEM32\USERENV.dll
0x00007ffdc2810000 - 0x00007ffdc281c000 	C:\WINDOWS\SYSTEM32\CRYPTBASE.dll
0x00007ffdc22b0000 - 0x00007ffdc22eb000 	C:\WINDOWS\SYSTEM32\IPHLPAPI.DLL
0x00007ffdc3950000 - 0x00007ffdc3958000 	C:\WINDOWS\System32\NSI.dll
0x00007ffdbbaa0000 - 0x00007ffdbbab7000 	C:\WINDOWS\SYSTEM32\dhcpcsvc6.DLL
0x00007ffdbc010000 - 0x00007ffdbc02d000 	C:\WINDOWS\SYSTEM32\dhcpcsvc.DLL
0x00007ffdc2300000 - 0x00007ffdc23ca000 	C:\WINDOWS\SYSTEM32\DNSAPI.dll
0x00007ffdbec50000 - 0x00007ffdbec59000 	C:\Program Files\Android\Android Studio\jbr\bin\extnet.dll
0x00007ffdbf320000 - 0x00007ffdbf327000 	C:\WINDOWS\system32\wshunix.dll
0x00007ffda5350000 - 0x00007ffda5367000 	C:\WINDOWS\system32\napinsp.dll
0x00007ffda52c0000 - 0x00007ffda52db000 	C:\WINDOWS\system32\pnrpnsp.dll
0x00007ffda4730000 - 0x00007ffda4745000 	C:\WINDOWS\system32\wshbth.dll
0x00007ffdbe830000 - 0x00007ffdbe84d000 	C:\WINDOWS\system32\NLAapi.dll
0x00007ffda3fc0000 - 0x00007ffda3fd2000 	C:\WINDOWS\System32\winrnr.dll
0x00007ffdaf700000 - 0x00007ffdaf70a000 	C:\Windows\System32\rasadhlp.dll
0x00007ffdb1cc0000 - 0x00007ffdb1d40000 	C:\WINDOWS\System32\fwpuclnt.dll
0x00007ffdad290000 - 0x00007ffdad2ae000 	C:\Users\sadra\AppData\Local\Temp\native-platform356123681873011756dir\native-platform.dll
0x00007ffdbf710000 - 0x00007ffdbf717000 	C:\Program Files\Android\Android Studio\jbr\bin\rmi.dll
0x00007ffdc1f60000 - 0x00007ffdc1f93000 	C:\WINDOWS\SYSTEM32\ntmarta.dll

dbghelp: loaded successfully - version: 4.0.5 - missing functions: none
symbol engine: initialized successfully - sym options: 0x614 - pdb path: .;C:\Program Files\Android\Android Studio\jbr\bin;C:\WINDOWS\SYSTEM32;C:\WINDOWS\WinSxS\amd64_microsoft.windows.common-controls_6595b64144ccf1df_6.0.19041.4355_none_60b8b9eb71f62e16;C:\Program Files\Android\Android Studio\jbr\bin\server;C:\Users\sadra\.gradle\wrapper\dists\gradle-8.7-bin\native\c067742578af261105cb4f569cf0c3c89f3d7b1fecec35dd04571415982c5e48\windows-amd64;C:\Users\sadra\.gradle\wrapper\dists\gradle-8.7-bin\native\38dada09dfb8b06ba9b0570ebf7e218e3eb74d4ef43ca46872605cf95ebc2f47\windows-amd64;C:\Users\sadra\AppData\Local\Temp\native-platform356123681873011756dir

VM Arguments:
jvm_args: --add-opens=java.base/java.util=ALL-UNNAMED --add-opens=java.base/java.lang=ALL-UNNAMED --add-opens=java.base/java.lang.invoke=ALL-UNNAMED --add-opens=java.prefs/java.util.prefs=ALL-UNNAMED --add-opens=java.base/java.nio.charset=ALL-UNNAMED --add-opens=java.base/java.net=ALL-UNNAMED --add-opens=java.base/java.util.concurrent.atomic=ALL-UNNAMED -Xmx2048m -Dfile.encoding=UTF-8 -Duser.country=US -Duser.language=en -Duser.variant -javaagent:C:\Users\sadra\.gradle\wrapper\dists\gradle-8.7-bin\wrapper\dists\gradle-8.7-bin\bhs2wmbdwecv87pi65oeuq5iu\gradle-8.7\lib\agents\gradle-instrumentation-agent-8.7.jar 
java_command: org.gradle.launcher.daemon.bootstrap.GradleDaemon 8.7
java_class_path (initial): C:\Users\sadra\.gradle\wrapper\dists\gradle-8.7-bin\wrapper\dists\gradle-8.7-bin\bhs2wmbdwecv87pi65oeuq5iu\gradle-8.7\lib\gradle-launcher-8.7.jar
Launcher Type: SUN_STANDARD

[Global flags]
     intx CICompilerCount                          = 3                                         {product} {ergonomic}
     uint ConcGCThreads                            = 1                                         {product} {ergonomic}
     uint G1ConcRefinementThreads                  = 4                                         {product} {ergonomic}
   size_t G1HeapRegionSize                         = 1048576                                   {product} {ergonomic}
    uintx GCDrainStackTargetSize                   = 64                                        {product} {ergonomic}
   size_t InitialHeapSize                          = 132120576                                 {product} {ergonomic}
   size_t MarkStackSize                            = 4194304                                   {product} {ergonomic}
   size_t MaxHeapSize                              = 2147483648                                {product} {command line}
   size_t MaxNewSize                               = 1287651328                                {product} {ergonomic}
   size_t MinHeapDeltaBytes                        = 1048576                                   {product} {ergonomic}
   size_t MinHeapSize                              = 8388608                                   {product} {ergonomic}
    uintx NonNMethodCodeHeapSize                   = 5832780                                {pd product} {ergonomic}
    uintx NonProfiledCodeHeapSize                  = 122912730                              {pd product} {ergonomic}
    uintx ProfiledCodeHeapSize                     = 122912730                              {pd product} {ergonomic}
    uintx ReservedCodeCacheSize                    = 251658240                              {pd product} {ergonomic}
     bool SegmentedCodeCache                       = true                                      {product} {ergonomic}
   size_t SoftMaxHeapSize                          = 2147483648                             {manageable} {ergonomic}
     bool UseCompressedClassPointers               = true                           {product lp64_product} {ergonomic}
     bool UseCompressedOops                        = true                           {product lp64_product} {ergonomic}
     bool UseG1GC                                  = true                                      {product} {ergonomic}
     bool UseLargePagesIndividualAllocation        = false                                  {pd product} {ergonomic}

Logging:
Log output configuration:
 #0: stdout all=warning uptime,level,tags
 #1: stderr all=off uptime,level,tags

Environment Variables:
JAVA_HOME=C:\Program Files\Java\jdk1.8.0_301
PATH=C:\Program Files\Common Files\Oracle\Java\javapath;C:\Program Files (x86)\Common Files\Oracle\Java\javapath;C:\Windows\system32;C:\Windows;C:\Windows\System32\Wbem;C:\Windows\System32\WindowsPowerShell\v1.0\;C:\Windows\System32\OpenSSH\;C:\Program Files (x86)\NVIDIA Corporation\PhysX\Common;C:\WINDOWS\system32;C:\WINDOWS;C:\WINDOWS\System32\Wbem;C:\WINDOWS\System32\WindowsPowerShell\v1.0\;C:\WINDOWS\System32\OpenSSH\;C:\Program Files\Git\cmd;C:\Program Files\dotnet\;C:\Users\sadra\AppData\Local\Microsoft\WindowsApps
USERNAME=Amirreza
OS=Windows_NT
PROCESSOR_IDENTIFIER=Intel64 Family 6 Model 78 Stepping 3, GenuineIntel
TMP=C:\Users\sadra\AppData\Local\Temp
TEMP=C:\Users\sadra\AppData\Local\Temp



Periodic native trim disabled

JNI global refs:
JNI global refs: 26, weak refs: 0

JNI global refs memory usage: 843, weak refs: 841

OOME stack traces (most recent first):
Classloader memory used:
Loader org.gradle.internal.classloader.VisitableURLClassLoader$InstrumentingVisitableURLClassLoader: 7005K
Loader org.gradle.internal.classloader.VisitableURLClassLoader                         : 5407K
Loader bootstrap                                                                       : 3699K
Loader java.net.URLClassLoader                                                         : 2565K
Loader org.gradle.initialization.MixInLegacyTypesClassLoader                           : 1650K
Loader jdk.internal.loader.ClassLoaders$AppClassLoader                                 : 947K
Loader jdk.internal.reflect.DelegatingClassLoader                                      : 295K
Loader jdk.internal.loader.ClassLoaders$PlatformClassLoader                            : 118K
Loader org.gradle.internal.classloader.VisitableURLClassLoader                         : 39086B
Loader sun.reflect.misc.MethodUtil                                                     : 373B

Classes loaded by more than one classloader:
Class Program                                                                         : loaded 5 times (x 70B)
Class com.google.common.collect.ImmutableMapEntry$NonTerminalImmutableMapEntry        : loaded 4 times (x 83B)
Class kotlin.collections.EmptyMap                                                     : loaded 4 times (x 107B)
Class com.google.common.collect.ImmutableSet$CachingAsList                            : loaded 4 times (x 145B)
Class com.google.common.collect.Multiset                                              : loaded 4 times (x 68B)
Class com.google.common.base.CharMatcher$JavaUpperCase                                : loaded 4 times (x 109B)
Class com.google.common.collect.Iterators$MergingIterator                             : loaded 4 times (x 79B)
Class com.google.common.collect.RegularImmutableList                                  : loaded 4 times (x 172B)
Class kotlin.collections.AbstractList                                                 : loaded 4 times (x 157B)
Class kotlin.collections.AbstractCollection                                           : loaded 4 times (x 115B)
Class kotlin.ranges.IntRange$Companion                                                : loaded 4 times (x 69B)
Class kotlin.collections.SetsKt__SetsKt                                               : loaded 4 times (x 69B)
Class kotlin.collections.ArraysKt__ArraysJVMKt                                        : loaded 4 times (x 69B)
Class kotlin.ranges.IntRange                                                          : loaded 4 times (x 91B)
Class com.google.common.base.CharMatcher$IsEither                                     : loaded 4 times (x 109B)
Class com.google.common.base.CharMatcher$AnyOf                                        : loaded 4 times (x 110B)
Class com.google.common.base.Equivalence$Identity                                     : loaded 4 times (x 80B)
Class kotlin.SynchronizedLazyImpl                                                     : loaded 4 times (x 74B)
Class com.google.common.collect.ImmutableAsList                                       : loaded 4 times (x 169B)
Class com.google.common.collect.Platform                                              : loaded 4 times (x 69B)
Class kotlin.collections.AbstractList$Companion                                       : loaded 4 times (x 69B)
Class kotlin.Pair                                                                     : loaded 4 times (x 70B)
Class kotlin.text.StringsKt___StringsKt                                               : loaded 4 times (x 69B)
Class com.google.common.collect.Sets$4                                                : loaded 4 times (x 137B)
Class com.google.common.collect.Sets$3                                                : loaded 4 times (x 137B)
Class com.google.common.collect.Sets$2                                                : loaded 4 times (x 137B)
Class com.google.common.collect.Sets$1                                                : loaded 4 times (x 137B)
Class com.google.common.collect.Maps$IteratorBasedAbstractMap$1                       : loaded 4 times (x 136B)
Class com.google.common.collect.MapDifference                                         : loaded 4 times (x 68B)
Class kotlin.collections.CollectionsKt__IterablesKt                                   : loaded 4 times (x 69B)
Class com.google.common.base.CharMatcher$JavaLetter                                   : loaded 4 times (x 109B)
Class [Lcom.google.common.collect.AbstractMapEntry;                                   : loaded 4 times (x 67B)
Class com.google.common.base.CharMatcher$FastMatcher                                  : loaded 4 times (x 109B)
Class kotlin.LazyKt__LazyKt                                                           : loaded 4 times (x 69B)
Class com.google.common.collect.SingletonImmutableList                                : loaded 4 times (x 167B)
Class kotlin.jvm.KotlinReflectionNotSupportedError                                    : loaded 4 times (x 80B)
Class com.google.common.base.Joiner$2                                                 : loaded 4 times (x 77B)
Class com.google.common.base.Joiner$1                                                 : loaded 4 times (x 78B)
Class kotlin.reflect.KFunction                                                        : loaded 4 times (x 68B)
Class com.google.common.base.CharMatcher$Invisible                                    : loaded 4 times (x 110B)
Class kotlin.internal.ProgressionUtilKt                                               : loaded 4 times (x 69B)
Class com.google.common.collect.ImmutableMapEntry                                     : loaded 4 times (x 83B)
Class kotlin.sequences.Sequence                                                       : loaded 4 times (x 68B)
Class com.google.common.base.CharMatcher$NamedFastMatcher                             : loaded 4 times (x 110B)
Class kotlin.collections.MapsKt___MapsKt                                              : loaded 4 times (x 69B)
Class kotlin.text.CharsKt__CharKt                                                     : loaded 4 times (x 69B)
Class kotlin.collections.ArraysKt                                                     : loaded 4 times (x 69B)
Class kotlin.collections.MapsKt__MapsKt                                               : loaded 4 times (x 69B)
Class com.google.common.collect.ImmutableSet                                          : loaded 4 times (x 143B)
Class com.google.common.collect.ImmutableBiMap                                        : loaded 4 times (x 141B)
Class com.google.common.base.Supplier                                                 : loaded 4 times (x 68B)
Class kotlin.collections.ArraysUtilJVM                                                : loaded 4 times (x 69B)
Class com.google.common.collect.SortedMapDifference                                   : loaded 4 times (x 68B)
Class com.google.common.collect.ImmutableMap$MapViewOfValuesAsSingletonSets           : loaded 4 times (x 123B)
Class com.google.common.base.CharMatcher$ForPredicate                                 : loaded 4 times (x 110B)
Class com.google.common.collect.ImmutableSet$Builder                                  : loaded 4 times (x 83B)
Class com.google.common.collect.ImmutableEnumSet                                      : loaded 4 times (x 144B)
Class com.google.common.collect.Sets                                                  : loaded 4 times (x 69B)
Class com.google.common.base.CharMatcher$Negated                                      : loaded 4 times (x 111B)
Class com.google.common.collect.ListMultimap                                          : loaded 4 times (x 68B)
Class com.google.common.collect.ImmutableList$Builder                                 : loaded 4 times (x 75B)
Class com.google.common.collect.AbstractMapEntry                                      : loaded 4 times (x 79B)
Class com.google.common.base.NullnessCasts                                            : loaded 4 times (x 69B)
Class com.google.common.base.CharMatcher$JavaDigit                                    : loaded 4 times (x 109B)
Class com.google.common.collect.AbstractIterator                                      : loaded 4 times (x 80B)
Class com.google.common.math.IntMath                                                  : loaded 4 times (x 69B)
Class com.google.common.base.CharMatcher$Digit                                        : loaded 4 times (x 110B)
Class kotlin.collections.MapsKt                                                       : loaded 4 times (x 69B)
Class com.google.common.base.CharMatcher$NegatedFastMatcher                           : loaded 4 times (x 111B)
Class kotlin.collections.EmptySet                                                     : loaded 4 times (x 120B)
Class com.google.common.collect.AbstractMultimap                                      : loaded 4 times (x 121B)
Class kotlin.collections.MapsKt__MapWithDefaultKt                                     : loaded 4 times (x 69B)
Class kotlin.enums.EnumEntries                                                        : loaded 4 times (x 68B)
Class kotlin.LazyKt__LazyJVMKt                                                        : loaded 4 times (x 69B)
Class kotlin.text.StringsKt__RegexExtensionsJVMKt                                     : loaded 4 times (x 69B)
Class kotlin.text.StringsKt__IndentKt                                                 : loaded 4 times (x 69B)
Class com.google.common.base.Suppliers                                                : loaded 4 times (x 69B)
Class com.google.common.base.Suppliers$MemoizingSupplier                              : loaded 4 times (x 77B)
Class kotlin.text.CharsKt__CharJVMKt                                                  : loaded 4 times (x 69B)
Class kotlin.TuplesKt                                                                 : loaded 4 times (x 69B)
Class kotlin.ranges.IntProgression$Companion                                          : loaded 4 times (x 69B)
Class com.google.common.collect.SingletonImmutableBiMap                               : loaded 4 times (x 141B)
Class kotlin.text.StringsKt__StringNumberConversionsJVMKt                             : loaded 4 times (x 69B)
Class kotlin.collections.ArraysKt___ArraysKt                                          : loaded 4 times (x 69B)
Class com.google.common.collect.ImmutableCollection$Builder                           : loaded 4 times (x 74B)
Class com.google.common.collect.Maps$EntryTransformer                                 : loaded 4 times (x 68B)
Class kotlin.ranges.RangesKt                                                          : loaded 4 times (x 69B)
Class kotlin.collections.MapsKt__MapsJVMKt                                            : loaded 4 times (x 69B)
Class com.google.common.base.CharMatcher$JavaLowerCase                                : loaded 4 times (x 109B)
Class com.google.common.collect.Lists$StringAsImmutableList                           : loaded 4 times (x 167B)
Class com.google.common.collect.Iterables                                             : loaded 4 times (x 69B)
Class com.google.common.collect.ImmutableEntry                                        : loaded 4 times (x 80B)
Class kotlin.enums.EnumEntriesKt                                                      : loaded 4 times (x 69B)
Class kotlin.text.StringsKt__StringsKt                                                : loaded 4 times (x 69B)
Class com.google.common.base.CharMatcher$Or                                           : loaded 4 times (x 110B)
Class com.google.common.collect.ImmutableMap$1                                        : loaded 4 times (x 79B)
Class com.google.common.base.CharMatcher$JavaIsoControl                               : loaded 4 times (x 110B)
Class com.google.common.collect.ImmutableSet$SetBuilderImpl                           : loaded 4 times (x 74B)
Class com.google.common.collect.Maps$BiMapConverter                                   : loaded 4 times (x 88B)
Class kotlin.collections.CollectionsKt__IteratorsKt                                   : loaded 4 times (x 69B)
Class kotlin.NotImplementedError                                                      : loaded 4 times (x 80B)
Class kotlin.ranges.RangesKt__RangesKt                                                : loaded 4 times (x 69B)
Class kotlin.collections.CollectionsKt___CollectionsJvmKt                             : loaded 4 times (x 69B)
Class com.google.common.collect.ImmutableList$SubList                                 : loaded 4 times (x 168B)
Class kotlin.collections.ArraysKt___ArraysJvmKt                                       : loaded 4 times (x 69B)
Class kotlin.collections.CollectionsKt                                                : loaded 4 times (x 69B)
Class com.google.common.base.CharMatcher$RangesMatcher                                : loaded 4 times (x 110B)
Class kotlin.text.StringsKt__AppendableKt                                             : loaded 4 times (x 69B)
Class com.google.common.collect.ArrayListMultimapGwtSerializationDependencies         : loaded 4 times (x 170B)
Class com.google.common.base.CharMatcher$Is                                           : loaded 4 times (x 109B)
Class com.google.common.collect.AbstractListMultimap                                  : loaded 4 times (x 170B)
Class com.google.common.base.CharMatcher$Any                                          : loaded 4 times (x 110B)
Class com.google.common.collect.IndexedImmutableSet$1                                 : loaded 4 times (x 172B)
Class com.google.common.collect.IndexedImmutableSet                                   : loaded 4 times (x 148B)
Class com.google.common.base.CharMatcher$And                                          : loaded 4 times (x 110B)
Class com.google.common.base.CharMatcher$Ascii                                        : loaded 4 times (x 110B)
Class com.google.common.base.CharMatcher$1                                            : loaded 4 times (x 111B)
Class kotlin.jvm.internal.CallableReference$NoReceiver                                : loaded 4 times (x 69B)
Class com.google.common.collect.Iterators                                             : loaded 4 times (x 69B)
Class com.google.common.base.CharMatcher                                              : loaded 4 times (x 109B)
Class kotlin.Function                                                                 : loaded 4 times (x 68B)
Class kotlin.collections.MapWithDefault                                               : loaded 4 times (x 68B)
Class kotlin.jvm.internal.FunctionBase                                                : loaded 4 times (x 68B)
Class com.google.common.base.CharMatcher$IsNot                                        : loaded 4 times (x 109B)
Class kotlin.collections.SetsKt                                                       : loaded 4 times (x 69B)
Class com.google.common.collect.ImmutableMap$Builder                                  : loaded 4 times (x 80B)
Class com.google.common.collect.SingletonImmutableSet                                 : loaded 4 times (x 144B)
Class kotlin.UNINITIALIZED_VALUE                                                      : loaded 4 times (x 69B)
Class com.google.common.collect.Maps$EntrySet                                         : loaded 4 times (x 134B)
Class com.google.common.collect.Maps$IteratorBasedAbstractMap                         : loaded 4 times (x 123B)
Class kotlin.collections.CollectionsKt___CollectionsKt                                : loaded 4 times (x 69B)
Class kotlin.ranges.RangesKt___RangesKt                                               : loaded 4 times (x 69B)
Class kotlin.text.CharsKt                                                             : loaded 4 times (x 69B)
Class kotlin.reflect.KAnnotatedElement                                                : loaded 4 times (x 68B)
Class com.google.common.collect.ImmutableBiMapFauxverideShim                          : loaded 4 times (x 118B)
Class com.google.common.collect.ImmutableMapEntrySet                                  : loaded 4 times (x 149B)
Class kotlin.KotlinNullPointerException                                               : loaded 4 times (x 81B)
Class kotlin.ranges.ClosedRange                                                       : loaded 4 times (x 68B)
Class com.google.common.collect.SetMultimap                                           : loaded 4 times (x 68B)
Class com.google.common.collect.PeekingIterator                                       : loaded 4 times (x 68B)
Class com.google.common.base.Suppliers$NonSerializableMemoizingSupplier               : loaded 4 times (x 77B)
Class com.google.common.collect.RegularImmutableAsList                                : loaded 4 times (x 176B)
Class com.google.common.collect.AbstractMapBasedMultimap                              : loaded 4 times (x 137B)
Class kotlin.jvm.functions.Function2                                                  : loaded 4 times (x 68B)
Class kotlin.jvm.functions.Function1                                                  : loaded 4 times (x 68B)
Class com.google.common.collect.Iterators$ArrayItr                                    : loaded 4 times (x 95B)
Class kotlin.jvm.functions.Function0                                                  : loaded 4 times (x 68B)
Class kotlin.enums.EnumEntriesList                                                    : loaded 4 times (x 183B)
Class kotlin.collections.MapsKt___MapsJvmKt                                           : loaded 4 times (x 69B)
Class com.google.common.collect.TransformedIterator                                   : loaded 4 times (x 78B)
Class kotlin.collections.SetsKt__SetsJVMKt                                            : loaded 4 times (x 69B)
Class kotlin.collections.CollectionsKt__CollectionsJVMKt                              : loaded 4 times (x 69B)
Class kotlin.annotation.Retention                                                     : loaded 4 times (x 68B)
Class com.google.common.collect.AbstractSetMultimap                                   : loaded 4 times (x 172B)
Class com.google.common.collect.Sets$ImprovedAbstractSet                              : loaded 4 times (x 133B)
Class kotlin.text.StringsKt__StringBuilderKt                                          : loaded 4 times (x 69B)
Class [Lcom.google.common.collect.ImmutableEntry;                                     : loaded 4 times (x 67B)
Class kotlin.NoWhenBranchMatchedException                                             : loaded 4 times (x 80B)
Class com.google.common.base.CharMatcher$BitSetMatcher                                : loaded 4 times (x 110B)
Class com.google.common.collect.ImmutableSet$RegularSetBuilderImpl                    : loaded 4 times (x 75B)
Class com.google.common.collect.ImmutableMap$IteratorBasedImmutableMap                : loaded 4 times (x 123B)
Class com.google.common.collect.ImmutableSet$JdkBackedSetBuilderImpl                  : loaded 4 times (x 74B)
Class kotlin.LazyKt                                                                   : loaded 4 times (x 69B)
Class kotlin.annotation.Target                                                        : loaded 4 times (x 68B)
Class kotlin.ranges.IntProgression                                                    : loaded 4 times (x 79B)
Class kotlin.collections.CollectionsKt__IteratorsJVMKt                                : loaded 4 times (x 69B)
Class kotlin.Metadata                                                                 : loaded 4 times (x 68B)
Class [Lcom.google.common.collect.ImmutableMapEntry;                                  : loaded 4 times (x 67B)
Class com.google.common.collect.ImmutableMap                                          : loaded 4 times (x 118B)
Class com.google.common.collect.ImmutableMapEntrySet$RegularEntrySet                  : loaded 4 times (x 149B)
Class com.google.common.collect.ImmutableList$1                                       : loaded 4 times (x 95B)
Class kotlin.jvm.internal.CallableReference                                           : loaded 4 times (x 104B)
Class com.google.common.collect.UnmodifiableListIterator                              : loaded 4 times (x 93B)
Class com.google.common.base.Converter                                                : loaded 4 times (x 88B)
Class com.google.common.base.CharMatcher$None                                         : loaded 4 times (x 110B)
Class com.google.common.collect.AbstractIndexedListIterator                           : loaded 4 times (x 94B)
Class com.google.common.collect.RegularImmutableMap                                   : loaded 4 times (x 119B)
Class com.google.common.collect.Maps                                                  : loaded 4 times (x 69B)
Class com.google.common.collect.ImmutableSet$EmptySetBuilderImpl                      : loaded 4 times (x 74B)
Class kotlin.Lazy                                                                     : loaded 4 times (x 68B)
Class kotlin.collections.EmptyIterator                                                : loaded 4 times (x 87B)
Class com.google.common.collect.CollectPreconditions                                  : loaded 4 times (x 69B)
Class com.google.common.collect.RegularImmutableMap$KeySet                            : loaded 4 times (x 148B)
Class com.google.common.collect.Iterators$9                                           : loaded 4 times (x 79B)
Class com.google.common.base.Function                                                 : loaded 4 times (x 68B)
Class com.google.common.base.Preconditions                                            : loaded 4 times (x 69B)
Class kotlin.collections.CollectionsKt__CollectionsKt                                 : loaded 4 times (x 69B)
Class com.google.common.base.Joiner                                                   : loaded 4 times (x 77B)
Class com.google.common.base.Equivalence$Equals                                       : loaded 4 times (x 80B)
Class com.google.common.collect.Iterators$6                                           : loaded 4 times (x 79B)
Class kotlin.ranges.OpenEndRange                                                      : loaded 4 times (x 68B)
Class com.google.common.base.Equivalence                                              : loaded 4 times (x 80B)
Class com.google.common.collect.Iterators$5                                           : loaded 4 times (x 80B)
Class com.google.common.collect.Iterators$4                                           : loaded 4 times (x 80B)
Class com.google.common.collect.RegularImmutableMap$BucketOverflowException           : loaded 4 times (x 80B)
Class com.google.common.collect.Iterators$1                                           : loaded 4 times (x 79B)
Class kotlin.text.StringsKt___StringsJvmKt                                            : loaded 4 times (x 69B)
Class com.google.common.base.CharMatcher$Whitespace                                   : loaded 4 times (x 110B)
Class kotlin.collections.ArraysKt__ArraysKt                                           : loaded 4 times (x 69B)
Class kotlin.jvm.internal.Intrinsics                                                  : loaded 4 times (x 69B)
Class com.google.common.collect.ImmutableList                                         : loaded 4 times (x 166B)
Class com.google.common.collect.Iterators$10                                          : loaded 4 times (x 79B)
Class kotlin.jvm.internal.FunctionReference                                           : loaded 4 times (x 120B)
Class com.google.common.collect.ObjectArrays                                          : loaded 4 times (x 69B)
Class kotlin.collections.EmptyList                                                    : loaded 4 times (x 134B)
Class kotlin.collections.CollectionsKt__MutableCollectionsJVMKt                       : loaded 4 times (x 69B)
Class com.google.common.collect.ImmutableList$ReverseImmutableList                    : loaded 4 times (x 168B)
Class com.google.common.collect.ImmutableEnumMap                                      : loaded 4 times (x 123B)
Class com.google.common.base.Ascii                                                    : loaded 4 times (x 69B)
Class com.google.common.collect.RegularImmutableMap$Values                            : loaded 4 times (x 167B)
Class kotlin.jvm.internal.markers.KMappedMarker                                       : loaded 4 times (x 68B)
Class com.google.common.base.PairwiseEquivalence                                      : loaded 4 times (x 81B)
Class com.google.common.collect.ImmutableCollection                                   : loaded 4 times (x 123B)
Class com.google.common.base.CharMatcher$JavaLetterOrDigit                            : loaded 4 times (x 109B)
Class kotlin.text.StringsKt__StringNumberConversionsKt                                : loaded 4 times (x 69B)
Class com.google.common.collect.RegularImmutableBiMap                                 : loaded 4 times (x 146B)
Class com.google.common.base.FunctionalEquivalence                                    : loaded 4 times (x 81B)
Class kotlin.reflect.KDeclarationContainer                                            : loaded 4 times (x 68B)
Class com.google.common.collect.Multimap                                              : loaded 4 times (x 68B)
Class com.google.common.base.Predicate                                                : loaded 4 times (x 68B)
Class kotlin.collections.CollectionsKt__ReversedViewsKt                               : loaded 4 times (x 69B)
Class com.google.common.collect.Hashing                                               : loaded 4 times (x 69B)
Class com.google.common.base.CharMatcher$SingleWidth                                  : loaded 4 times (x 110B)
Class kotlin.text.StringsKt                                                           : loaded 4 times (x 69B)
Class kotlin.collections.CollectionsKt__MutableCollectionsKt                          : loaded 4 times (x 69B)
Class com.google.common.collect.UnmodifiableIterator                                  : loaded 4 times (x 78B)
Class kotlin.text.StringsKt__StringsJVMKt                                             : loaded 4 times (x 69B)
Class com.google.common.collect.ArrayListMultimap                                     : loaded 4 times (x 170B)
Class kotlin.collections.SetsKt___SetsKt                                              : loaded 4 times (x 69B)
Class kotlin.text.StringsKt__StringBuilderJVMKt                                       : loaded 4 times (x 69B)
Class com.google.common.collect.RegularImmutableSet                                   : loaded 4 times (x 146B)
Class kotlin.text.StringsKt__RegexExtensionsKt                                        : loaded 4 times (x 69B)
Class kotlin.jvm.internal.Lambda                                                      : loaded 4 times (x 73B)
Class com.google.common.math.MathPreconditions                                        : loaded 4 times (x 69B)
Class com.google.common.math.IntMath$1                                                : loaded 4 times (x 69B)
Class com.google.common.collect.BiMap                                                 : loaded 4 times (x 68B)
Class com.google.common.collect.Lists                                                 : loaded 4 times (x 69B)
Class com.google.common.collect.Sets$SetView                                          : loaded 4 times (x 136B)
Class com.google.common.base.CharMatcher$InRange                                      : loaded 4 times (x 109B)
Class com.google.common.collect.Sets$3$1                                              : loaded 4 times (x 80B)
Class kotlin.reflect.KCallable                                                        : loaded 4 times (x 68B)
Class com.google.common.collect.Maps$8                                                : loaded 4 times (x 80B)
Class kotlin.UninitializedPropertyAccessException                                     : loaded 4 times (x 80B)
Class kotlin.reflect.jvm.internal.CachesKt$CACHE_FOR_NULLABLE_BASE_CLASSIFIERS$1      : loaded 3 times (x 76B)
Class com.google.common.collect.NullsLastOrdering                                     : loaded 3 times (x 113B)
Class kotlin.reflect.jvm.internal.KDeclarationContainerImpl$Companion                 : loaded 3 times (x 69B)
Class com.google.common.collect.ExplicitOrdering                                      : loaded 3 times (x 113B)
Class kotlin.comparisons.ComparisonsKt__ComparisonsKt                                 : loaded 3 times (x 69B)
Class kotlin.reflect.jvm.internal.CachesKt$K_CLASS_CACHE$1                            : loaded 3 times (x 76B)
Class com.google.common.collect.UsingToStringOrdering                                 : loaded 3 times (x 112B)
Class kotlin.jvm.functions.Function22                                                 : loaded 3 times (x 68B)
Class kotlin.jvm.functions.Function21                                                 : loaded 3 times (x 68B)
Class kotlin.jvm.functions.Function20                                                 : loaded 3 times (x 68B)
Class kotlin.jvm.internal.PropertyReference                                           : loaded 3 times (x 113B)
Class kotlin.DeprecationLevel                                                         : loaded 3 times (x 77B)
Class com.google.common.collect.Maps$9                                                : loaded 3 times (x 74B)
Class kotlin.reflect.jvm.internal.impl.builtins.PrimitiveType$Companion               : loaded 3 times (x 69B)
Class kotlin.jvm.internal.markers.KMutableListIterator                                : loaded 3 times (x 68B)
Class kotlin.jvm.functions.Function19                                                 : loaded 3 times (x 68B)
Class kotlin.jvm.functions.Function18                                                 : loaded 3 times (x 68B)
Class kotlin.jvm.functions.Function17                                                 : loaded 3 times (x 68B)
Class kotlin.jvm.functions.Function16                                                 : loaded 3 times (x 68B)
Class kotlin.jvm.functions.Function15                                                 : loaded 3 times (x 68B)
Class kotlin.jvm.functions.Function14                                                 : loaded 3 times (x 68B)
Class [Lkotlin.annotation.AnnotationRetention;                                        : loaded 3 times (x 67B)
Class kotlin.reflect.jvm.internal.ComputableClassValue                                : loaded 3 times (x 78B)
Class kotlin.reflect.jvm.internal.KClassImpl$Data$allMembers$2                        : loaded 3 times (x 77B)
Class kotlin.jvm.functions.Function13                                                 : loaded 3 times (x 68B)
Class kotlin.jvm.functions.Function12                                                 : loaded 3 times (x 68B)
Class kotlin.Result$Failure                                                           : loaded 3 times (x 70B)
Class kotlin.jvm.functions.Function11                                                 : loaded 3 times (x 68B)
Class com.google.common.collect.SortedIterables                                       : loaded 3 times (x 69B)
Class kotlin.jvm.functions.Function10                                                 : loaded 3 times (x 68B)
Class [Ldagger.hilt.processor.internal.optionvalues.GradleProjectType;                : loaded 3 times (x 67B)
Class com.google.common.collect.ImmutableMultimap$EntryCollection                     : loaded 3 times (x 125B)
Class kotlin.Result$Companion                                                         : loaded 3 times (x 69B)
Class kotlin.reflect.jvm.internal.KClassImpl$Data$allStaticMembers$2                  : loaded 3 times (x 77B)
Class kotlin.LazyThreadSafetyMode                                                     : loaded 3 times (x 77B)
Class kotlin.jvm.internal.markers.KMutableIterator                                    : loaded 3 times (x 68B)
Class com.google.common.graph.SuccessorsFunction                                      : loaded 3 times (x 68B)
Class com.google.common.collect.Maps$12                                               : loaded 3 times (x 80B)
Class com.google.common.collect.Maps$13                                               : loaded 3 times (x 83B)
Class kotlin.collections.builders.ListBuilderKt                                       : loaded 3 times (x 69B)
Class com.google.common.collect.ImmutableMultimap$2                                   : loaded 3 times (x 79B)
Class com.google.common.collect.ImmutableMultimap$1                                   : loaded 3 times (x 80B)
Class kotlin.reflect.jvm.internal.KDeclarationContainerImpl                           : loaded 3 times (x 82B)
Class kotlin.reflect.jvm.internal.impl.name.ClassId                                   : loaded 3 times (x 70B)
Class com.google.common.collect.ImmutableMultiset                                     : loaded 3 times (x 161B)
Class kotlin.jvm.internal.markers.KMutableIterable                                    : loaded 3 times (x 68B)
Class [Lkotlin.reflect.jvm.internal.impl.resolve.jvm.JvmPrimitiveType;                : loaded 3 times (x 67B)
Class kotlin.reflect.jvm.internal.impl.builtins.StandardNames                         : loaded 3 times (x 69B)
Class com.google.common.collect.LinkedHashMultimap$ValueSetLink                       : loaded 3 times (x 68B)
Class kotlin.reflect.jvm.internal.impl.builtins.PrimitiveType$typeFqName$2            : loaded 3 times (x 77B)
Class [Lkotlin.reflect.jvm.internal.impl.builtins.PrimitiveType;                      : loaded 3 times (x 67B)
Class kotlin.reflect.jvm.internal.KClassImpl$Data$declaredStaticMembers$2             : loaded 3 times (x 77B)
Class kotlin.reflect.jvm.internal.impl.builtins.StandardNames$FqNames                 : loaded 3 times (x 69B)
Class kotlin.collections.IndexingIterable                                             : loaded 3 times (x 77B)
Class kotlin.collections.IndexingIterator                                             : loaded 3 times (x 77B)
Class kotlin.collections.builders.MapBuilder                                          : loaded 3 times (x 110B)
Class kotlin.jvm.internal.MutablePropertyReference                                    : loaded 3 times (x 117B)
Class kotlin.reflect.jvm.internal.ReflectionFactoryImpl                               : loaded 3 times (x 89B)
Class Build_gradle                                                                    : loaded 3 times (x 128B)
Class com.google.common.collect.ImmutableMultimap$Keys                                : loaded 3 times (x 164B)
Class kotlin.reflect.jvm.internal.KPropertyImpl$Companion                             : loaded 3 times (x 69B)
Class kotlin.reflect.jvm.internal.KPropertyImpl$_javaField$1                          : loaded 3 times (x 77B)
Class kotlin.reflect.jvm.internal.KCallableImpl$_returnType$1                         : loaded 3 times (x 77B)
Class kotlin.reflect.jvm.internal.RuntimeTypeMapper                                   : loaded 3 times (x 69B)
Class kotlin.reflect.KMutableProperty2                                                : loaded 3 times (x 68B)
Class kotlin.reflect.KMutableProperty1                                                : loaded 3 times (x 68B)
Class kotlin.reflect.KMutableProperty0                                                : loaded 3 times (x 68B)
Class com.google.common.collect.ImmutableMultimap                                     : loaded 3 times (x 145B)
Class kotlin.reflect.jvm.internal.KCallableImpl                                       : loaded 3 times (x 103B)
Class [Lkotlin.reflect.KProperty;                                                     : loaded 3 times (x 67B)
Class com.google.common.collect.ImmutableMapKeySet                                    : loaded 3 times (x 148B)
Class kotlin.text.Regex                                                               : loaded 3 times (x 70B)
Class kotlin.annotation.AnnotationTarget                                              : loaded 3 times (x 77B)
Class kotlin.reflect.jvm.internal.KTypeParameterOwnerImpl                             : loaded 3 times (x 68B)
Class kotlin.reflect.KProperty$Accessor                                               : loaded 3 times (x 68B)
Class kotlin.SafePublicationLazyImpl                                                  : loaded 3 times (x 74B)
Class kotlin.collections.IndexedValue                                                 : loaded 3 times (x 70B)
Class com.google.common.collect.LinkedHashMultimap$ValueEntry                         : loaded 3 times (x 87B)
Class [Lkotlin.reflect.KAnnotatedElement;                                             : loaded 3 times (x 67B)
Class [Lcom.google.common.base.CaseFormat;                                            : loaded 3 times (x 67B)
Class kotlin.reflect.jvm.internal.ReflectProperties                                   : loaded 3 times (x 69B)
Class kotlin.jvm.internal.CollectionToArray                                           : loaded 3 times (x 69B)
Class com.google.common.collect.ImmutableMultimap$Values                              : loaded 3 times (x 124B)
Class kotlin.reflect.jvm.internal.EmptyContainerForLocal                              : loaded 3 times (x 82B)
Class kotlin.reflect.jvm.internal.KCallableImpl$_parameters$1                         : loaded 3 times (x 77B)
Class kotlin.reflect.jvm.internal.KClassImpl$Data$declaredMembers$2                   : loaded 3 times (x 77B)
Class com.google.common.collect.ReverseNaturalOrdering                                : loaded 3 times (x 112B)
Class kotlin.SafePublicationLazyImpl$Companion                                        : loaded 3 times (x 69B)
Class kotlin.reflect.jvm.internal.KClassifierImpl                                     : loaded 3 times (x 68B)
Class kotlin.reflect.jvm.internal.KDeclarationContainerImpl$Data$moduleData$2         : loaded 3 times (x 77B)
Class com.google.common.collect.CollectSpliterators$1WithCharacteristics              : loaded 3 times (x 88B)
Class kotlin.reflect.jvm.internal.KClassImpl$Data$supertypes$2                        : loaded 3 times (x 77B)
Class kotlin.reflect.KProperty2                                                       : loaded 3 times (x 68B)
Class kotlin.reflect.KProperty1                                                       : loaded 3 times (x 68B)
Class kotlin.reflect.KProperty0                                                       : loaded 3 times (x 68B)
Class kotlin.reflect.jvm.internal.CachesKt$K_PACKAGE_CACHE$1                          : loaded 3 times (x 76B)
Class com.google.common.collect.LinkedHashMultimapGwtSerializationDependencies        : loaded 3 times (x 172B)
Class kotlin.text.Regex$Companion                                                     : loaded 3 times (x 69B)
Class kotlin.collections.AbstractMutableList                                          : loaded 3 times (x 166B)
Class kotlin.comparisons.ComparisonsKt___ComparisonsKt                                : loaded 3 times (x 69B)
Class com.google.common.collect.ImmutableSortedAsList                                 : loaded 3 times (x 180B)
Class kotlin.reflect.KClassifier                                                      : loaded 3 times (x 68B)
Class kotlin.reflect.KMutableProperty                                                 : loaded 3 times (x 68B)
Class kotlin.reflect.jvm.internal.KClassImpl$Data$inheritedStaticMembers$2            : loaded 3 times (x 77B)
Class kotlin.jvm.internal.PropertyReference0                                          : loaded 3 times (x 125B)
Class com.google.common.base.CaseFormat$5                                             : loaded 3 times (x 81B)
Class kotlin.reflect.jvm.internal.impl.builtins.jvm.JavaToKotlinClassMap$PlatformMutabilityMapping: loaded 3 times (x 70B)
Class kotlin.reflect.jvm.internal.impl.builtins.CompanionObjectMapping                : loaded 3 times (x 69B)
Class com.google.common.base.CaseFormat$4                                             : loaded 3 times (x 81B)
Class com.google.common.base.CaseFormat$3                                             : loaded 3 times (x 81B)
Class kotlin.reflect.jvm.internal.impl.resolve.jvm.JvmPrimitiveType                   : loaded 3 times (x 77B)
Class com.google.common.base.CaseFormat$2                                             : loaded 3 times (x 81B)
Class com.google.common.collect.ReverseOrdering                                       : loaded 3 times (x 113B)
Class com.google.common.base.CaseFormat$1                                             : loaded 3 times (x 81B)
Class com.google.common.collect.CollectSpliterators                                   : loaded 3 times (x 69B)
Class kotlin.jvm.internal.PropertyReference1                                          : loaded 3 times (x 125B)
Class kotlin.jvm.internal.PropertyReference2                                          : loaded 3 times (x 125B)
Class com.google.common.collect.ImmutableSortedSet$Builder                            : loaded 3 times (x 84B)
Class kotlin.reflect.jvm.internal.impl.name.Name                                      : loaded 3 times (x 73B)
Class kotlin.reflect.jvm.internal.impl.name.FqNameUnsafe                              : loaded 3 times (x 70B)
Class kotlin.reflect.jvm.internal.KClassImpl$Data$simpleName$2                        : loaded 3 times (x 77B)
Class [Lkotlin.reflect.jvm.internal.impl.name.ClassId;                                : loaded 3 times (x 67B)
Class com.google.common.collect.SortedIterable                                        : loaded 3 times (x 68B)
Class kotlin.reflect.KProperty$Getter                                                 : loaded 3 times (x 68B)
Class kotlin.reflect.KClass                                                           : loaded 3 times (x 68B)
Class kotlin.reflect.jvm.internal.CachesKt$CACHE_FOR_BASE_CLASSIFIERS$1               : loaded 3 times (x 76B)
Class kotlin.reflect.jvm.internal.impl.name.FqNamesUtilKt                             : loaded 3 times (x 69B)
Class kotlin.reflect.jvm.internal.ReflectProperties$Val                               : loaded 3 times (x 72B)
Class kotlin.reflect.full.IllegalCallableAccessException                              : loaded 3 times (x 80B)
Class [Lkotlin.annotation.AnnotationTarget;                                           : loaded 3 times (x 67B)
Class kotlin.reflect.jvm.internal.CacheByClassKt                                      : loaded 3 times (x 69B)
Class kotlin.collections.builders.ListBuilder                                         : loaded 3 times (x 167B)
Class kotlin.reflect.jvm.internal.impl.builtins.PrimitiveType                         : loaded 3 times (x 77B)
Class kotlin.reflect.jvm.internal.KClassImpl$Data                                     : loaded 3 times (x 70B)
Class kotlin.collections.builders.MapBuilder$Companion                                : loaded 3 times (x 69B)
Class kotlin.reflect.jvm.internal.KPropertyImpl$_descriptor$1                         : loaded 3 times (x 77B)
Class com.google.common.base.Equivalence$Wrapper                                      : loaded 3 times (x 70B)
Class com.google.common.collect.RegularImmutableSortedSet                             : loaded 3 times (x 233B)
Class kotlin.collections.CollectionsKt___CollectionsKt$withIndex$1                    : loaded 3 times (x 77B)
Class [Lkotlin.reflect.KCallable;                                                     : loaded 3 times (x 67B)
Class kotlin.jvm.internal.markers.KMutableMap                                         : loaded 3 times (x 68B)
Class com.google.common.base.CaseFormat$StringConverter                               : loaded 3 times (x 88B)
Class kotlin.jvm.internal.SpreadBuilder                                               : loaded 3 times (x 74B)
Class kotlin.reflect.jvm.internal.KClassImpl$Data$annotations$2                       : loaded 3 times (x 77B)
Class kotlin.jvm.internal.markers.KMutableList                                        : loaded 3 times (x 68B)
Class com.google.common.collect.NullsFirstOrdering                                    : loaded 3 times (x 113B)
Class com.google.common.collect.LinkedHashMultimap                                    : loaded 3 times (x 173B)
Class kotlin.reflect.jvm.internal.KClassImpl$Data$descriptor$2                        : loaded 3 times (x 77B)
Class kotlin.reflect.jvm.internal.CacheByClass                                        : loaded 3 times (x 71B)
Class kotlin._Assertions                                                              : loaded 3 times (x 69B)
Class com.google.common.collect.ImmutableSetMultimap                                  : loaded 3 times (x 178B)
Class kotlin.reflect.jvm.internal.CachesKt                                            : loaded 3 times (x 69B)
Class kotlin.reflect.jvm.internal.KProperty1Impl$delegateSource$1                     : loaded 3 times (x 77B)
Class kotlin.reflect.jvm.internal.KotlinReflectionInternalError                       : loaded 3 times (x 80B)
Class com.google.common.base.CaseFormat                                               : loaded 3 times (x 81B)
Class kotlin.jvm.functions.Function9                                                  : loaded 3 times (x 68B)
Class kotlin.jvm.functions.Function8                                                  : loaded 3 times (x 68B)
Class kotlin.jvm.functions.Function7                                                  : loaded 3 times (x 68B)
Class kotlin.jvm.functions.Function6                                                  : loaded 3 times (x 68B)
Class kotlin.jvm.functions.Function5                                                  : loaded 3 times (x 68B)
Class kotlin.reflect.jvm.internal.KClassImpl$Data$declaredNonStaticMembers$2          : loaded 3 times (x 77B)
Class kotlin.jvm.functions.Function4                                                  : loaded 3 times (x 68B)
Class com.google.common.collect.NaturalOrdering                                       : loaded 3 times (x 113B)
Class kotlin.jvm.functions.Function3                                                  : loaded 3 times (x 68B)
Class [Lkotlin.LazyThreadSafetyMode;                                                  : loaded 3 times (x 67B)
Class kotlin.reflect.jvm.internal.KClassImpl$data$1                                   : loaded 3 times (x 77B)
Class kotlin.jvm.JvmClassMappingKt                                                    : loaded 3 times (x 69B)
Class Build_gradle$1                                                                  : loaded 3 times (x 72B)
Class kotlin.reflect.jvm.internal.impl.builtins.jvm.JavaToKotlinClassMap              : loaded 3 times (x 69B)
Class kotlin.reflect.jvm.internal.KClassImpl$Data$allNonStaticMembers$2               : loaded 3 times (x 77B)
Class com.google.common.collect.ByFunctionOrdering                                    : loaded 3 times (x 113B)
Class com.google.common.collect.ImmutableListMultimap                                 : loaded 3 times (x 174B)
Class kotlin.reflect.jvm.internal.ClassValueCache                                     : loaded 3 times (x 72B)
Class kotlin.reflect.KTypeParameter                                                   : loaded 3 times (x 68B)
Class com.google.common.collect.ImmutableMultisetGwtSerializationDependencies         : loaded 3 times (x 123B)
Class kotlin.annotation.AnnotationRetention                                           : loaded 3 times (x 77B)
Class kotlin.reflect.jvm.internal.KPropertyImpl                                       : loaded 3 times (x 113B)
Class [Lkotlin.DeprecationLevel;                                                      : loaded 3 times (x 67B)
Class kotlin.reflect.jvm.internal.impl.utils.CollectionsKt                            : loaded 3 times (x 69B)
Class kotlin.annotation.MustBeDocumented                                              : loaded 3 times (x 68B)
Class kotlin.reflect.jvm.internal.KClassImpl$Data$objectInstance$2                    : loaded 3 times (x 77B)
Class kotlin.Result                                                                   : loaded 3 times (x 70B)
Class kotlin.reflect.jvm.internal.ReflectProperties$LazySoftVal                       : loaded 3 times (x 76B)
Class kotlin.reflect.jvm.internal.KDeclarationContainerImpl$Data                      : loaded 3 times (x 70B)
Class kotlin.reflect.jvm.internal.impl.name.StandardClassIds                          : loaded 3 times (x 69B)
Class kotlin.reflect.jvm.internal.KCallableImpl$_absentArguments$1                    : loaded 3 times (x 77B)
Class kotlin.collections.builders.ListBuilder$Itr                                     : loaded 3 times (x 92B)
Class kotlin.reflect.jvm.internal.KClassImpl$Data$qualifiedName$2                     : loaded 3 times (x 77B)
Class kotlin.jvm.internal.MutablePropertyReference2                                   : loaded 3 times (x 135B)
Class kotlin.jvm.internal.MutablePropertyReference1                                   : loaded 3 times (x 135B)
Class [Lcom.google.common.collect.LinkedHashMultimap$ValueEntry;                      : loaded 3 times (x 67B)
Class kotlin.jvm.internal.MutablePropertyReference0                                   : loaded 3 times (x 135B)
Class kotlin.reflect.jvm.internal.impl.descriptors.runtime.structure.ReflectClassUtilKt: loaded 3 times (x 69B)
Class kotlin.reflect.KProperty                                                        : loaded 3 times (x 68B)
Class com.google.common.collect.ImmutableSortedSet                                    : loaded 3 times (x 233B)
Class kotlin.reflect.jvm.internal.KClassImpl$Data$inheritedNonStaticMembers$2         : loaded 3 times (x 77B)
Class kotlin.reflect.jvm.internal.KClassImpl$Data$typeParameters$2                    : loaded 3 times (x 77B)
Class kotlin.jvm.internal.ClassBasedDeclarationContainer                              : loaded 3 times (x 68B)
Class kotlin.reflect.jvm.internal.KProperty1Impl                                      : loaded 3 times (x 126B)
Class kotlin.LazyKt__LazyJVMKt$WhenMappings                                           : loaded 3 times (x 69B)
Class [Lkotlin.reflect.KDeclarationContainer;                                         : loaded 3 times (x 67B)
Class kotlin.reflect.jvm.internal.KClassImpl$Data$nestedClasses$2                     : loaded 3 times (x 77B)
Class kotlin.reflect.jvm.internal.KClassImpl                                          : loaded 3 times (x 113B)
Class kotlin.reflect.jvm.internal.KClassImpl$Data$constructors$2                      : loaded 3 times (x 77B)
Class [Lkotlin.reflect.jvm.internal.impl.builtins.jvm.JavaToKotlinClassMap$PlatformMutabilityMapping;: loaded 3 times (x 67B)
Class com.google.common.collect.LinkedHashMultimap$ValueSet                           : loaded 3 times (x 140B)
Class kotlin.jvm.internal.DefaultConstructorMarker                                    : loaded 3 times (x 69B)
Class kotlin.reflect.KType                                                            : loaded 3 times (x 68B)
Class kotlin.reflect.jvm.internal.KCallableImpl$_annotations$1                        : loaded 3 times (x 77B)
Class kotlin.reflect.jvm.internal.CachesKt$CACHE_FOR_GENERIC_CLASSIFIERS$1            : loaded 3 times (x 76B)
Class kotlin.comparisons.ComparisonsKt___ComparisonsJvmKt                             : loaded 3 times (x 69B)
Class com.google.common.collect.ImmutableMultimap$Builder                             : loaded 3 times (x 81B)
Class kotlin.reflect.jvm.internal.KClassImpl$Data$sealedSubclasses$2                  : loaded 3 times (x 77B)
Class com.google.common.collect.CompoundOrdering                                      : loaded 3 times (x 113B)
Class com.google.common.collect.ImmutableSortedSetFauxverideShim                      : loaded 3 times (x 145B)
Class kotlin.jvm.internal.PropertyReference1Impl                                      : loaded 3 times (x 125B)
Class com.google.common.collect.LexicographicalOrdering                               : loaded 3 times (x 113B)
Class kotlin.reflect.jvm.internal.impl.name.FqName                                    : loaded 3 times (x 70B)
Class kotlin.comparisons.ComparisonsKt                                                : loaded 3 times (x 69B)
Class kotlin.reflect.jvm.internal.KProperty1Impl$_getter$1                            : loaded 3 times (x 77B)
Class com.google.common.collect.ComparatorOrdering                                    : loaded 3 times (x 113B)
Class com.google.common.collect.AllEqualOrdering                                      : loaded 3 times (x 112B)
Class [Lcom.google.common.collect.LinkedHashMultimap$ValueSetLink;                    : loaded 3 times (x 67B)
Class kotlin.jvm.internal.Reflection                                                  : loaded 3 times (x 69B)
Class [Lkotlin.reflect.KClass;                                                        : loaded 3 times (x 67B)
Class [Lkotlin.reflect.KClassifier;                                                   : loaded 3 times (x 67B)
Class kotlin.jvm.internal.markers.KMutableCollection                                  : loaded 3 times (x 68B)
Class kotlin.reflect.full.IllegalPropertyDelegateAccessException                      : loaded 3 times (x 80B)
Class com.google.common.collect.BaseImmutableMultimap                                 : loaded 3 times (x 121B)
Class kotlin.collections.builders.ListBuilder$Companion                               : loaded 3 times (x 69B)
Class kotlin.reflect.jvm.internal.impl.name.SpecialNames                              : loaded 3 times (x 69B)
Class kotlin.reflect.jvm.internal.KCallableImpl$_typeParameters$1                     : loaded 3 times (x 77B)
Class com.google.common.collect.Sets$1$1                                              : loaded 3 times (x 80B)
Class com.google.common.collect.Maps$TransformedEntriesMap                            : loaded 3 times (x 125B)
Class kotlin.jvm.internal.ReflectionFactory                                           : loaded 3 times (x 89B)
Class kotlin.reflect.jvm.internal.impl.name.FqNameUnsafe$1                            : loaded 3 times (x 72B)
Class kotlin.reflect.jvm.internal.impl.name.StandardClassIdsKt                        : loaded 3 times (x 69B)
Class kotlin.reflect.jvm.internal.impl.builtins.PrimitiveType$arrayTypeFqName$2       : loaded 3 times (x 77B)
Class [Lkotlin.reflect.jvm.internal.impl.name.FqName;                                 : loaded 3 times (x 67B)
Class kotlin.reflect.jvm.internal.ReflectProperties$Val$1                             : loaded 3 times (x 69B)
Class com.google.common.collect.Ordering                                              : loaded 3 times (x 112B)
Class dagger.hilt.processor.internal.optionvalues.GradleProjectType                   : loaded 3 times (x 77B)
Class dagger.spi.shaded.androidx.room.jarjarred.kotlinx.metadata.internal.extensions.KmFunctionExtension: loaded 2 times (x 68B)
Class dagger.internal.codegen.binding.$AutoValue_ProvisionBinding                     : loaded 2 times (x 93B)
Class dagger.spi.shaded.androidx.room.compiler.processing.javac.JavacConstructorElement$parameters$2: loaded 2 times (x 77B)
Class dagger.internal.codegen.compileroption.ProcessingEnvironmentCompilerOptions$CommandLineOption: loaded 2 times (x 68B)
Class dagger.spi.shaded.androidx.room.jarjarred.kotlinx.metadata.internal.metadata.ProtoBuf$TypeParameter$Variance$1: loaded 2 times (x 72B)
Class dagger.internal.codegen.model.DaggerProcessingEnv                               : loaded 2 times (x 72B)
Class dagger.internal.codegen.compileroption.ProcessingEnvironmentCompilerOptions$Feature: loaded 2 times (x 88B)
Class dagger.spi.shaded.androidx.room.compiler.processing.javac.JavacMethodParameter$jvmName$2: loaded 2 times (x 77B)
Class org.objectweb.asm.ModuleWriter                                                  : loaded 2 times (x 80B)
Class org.gradle.internal.classloader.ClasspathUtil$1                                 : loaded 2 times (x 74B)
Class dagger.spi.shaded.androidx.room.compiler.processing.javac.JavacFieldElement$syntheticMethodForAnnotations$2: loaded 2 times (x 77B)
Class dagger.internal.codegen.binding.BindingGraphConverter                           : loaded 2 times (x 70B)
Class [Ldagger.hilt.processor.internal.root.RootType;                                 : loaded 2 times (x 67B)
Class dagger.hilt.android.processor.internal.customtestapplication.CustomTestApplicationProcessingStep: loaded 2 times (x 85B)
Class com.google.common.cache.LocalCache$EntryFactory$5                               : loaded 2 times (x 81B)
Class dagger.internal.codegen.processingstep.MapKeyProcessingStep                     : loaded 2 times (x 84B)
Class dagger.internal.codegen.binding.SourceFiles                                     : loaded 2 times (x 69B)
Class dagger.internal.codegen.validation.InjectBindingRegistryImpl$BindingsCollection : loaded 2 times (x 70B)
Class dagger.spi.shaded.androidx.room.compiler.processing.javac.kotlin.KmPropertyFunctionContainerImpl: loaded 2 times (x 103B)
Class [Ldagger.spi.shaded.androidx.room.jarjarred.kotlinx.metadata.internal.metadata.ProtoBuf$MemberKind;: loaded 2 times (x 67B)
Class dagger.spi.shaded.androidx.room.jarjarred.kotlinx.metadata.internal.extensions.KmClassExtension: loaded 2 times (x 68B)
Class dagger.internal.codegen.validation.InjectBindingRegistryImpl_Factory            : loaded 2 times (x 75B)
Class kotlin.sequences.TransformingSequence                                           : loaded 2 times (x 73B)
Class com.squareup.kotlinpoet.UtilKt                                                  : loaded 2 times (x 69B)
Class dagger.spi.shaded.androidx.room.compiler.processing.javac.JavacType$rawType$2   : loaded 2 times (x 77B)
Class net.rubygrapefruit.platform.internal.Platform$Posix                             : loaded 2 times (x 79B)
Class dagger.internal.codegen.javapoet.AnnotationSpecs                                : loaded 2 times (x 69B)
Class dagger.spi.shaded.androidx.room.jarjarred.kotlinx.metadata.internal.metadata.ProtoBuf$TypeTableOrBuilder: loaded 2 times (x 68B)
Class dagger.spi.shaded.androidx.room.compiler.processing.JavaPoetExtKt               : loaded 2 times (x 69B)
Class com.squareup.javapoet.LineWrapper$FlushType                                     : loaded 2 times (x 77B)
Class dagger.spi.shaded.androidx.room.jarjarred.kotlinx.metadata.Flag$Function        : loaded 2 times (x 69B)
Class dagger.internal.codegen.binding.AutoValue_Nullability                           : loaded 2 times (x 72B)
Class com.google.common.cache.LocalCache$EntryFactory$4                               : loaded 2 times (x 81B)
Class dagger.internal.codegen.processingstep.ComponentProcessingStep                  : loaded 2 times (x 84B)
Class dagger.spi.shaded.androidx.room.compiler.processing.javac.JavacAnnotationValue$1: loaded 2 times (x 77B)
Class dagger.spi.shaded.androidx.room.compiler.processing.javac.JavacFieldElement$setter$2: loaded 2 times (x 77B)
Class dagger.spi.shaded.androidx.room.jarjarred.kotlinx.metadata.internal.metadata.jvm.deserialization.JvmNameResolverBase$WhenMappings: loaded 2 times (x 69B)
Class dagger.internal.codegen.model.DependencyRequest                                 : loaded 2 times (x 73B)
Class com.google.common.cache.AbstractCache$StatsCounter                              : loaded 2 times (x 68B)
Class dagger.internal.codegen.extension.DaggerCollectors$ToOptionalState              : loaded 2 times (x 70B)
Class dagger.spi.shaded.androidx.room.jarjarred.kotlinx.metadata.jvm.internal.JvmClassExtension: loaded 2 times (x 91B)
Class com.google.common.collect.Maps$EntryFunction$1                                  : loaded 2 times (x 89B)
Class com.google.common.collect.Maps$EntryFunction$2                                  : loaded 2 times (x 89B)
Class org.objectweb.asm.FieldVisitor                                                  : loaded 2 times (x 75B)
Class dagger.internal.codegen.processingstep.MultibindingAnnotationsProcessingStep_Factory: loaded 2 times (x 75B)
Class dagger.internal.codegen.validation.ValidationBindingGraphPlugins_Factory        : loaded 2 times (x 75B)
Class dagger.spi.shaded.androidx.room.compiler.processing.XProcessingStep             : loaded 2 times (x 68B)
Class dagger.internal.codegen.validation.ProvidesMethodValidator_Factory              : loaded 2 times (x 75B)
Class com.squareup.javapoet.TypeSpec$Kind                                             : loaded 2 times (x 77B)
Class org.objectweb.asm.Symbol                                                        : loaded 2 times (x 71B)
Class dagger.internal.codegen.writing.ProducerFactoryGenerator_Factory                : loaded 2 times (x 75B)
Class dagger.internal.codegen.ServiceLoaders$1                                        : loaded 2 times (x 69B)
Class dagger.internal.codegen.binding.DependencyRequestFormatter_Factory              : loaded 2 times (x 75B)
Class org.gradle.api.internal.ClassPathProvider                                       : loaded 2 times (x 68B)
Class com.google.common.reflect.TypeToken                                             : loaded 2 times (x 71B)
Class dagger.spi.shaded.androidx.room.jarjarred.kotlinx.metadata.internal.metadata.ProtoBuf$Package$1: loaded 2 times (x 142B)
Class dagger.spi.shaded.androidx.room.jarjarred.kotlinx.metadata.internal.metadata.jvm.JvmProtoBuf$JvmFieldSignature$1: loaded 2 times (x 142B)
Class com.google.common.cache.LocalCache$Strength$1                                   : loaded 2 times (x 79B)
Class com.google.common.cache.LocalCache$Strength$2                                   : loaded 2 times (x 79B)
Class dagger.spi.shaded.androidx.room.jarjarred.kotlinx.metadata.internal.protobuf.SmallSortedMap: loaded 2 times (x 128B)
Class [[Ldagger.internal.codegen.compileroption.ProcessingEnvironmentCompilerOptions$CommandLineOption;: loaded 2 times (x 67B)
Class com.google.common.cache.LocalCache$Strength$3                                   : loaded 2 times (x 79B)
Class org.gradle.internal.classloader.ClassLoaderFactory                              : loaded 2 times (x 68B)
Class [Lcom.google.common.collect.Maps$EntryFunction;                                 : loaded 2 times (x 67B)
Class dagger.spi.shaded.androidx.room.compiler.processing.javac.JavacTypeElement      : loaded 2 times (x 287B)
Class dagger.spi.shaded.androidx.room.compiler.processing.CommonProcessorDelegate$processRound$currentElementsDeferredByStep$1$previousRoundDeferredElementsByAnnotation$1: loaded 2 times (x 76B)
Class dagger.internal.codegen.base.DaggerSuperficialValidation                        : loaded 2 times (x 70B)
Class com.google.common.base.Ticker                                                   : loaded 2 times (x 70B)
Class kotlin.io.LinesSequence$iterator$1                                              : loaded 2 times (x 77B)
Class com.google.common.base.Absent                                                   : loaded 2 times (x 78B)
Class com.google.common.util.concurrent.AbstractFuture$Waiter                         : loaded 2 times (x 70B)
Class dagger.internal.codegen.compileroption.ProcessingEnvironmentCompilerOptions$Validation: loaded 2 times (x 91B)
Class [Ldagger.internal.codegen.binding.BindingType;                                  : loaded 2 times (x 67B)
Class com.google.common.cache.LocalCache$EntryFactory$3                               : loaded 2 times (x 81B)
Class com.google.common.util.concurrent.Uninterruptibles                              : loaded 2 times (x 69B)
Class com.google.common.cache.LocalCache$EntryFactory$6                               : loaded 2 times (x 81B)
Class dagger.spi.shaded.androidx.room.jarjarred.kotlinx.metadata.internal.metadata.jvm.deserialization.ClassMapperLite: loaded 2 times (x 69B)
Class dagger.spi.shaded.androidx.room.compiler.processing.javac.JavacTypeElement$Companion: loaded 2 times (x 69B)
Class dagger.internal.codegen.binding.BindsTypeChecker_Factory                        : loaded 2 times (x 75B)
Class dagger.spi.shaded.androidx.room.compiler.processing.javac.JavacExecutableType   : loaded 2 times (x 79B)
Class dagger.internal.codegen.bindinggraphvalidation.NullableBindingValidator         : loaded 2 times (x 83B)
Class dagger.internal.codegen.bindinggraphvalidation.SubcomponentFactoryMethodValidator_Factory$InstanceHolder: loaded 2 times (x 69B)
Class org.gradle.api.internal.classpath.ManifestUtil                                  : loaded 2 times (x 69B)
Class org.gradle.api.specs.Spec                                                       : loaded 2 times (x 68B)
Class dagger.hilt.processor.internal.aliasof.AliasOfProcessingStep                    : loaded 2 times (x 85B)
Class dagger.hilt.processor.internal.ClassNames                                       : loaded 2 times (x 69B)
Class com.google.common.cache.LocalCache$EntryFactory$2                               : loaded 2 times (x 81B)
Class com.google.common.cache.CacheLoader$UnsupportedLoadingOperationException        : loaded 2 times (x 80B)
Class kotlin.comparisons.NaturalOrderComparator                                       : loaded 2 times (x 86B)
Class dagger.spi.shaded.androidx.room.jarjarred.kotlinx.metadata.internal.metadata.jvm.JvmProtoBuf$StringTableTypes$1: loaded 2 times (x 142B)
Class com.squareup.javapoet.LineWrapper                                               : loaded 2 times (x 70B)
Class dagger.internal.codegen.xprocessing.XTypes$1                                    : loaded 2 times (x 69B)
Class dagger.internal.codegen.ProcessingEnvironmentModule_ProcessingOptionsFactory    : loaded 2 times (x 75B)
Class [Ldagger.internal.codegen.validation.BindingElementValidator$AllowsScoping;     : loaded 2 times (x 67B)
Class com.google.common.collect.ImmutableMap$MapViewOfValuesAsSingletonSets$1         : loaded 2 times (x 80B)
Class com.google.common.util.concurrent.ListenableFuture                              : loaded 2 times (x 68B)
Class dagger.spi.shaded.androidx.room.compiler.processing.javac.JavacMethodElement$name$2: loaded 2 times (x 77B)
Class [Ldagger.spi.shaded.androidx.room.jarjarred.kotlinx.metadata.internal.metadata.ProtoBuf$Class$Kind;: loaded 2 times (x 67B)
Class dagger.internal.codegen.bindinggraphvalidation.BindingGraphValidationModule_ProvidePluginsFactory: loaded 2 times (x 75B)
Class dagger.spi.shaded.androidx.room.jarjarred.kotlinx.metadata.internal.protobuf.GeneratedMessageLite$GeneratedExtension: loaded 2 times (x 77B)
Class dagger.internal.codegen.DelegateComponentProcessor$Injector$Factory             : loaded 2 times (x 68B)
Class dagger.spi.shaded.androidx.room.jarjarred.kotlinx.metadata.internal.metadata.ProtoBuf$Visibility: loaded 2 times (x 80B)
Class dagger.internal.codegen.binding.ProvisionBinding                                : loaded 2 times (x 93B)
Class dagger.spi.shaded.androidx.room.compiler.processing.javac.JavacElement          : loaded 2 times (x 177B)
Class com.google.common.cache.LocalCache$EntryFactory$1                               : loaded 2 times (x 81B)
Class dagger.spi.shaded.androidx.room.compiler.processing.javac.JavacRoundEnv         : loaded 2 times (x 76B)
Class dagger.spi.shaded.androidx.room.compiler.processing.javac.JavacTypeElement$className$2: loaded 2 times (x 77B)
Class dagger.internal.codegen.validation.DiagnosticMessageGenerator$Factory           : loaded 2 times (x 70B)
Class dagger.internal.codegen.binding.OptionalBindingDeclaration                      : loaded 2 times (x 72B)
Class [Ldagger.internal.codegen.validation.BindingMethodValidator$Abstractness;       : loaded 2 times (x 67B)
Class com.google.common.primitives.Ints                                               : loaded 2 times (x 69B)
Class dagger.internal.codegen.writing.AnnotationCreatorGenerator_Factory              : loaded 2 times (x 75B)
Class dagger.hilt.android.processor.internal.bindvalue.AutoValue_BindValueMetadata    : loaded 2 times (x 72B)
Class com.squareup.javapoet.CodeBlock                                                 : loaded 2 times (x 70B)
Class kotlin.io.FileSystemException                                                   : loaded 2 times (x 80B)
Class dagger.spi.shaded.androidx.room.jarjarred.kotlinx.metadata.internal.metadata.jvm.JvmProtoBuf$JvmPropertySignature$Builder: loaded 2 times (x 139B)
Class dagger.spi.shaded.androidx.room.jarjarred.kotlinx.metadata.jvm.JvmConstructorExtensionVisitor$Companion: loaded 2 times (x 69B)
Class com.google.common.util.concurrent.AbstractFuture$UnsafeAtomicHelper             : loaded 2 times (x 76B)
Class dagger.internal.codegen.processingstep.MonitoringModuleGenerator                : loaded 2 times (x 75B)
Class dagger.internal.codegen.processingstep.BindingMethodProcessingStep_Factory      : loaded 2 times (x 75B)
Class dagger.spi.shaded.androidx.room.jarjarred.kotlinx.metadata.internal.metadata.jvm.deserialization.JvmProtoBufUtil: loaded 2 times (x 69B)
Class dagger.internal.codegen.binding.BindingFactory                                  : loaded 2 times (x 70B)
Class dagger.spi.shaded.androidx.room.compiler.processing.XTypeParameterElement       : loaded 2 times (x 68B)
Class dagger.internal.codegen.processingstep.AssistedInjectProcessingStep_Factory     : loaded 2 times (x 75B)
Class dagger.internal.codegen.binding.MembersInjectionBinding                         : loaded 2 times (x 83B)
Class dagger.spi.shaded.androidx.room.jarjarred.kotlinx.metadata.internal.metadata.deserialization.TypeTable: loaded 2 times (x 70B)
Class dagger.spi.shaded.androidx.room.compiler.processing.XArrayType                  : loaded 2 times (x 68B)
Class dagger.internal.codegen.validation.ModuleValidator$ModuleMethodKind             : loaded 2 times (x 77B)
Class dagger.spi.shaded.androidx.room.jarjarred.kotlinx.metadata.internal.protobuf.WireFormat$JavaType: loaded 2 times (x 77B)
Class com.squareup.kotlinpoet.TypeName$Companion                                      : loaded 2 times (x 69B)
Class dagger.internal.codegen.binding.BindingType                                     : loaded 2 times (x 77B)
Class dagger.spi.shaded.androidx.room.jarjarred.kotlinx.metadata.jvm.JvmDeclarationContainerExtensionVisitor: loaded 2 times (x 79B)
Class dagger.spi.shaded.androidx.room.compiler.processing.javac.kotlin.KmClassContainer$constructorList$2: loaded 2 times (x 77B)
Class [Lnet.rubygrapefruit.platform.internal.FunctionResult$Failure;                  : loaded 2 times (x 67B)
Class dagger.spi.shaded.androidx.room.compiler.processing.javac.JavacTypeElement$Companion$WhenMappings: loaded 2 times (x 69B)
Class org.objectweb.asm.ByteVector                                                    : loaded 2 times (x 77B)
Class dagger.hilt.processor.internal.HiltCompilerOptions                              : loaded 2 times (x 69B)
Class net.rubygrapefruit.platform.internal.Platform$Windows                           : loaded 2 times (x 77B)
Class dagger.spi.shaded.androidx.room.compiler.processing.javac.JavacRoundEnv$rootElements$2: loaded 2 times (x 77B)
Class dagger.internal.codegen.processingstep.ComponentHjarProcessingStep_Factory      : loaded 2 times (x 75B)
Class dagger.internal.codegen.ServiceLoaders                                          : loaded 2 times (x 69B)
Class org.gradle.internal.IoActions                                                   : loaded 2 times (x 69B)
Class dagger.spi.shaded.androidx.room.jarjarred.kotlinx.metadata.internal.protobuf.GeneratedMessageLite$ExtendableMessageOrBuilder: loaded 2 times (x 68B)
Class com.google.common.reflect.TypeToken$2                                           : loaded 2 times (x 106B)
Class com.google.common.reflect.TypeResolver$TypeVariableKey                          : loaded 2 times (x 70B)
Class dagger.internal.codegen.model.RequestKind                                       : loaded 2 times (x 77B)
Class dagger.internal.codegen.validation.DiagnosticMessageGenerator_Factory_Factory   : loaded 2 times (x 75B)
Class [Lcom.squareup.javapoet.LineWrapper$FlushType;                                  : loaded 2 times (x 67B)
Class dagger.spi.shaded.androidx.room.jarjarred.kotlinx.metadata.internal.protobuf.MessageLiteOrBuilder: loaded 2 times (x 68B)
Class dagger.internal.codegen.validation.BindingMethodValidator                       : loaded 2 times (x 76B)
Class dagger.spi.shaded.androidx.room.compiler.processing.javac.kotlin.JvmDescriptorTypeVisitor$WhenMappings: loaded 2 times (x 69B)
Class com.google.common.cache.CacheBuilder                                            : loaded 2 times (x 70B)
Class dagger.spi.shaded.androidx.room.jarjarred.kotlinx.metadata.internal.metadata.ProtoBuf$Modality$1: loaded 2 times (x 72B)
Class dagger.internal.codegen.writing.InaccessibleMapKeyProxyGenerator                : loaded 2 times (x 75B)
Class dagger.spi.shaded.androidx.room.jarjarred.kotlinx.metadata.jvm.internal.JvmConstructorExtension: loaded 2 times (x 81B)
Class dagger.spi.shaded.androidx.room.jarjarred.kotlinx.metadata.internal.metadata.ProtoBuf$Annotation: loaded 2 times (x 107B)
Class com.google.common.cache.ReferenceEntry                                          : loaded 2 times (x 68B)
Class dagger.internal.codegen.validation.SpiModelBindingGraphConverter$DiagnosticReporterImpl: loaded 2 times (x 74B)
Class dagger.spi.shaded.auto.common.AnnotationMirrors                                 : loaded 2 times (x 69B)
Class kotlin.io.FilesKt                                                               : loaded 2 times (x 69B)
Class dagger.internal.codegen.bindinggraphvalidation.ProvisionDependencyOnProducerBindingValidator_Factory$InstanceHolder: loaded 2 times (x 69B)
Class com.google.common.reflect.TypeToken$1                                           : loaded 2 times (x 106B)
Class dagger.internal.codegen.validation.BindingMethodValidator$ExceptionSuperclass$3 : loaded 2 times (x 79B)
Class dagger.internal.codegen.validation.BindingMethodValidator$ExceptionSuperclass$2 : loaded 2 times (x 79B)
Class dagger.spi.shaded.androidx.room.jarjarred.kotlinx.metadata.internal.metadata.deserialization.VersionRequirementTable$Companion: loaded 2 times (x 69B)
Class com.google.common.graph.Traverser$1                                             : loaded 2 times (x 72B)
Class dagger.internal.codegen.validation.BindingMethodValidator$ExceptionSuperclass$1 : loaded 2 times (x 79B)
Class kotlin.sequences.SequencesKt                                                    : loaded 2 times (x 69B)
Class [Lcom.google.common.base.Function;                                              : loaded 2 times (x 67B)
Class com.google.common.primitives.IntsMethodsForWeb                                  : loaded 2 times (x 69B)
Class com.google.common.graph.Traverser$2                                             : loaded 2 times (x 72B)
Class dagger.internal.codegen.binding.MultibindingDeclaration$Factory                 : loaded 2 times (x 70B)
Class dagger.internal.codegen.validation.InjectBindingRegistryImpl                    : loaded 2 times (x 79B)
Class kotlin.io.TextStreamsKt                                                         : loaded 2 times (x 69B)
Class com.squareup.kotlinpoet.WildcardTypeName                                        : loaded 2 times (x 84B)
Class dagger.spi.shaded.androidx.room.jarjarred.kotlinx.metadata.internal.metadata.jvm.JvmProtoBuf$JvmMethodSignature: loaded 2 times (x 106B)
Class dagger.spi.shaded.androidx.room.jarjarred.kotlinx.metadata.internal.protobuf.AbstractMessageLite: loaded 2 times (x 96B)
Class dagger.spi.shaded.androidx.room.jarjarred.kotlinx.metadata.jvm.KotlinClassMetadata$Companion: loaded 2 times (x 69B)
Class dagger.internal.codegen.processingstep.ModuleProcessingStep                     : loaded 2 times (x 84B)
Class dagger.internal.codegen.processingstep.AssistedFactoryProcessingStep_Factory    : loaded 2 times (x 75B)
Class dagger.spi.shaded.androidx.room.jarjarred.kotlinx.metadata.jvm.KotlinClassMetadata$Class: loaded 2 times (x 70B)
Class dagger.internal.codegen.model.DependencyRequest$Builder                         : loaded 2 times (x 74B)
Class dagger.internal.codegen.DaggerDelegateComponentProcessor_Injector               : loaded 2 times (x 73B)
Class dagger.spi.shaded.androidx.room.compiler.processing.javac.JavacAnnotation       : loaded 2 times (x 137B)
Class [Ldagger.spi.shaded.androidx.room.jarjarred.kotlinx.metadata.internal.metadata.ProtoBuf$VersionRequirement$VersionKind;: loaded 2 times (x 67B)
Class dagger.hilt.processor.internal.HiltCompilerOptions$EnumOption                   : loaded 2 times (x 70B)
Class dagger.internal.codegen.validation.DependencyRequestValidator$Validator         : loaded 2 times (x 70B)
Class dagger.spi.shaded.androidx.room.jarjarred.kotlinx.metadata.internal.metadata.deserialization.Flags$BooleanFlagField: loaded 2 times (x 74B)
Class dagger.internal.codegen.model.BindingGraph$MaybeBinding                         : loaded 2 times (x 68B)
Class dagger.spi.shaded.androidx.room.jarjarred.kotlinx.metadata.internal.metadata.ProtoBuf$ClassOrBuilder: loaded 2 times (x 68B)
Class com.squareup.kotlinpoet.Taggable                                                : loaded 2 times (x 68B)
Class com.google.common.collect.ForwardingObject                                      : loaded 2 times (x 70B)
Class org.gradle.api.internal.classpath.ModuleRegistry                                : loaded 2 times (x 68B)
Class dagger.spi.shaded.androidx.room.compiler.processing.javac.JavacMethodParameter$name$2: loaded 2 times (x 77B)
Class dagger.internal.codegen.writing.FactoryGenerator_Factory                        : loaded 2 times (x 75B)
Class dagger.internal.codegen.base.ElementFormatter_Factory                           : loaded 2 times (x 74B)
Class [Ldagger.hilt.processor.internal.optionvalues.BooleanValue;                     : loaded 2 times (x 67B)
Class dagger.spi.shaded.androidx.room.compiler.processing.javac.JavacMethodElement$propertyName$2: loaded 2 times (x 77B)
Class dagger.internal.codegen.processingstep.MultibindingAnnotationsProcessingStep    : loaded 2 times (x 84B)
Class dagger.spi.shaded.androidx.room.jarjarred.kotlinx.metadata.internal.protobuf.WireFormat: loaded 2 times (x 69B)
Class dagger.spi.shaded.auto.common.MoreElements                                      : loaded 2 times (x 69B)
Class dagger.spi.shaded.androidx.room.compiler.processing.javac.DefaultJavacType$equalityItems$2: loaded 2 times (x 77B)
Class dagger.spi.shaded.androidx.room.compiler.processing.javac.kotlin.KmClassContainer$superType$2: loaded 2 times (x 77B)
Class dagger.internal.codegen.validation.MembersInjectionValidator_Factory            : loaded 2 times (x 75B)
Class net.rubygrapefruit.platform.internal.NativeLibraryLocator                       : loaded 2 times (x 71B)
Class dagger.spi.shaded.androidx.room.jarjarred.kotlinx.metadata.KmDeclarationContainerExtensionVisitor: loaded 2 times (x 68B)
Class [Ldagger.internal.codegen.compileroption.FeatureStatus;                         : loaded 2 times (x 67B)
Class androidx.room.processor.Context                                                 : loaded 2 times (x 70B)
Class [Lorg.objectweb.asm.Attribute;                                                  : loaded 2 times (x 67B)
Class com.google.common.cache.LocalCache$EntryFactory$7                               : loaded 2 times (x 81B)
Class org.gradle.api.internal.classpath.EffectiveClassPath                            : loaded 2 times (x 88B)
Class dagger.spi.shaded.androidx.room.compiler.processing.javac.JavacTypeElement$typeParameters$2: loaded 2 times (x 77B)
Class dagger.internal.codegen.binding.MembersInjectionBinding$InjectionSite$Kind      : loaded 2 times (x 77B)
Class com.squareup.javapoet.LineWrapper$RecordingAppendable                           : loaded 2 times (x 75B)
Class org.gradle.api.GradleException                                                  : loaded 2 times (x 80B)
Class dagger.spi.shaded.androidx.room.jarjarred.kotlinx.metadata.internal.protobuf.ExtensionRegistryLite: loaded 2 times (x 72B)
Class dagger.internal.codegen.validation.BindsInstanceParameterValidator              : loaded 2 times (x 76B)
Class com.google.common.cache.CacheLoader$FunctionToCacheLoader                       : loaded 2 times (x 73B)
Class dagger.spi.shaded.androidx.room.compiler.processing.javac.JavacType$superTypes$2: loaded 2 times (x 77B)
Class dagger.spi.shaded.androidx.room.jarjarred.kotlinx.metadata.jvm.KotlinClassMetadata$Class$classData$2: loaded 2 times (x 77B)
Class dagger.spi.model.BindingGraph$Edge                                              : loaded 2 times (x 68B)
Class com.google.common.cache.CacheBuilder$1                                          : loaded 2 times (x 83B)
Class dagger.internal.codegen.binding.$AutoValue_MultibindingDeclaration              : loaded 2 times (x 77B)
Class dagger.internal.codegen.binding.ModuleDescriptor                                : loaded 2 times (x 78B)
Class com.google.common.cache.CacheBuilder$2                                          : loaded 2 times (x 70B)
Class com.google.common.base.Splitter$Strategy                                        : loaded 2 times (x 68B)
Class dagger.spi.shaded.androidx.room.jarjarred.kotlinx.metadata.internal.protobuf.MessageLite: loaded 2 times (x 68B)
Class dagger.hilt.processor.internal.definecomponent.DefineComponentProcessor         : loaded 2 times (x 98B)
Class dagger.spi.shaded.androidx.room.jarjarred.kotlinx.metadata.internal.metadata.ProtoBuf$PackageOrBuilder: loaded 2 times (x 68B)
Class dagger.hilt.processor.internal.generatesrootinput.GeneratesRootInputs           : loaded 2 times (x 70B)
Class dagger.internal.codegen.DelegateComponentProcessor                              : loaded 2 times (x 70B)
Class dagger.internal.codegen.binding.AutoValue_OptionalBindingDeclaration            : loaded 2 times (x 73B)
Class dagger.internal.codegen.binding.InjectionAnnotations_Factory                    : loaded 2 times (x 75B)
Class org.gradle.internal.classloader.VisitableURLClassLoader$Spec                    : loaded 2 times (x 72B)
Class androidx.room.compiler.processing.javac.JavacBasicAnnotationProcessor$commonDelegate$2: loaded 2 times (x 77B)
Class com.google.common.base.Predicates$CompositionPredicate                          : loaded 2 times (x 86B)
Class [Lcom.google.common.cache.RemovalListener;                                      : loaded 2 times (x 67B)
Class [Ldagger.spi.shaded.androidx.room.compiler.processing.XNullability;             : loaded 2 times (x 67B)
Class dagger.internal.codegen.bindinggraphvalidation.InjectBindingValidator           : loaded 2 times (x 83B)
Class net.rubygrapefruit.platform.internal.Platform$Unsupported                       : loaded 2 times (x 77B)
Class dagger.internal.codegen.binding.$AutoValue_DelegateDeclaration                  : loaded 2 times (x 81B)
Class dagger.spi.shaded.androidx.room.compiler.processing.XProcessingEnv$Companion    : loaded 2 times (x 69B)
Class dagger.internal.codegen.model.DaggerAnnotation                                  : loaded 2 times (x 74B)
Class dagger.spi.shaded.androidx.room.compiler.processing.javac.JavacTypeElement$superClass$2: loaded 2 times (x 77B)
Class dagger.spi.shaded.androidx.room.jarjarred.kotlinx.metadata.internal.metadata.ProtoBuf$Type$Argument$1: loaded 2 times (x 142B)
Class dagger.internal.codegen.extension.DaggerCollectors                              : loaded 2 times (x 69B)
Class dagger.spi.shaded.androidx.room.jarjarred.kotlinx.metadata.internal.metadata.ProtoBuf$VersionRequirement$1: loaded 2 times (x 142B)
Class dagger.internal.codegen.validation.BindingMethodValidator$Abstractness          : loaded 2 times (x 77B)
Class dagger.spi.shaded.androidx.room.jarjarred.kotlinx.metadata.internal.ReadersKt   : loaded 2 times (x 69B)
Class dagger.internal.codegen.model.AutoValue_DaggerElement                           : loaded 2 times (x 72B)
Class dagger.spi.shaded.androidx.room.jarjarred.kotlinx.metadata.internal.protobuf.Internal$EnumLite: loaded 2 times (x 68B)
Class dagger.spi.shaded.androidx.room.compiler.processing.javac.JavacExecutableElement$enclosingElement$2: loaded 2 times (x 77B)
Class dagger.internal.codegen.compileroption.ProcessingEnvironmentCompilerOptions$EnumOption: loaded 2 times (x 68B)
Class dagger.spi.shaded.androidx.room.compiler.processing.javac.kotlin.KmFunctionContainerImpl: loaded 2 times (x 95B)
Class dagger.spi.shaded.androidx.room.jarjarred.kotlinx.metadata.internal.metadata.jvm.deserialization.BitEncoding: loaded 2 times (x 69B)
Class [Ldagger.internal.codegen.validation.ValidationBindingGraphPlugin;              : loaded 2 times (x 67B)
Class org.gradle.internal.installation.CurrentGradleInstallation                      : loaded 2 times (x 71B)
Class dagger.spi.shaded.androidx.room.jarjarred.kotlinx.metadata.internal.metadata.ProtoBuf$Constructor: loaded 2 times (x 122B)
Class kotlin.sequences.SequencesKt__SequenceBuilderKt                                 : loaded 2 times (x 69B)
Class dagger.hilt.android.processor.internal.customtestapplication.CustomTestApplicationProcessor: loaded 2 times (x 98B)
Class com.squareup.kotlinpoet.TypeNames                                               : loaded 2 times (x 69B)
Class org.gradle.internal.agents.InstrumentingClassLoader                             : loaded 2 times (x 68B)
Class org.gradle.internal.installation.CurrentGradleInstallationLocator               : loaded 2 times (x 69B)
Class dagger.internal.codegen.validation.ComponentCreatorValidator_Factory            : loaded 2 times (x 75B)
Class androidx.room.compiler.processing.javac.JavacProcessingEnv$messager$2           : loaded 2 times (x 77B)
Class androidx.room.compiler.processing.XProcessingStep                               : loaded 2 times (x 68B)
Class com.google.common.reflect.Reflection                                            : loaded 2 times (x 69B)
Class [Lcom.google.common.cache.LocalCache$Segment;                                   : loaded 2 times (x 67B)
Class org.gradle.api.internal.classpath.Module                                        : loaded 2 times (x 68B)
Class dagger.spi.shaded.androidx.room.jarjarred.kotlinx.metadata.internal.metadata.ProtoBuf$Visibility$1: loaded 2 times (x 72B)
Class dagger.spi.shaded.androidx.room.compiler.processing.javac.JavacBasicAnnotationProcessor: loaded 2 times (x 96B)
Class dagger.spi.shaded.androidx.room.jarjarred.kotlinx.metadata.internal.metadata.ProtoBuf$Class$Kind: loaded 2 times (x 80B)
Class com.squareup.javapoet.FieldSpec                                                 : loaded 2 times (x 70B)
Class dagger.internal.codegen.binding.MethodSignatureFormatter$1                      : loaded 2 times (x 85B)
Class com.google.common.collect.Multimaps$CustomSetMultimap                           : loaded 2 times (x 176B)
Class dagger.spi.shaded.androidx.room.compiler.processing.javac.kotlin.JvmDescriptorTypeVisitor$visitExecutable$parameterDescriptors$1: loaded 2 times (x 77B)
Class dagger.internal.codegen.validation.BindsInstanceParameterValidator_Factory      : loaded 2 times (x 75B)
Class dagger.spi.shaded.androidx.room.compiler.processing.javac.JavacExecutableElement$Companion: loaded 2 times (x 69B)
Class dagger.spi.shaded.androidx.room.jarjarred.kotlinx.metadata.internal.protobuf.CodedInputStream: loaded 2 times (x 70B)
Class dagger.internal.codegen.validation.BindingGraphValidator_Factory                : loaded 2 times (x 75B)
Class com.google.common.base.Splitter$1$1                                             : loaded 2 times (x 84B)
Class dagger.internal.codegen.model.DiagnosticReporter                                : loaded 2 times (x 73B)
Class [Ldagger.internal.codegen.model.RequestKind;                                    : loaded 2 times (x 67B)
Class dagger.internal.codegen.validation.DiagnosticReporterFactory$DiagnosticReporterImpl: loaded 2 times (x 74B)
Class net.rubygrapefruit.platform.internal.NativeLibraryLoader                        : loaded 2 times (x 71B)
Class com.squareup.javapoet.MethodSpec$Builder                                        : loaded 2 times (x 70B)
Class dagger.spi.shaded.androidx.room.compiler.processing.javac.kotlin.KmClassContainer$Companion: loaded 2 times (x 69B)
Class dagger.internal.codegen.validation.ModuleValidator                              : loaded 2 times (x 70B)
Class dagger.internal.codegen.processingstep.AssistedProcessingStep_Factory           : loaded 2 times (x 75B)
Class dagger.spi.shaded.androidx.room.compiler.processing.util.NamingUtilsKt          : loaded 2 times (x 69B)
Class dagger.hilt.processor.internal.earlyentrypoint.EarlyEntryPointProcessor         : loaded 2 times (x 98B)
Class kotlin.sequences.SequencesKt__SequencesKt                                       : loaded 2 times (x 69B)
Class dagger.spi.shaded.androidx.room.jarjarred.kotlinx.metadata.internal.metadata.deserialization.NameResolver: loaded 2 times (x 68B)
Class dagger.internal.codegen.base.AutoValue_ComponentAnnotation                      : loaded 2 times (x 74B)
Class dagger.spi.shaded.androidx.room.compiler.processing.javac.JavacBasicAnnotationProcessor$steps$2: loaded 2 times (x 77B)
Class dagger.internal.codegen.validation.DependencyRequestValidator_Factory           : loaded 2 times (x 75B)
Class kotlin.sequences.SequencesKt__SequencesJVMKt                                    : loaded 2 times (x 69B)
Class dagger.spi.shaded.androidx.room.compiler.processing.javac.JavacConstructorType  : loaded 2 times (x 81B)
Class dagger.internal.codegen.binding.BindingGraphFactory_Factory                     : loaded 2 times (x 75B)
Class dagger.internal.codegen.base.ContributionType$HasContributionType               : loaded 2 times (x 68B)
Class com.squareup.javapoet.CodeWriter                                                : loaded 2 times (x 70B)
Class dagger.internal.codegen.binding.OptionalBindingDeclaration_Factory_Factory      : loaded 2 times (x 75B)
Class [Ldagger.spi.shaded.androidx.room.compiler.processing.XFiler$Mode;              : loaded 2 times (x 67B)
Class com.google.common.reflect.Types$TypeVariableInvocationHandler                   : loaded 2 times (x 73B)
Class dagger.internal.codegen.xprocessing.XTypeElements                               : loaded 2 times (x 69B)
Class com.google.common.reflect.Types$ClassOwnership                                  : loaded 2 times (x 78B)
Class dagger.spi.shaded.androidx.room.compiler.processing.javac.JavacTypeElement$enclosingTypeElement$2: loaded 2 times (x 77B)
Class com.google.common.cache.LocalCache$2                                            : loaded 2 times (x 140B)
Class dagger.internal.codegen.validation.ModuleValidator_Factory                      : loaded 2 times (x 75B)
Class dagger.internal.codegen.binding.DependencyVariableNamer$1                       : loaded 2 times (x 69B)
Class [Lorg.objectweb.asm.AnnotationWriter;                                           : loaded 2 times (x 67B)
Class dagger.internal.codegen.processingstep.BindsInstanceProcessingStep              : loaded 2 times (x 84B)
Class org.gradle.internal.service.CachingServiceLocator                               : loaded 2 times (x 80B)
Class dagger.spi.shaded.androidx.room.compiler.processing.InternalXAnnotationValue$kind$2: loaded 2 times (x 77B)
Class dagger.internal.codegen.binding.DelegateDeclaration                             : loaded 2 times (x 78B)
Class dagger.internal.codegen.processingstep.MonitoringModuleProcessingStep_Factory   : loaded 2 times (x 75B)
Class com.google.common.graph.Network                                                 : loaded 2 times (x 68B)
Class [Ldagger.spi.shaded.androidx.room.jarjarred.kotlinx.metadata.KmVersionRequirementVersionKind;: loaded 2 times (x 67B)
Class dagger.spi.shaded.androidx.room.jarjarred.kotlinx.metadata.internal.metadata.jvm.JvmProtoBuf$JvmPropertySignatureOrBuilder: loaded 2 times (x 68B)
Class [Ldagger.internal.codegen.javapoet.AnnotationSpecs$Suppression;                 : loaded 2 times (x 67B)
Class dagger.internal.DaggerGenerated                                                 : loaded 2 times (x 68B)
Class dagger.internal.codegen.binding.FrameworkTypeMapper                             : loaded 2 times (x 78B)
Class dagger.internal.codegen.processingstep.ComponentHjarProcessingStep              : loaded 2 times (x 84B)
Class dagger.internal.codegen.bindinggraphvalidation.DuplicateBindingsValidator_Factory: loaded 2 times (x 75B)
Class com.google.common.cache.LocalCache$1                                            : loaded 2 times (x 87B)
Class dagger.spi.shaded.androidx.room.jarjarred.kotlinx.metadata.internal.metadata.jvm.JvmProtoBuf$StringTableTypes$Record: loaded 2 times (x 117B)
Class com.squareup.javapoet.TypeName                                                  : loaded 2 times (x 79B)
Class dagger.spi.shaded.androidx.room.jarjarred.kotlinx.metadata.internal.protobuf.GeneratedMessageLite$Builder: loaded 2 times (x 126B)
Class dagger.internal.codegen.kotlin.KotlinMetadataUtil_Factory                       : loaded 2 times (x 75B)
Class dagger.internal.codegen.DelegateComponentProcessor_SourceFileGeneratorsModule_FactoryGeneratorFactory: loaded 2 times (x 75B)
Class net.rubygrapefruit.platform.internal.Platform$Linux64Bit                        : loaded 2 times (x 81B)
Class [Landroidx.room.compiler.processing.XProcessingEnv$Backend;                     : loaded 2 times (x 67B)
Class [Ldagger.internal.codegen.writing.FactoryGenerator$FactoryCreationStrategy;     : loaded 2 times (x 67B)
Class dagger.internal.codegen.binding.MethodSignatureFormatter_Factory                : loaded 2 times (x 75B)
Class com.google.devtools.ksp.symbol.KSAnnotated                                      : loaded 2 times (x 68B)
Class com.google.common.util.concurrent.AbstractFuture$Failure                        : loaded 2 times (x 70B)
Class org.gradle.internal.classpath.DefaultClassPath                                  : loaded 2 times (x 88B)
Class dagger.spi.shaded.androidx.room.jarjarred.kotlinx.metadata.internal.metadata.jvm.deserialization.JvmMemberSignature$Method: loaded 2 times (x 73B)
Class dagger.hilt.processor.internal.root.ComponentTreeDepsProcessor                  : loaded 2 times (x 98B)
Class dagger.spi.shaded.androidx.room.compiler.processing.javac.JavacExecutableElement$jvmDescriptor$2: loaded 2 times (x 77B)
Class org.objectweb.asm.Type                                                          : loaded 2 times (x 70B)
Class dagger.spi.shaded.androidx.room.jarjarred.kotlinx.metadata.internal.metadata.ProtoBuf$TypeParameter$Variance: loaded 2 times (x 80B)
Class com.squareup.kotlinpoet.ClassNames                                              : loaded 2 times (x 69B)
Class dagger.internal.codegen.binding.SourceFiles_Factory                             : loaded 2 times (x 74B)
Class dagger.spi.shaded.androidx.room.compiler.processing.ksp.KSTypeJavaPoetExtKt     : loaded 2 times (x 69B)
Class dagger.spi.shaded.androidx.room.jarjarred.kotlinx.metadata.KmValueParameterVisitor: loaded 2 times (x 74B)
Class dagger.internal.codegen.base.ComponentCreatorKind                               : loaded 2 times (x 77B)
Class dagger.spi.shaded.androidx.room.compiler.processing.javac.JavacConstructorElement$typeParameters$2: loaded 2 times (x 77B)
Class dagger.spi.shaded.androidx.room.compiler.processing.javac.JavacArrayType        : loaded 2 times (x 209B)
Class [Ldagger.spi.shaded.androidx.room.jarjarred.kotlinx.metadata.internal.metadata.ProtoBuf$Expression$ConstantValue;: loaded 2 times (x 67B)
Class dagger.spi.shaded.androidx.room.jarjarred.kotlinx.metadata.internal.metadata.ProtoBuf$VersionRequirement$Level: loaded 2 times (x 80B)
Class dagger.internal.DoubleCheck                                                     : loaded 2 times (x 76B)
Class org.objectweb.asm.RecordComponentWriter                                         : loaded 2 times (x 76B)
Class dagger.spi.shaded.androidx.room.compiler.processing.javac.JavacArrayType$componentType$2: loaded 2 times (x 77B)
Class org.objectweb.asm.AnnotationVisitor                                             : loaded 2 times (x 76B)
Class dagger.spi.shaded.androidx.room.jarjarred.kotlinx.metadata.internal.metadata.deserialization.VersionRequirement$Companion: loaded 2 times (x 69B)
Class [Lcom.squareup.javapoet.TypeName;                                               : loaded 2 times (x 67B)
Class androidx.room.compiler.processing.XProcessingEnv$Backend                        : loaded 2 times (x 77B)
Class com.google.common.util.concurrent.AbstractFuture$SetFuture                      : loaded 2 times (x 73B)
Class com.google.common.cache.LocalCache$AbstractReferenceEntry                       : loaded 2 times (x 105B)
Class dagger.internal.codegen.binding.AutoValue_ProvisionBinding                      : loaded 2 times (x 94B)
Class kotlin.sequences.SequencesKt___SequencesKt                                      : loaded 2 times (x 69B)
Class [Ldagger.internal.codegen.model.BindingGraphPlugin;                             : loaded 2 times (x 67B)
Class dagger.internal.codegen.xprocessing.XExecutableTypes                            : loaded 2 times (x 69B)
Class dagger.spi.model.BindingGraph$Node                                              : loaded 2 times (x 68B)
Class dagger.spi.shaded.androidx.room.compiler.processing.XVariableElement            : loaded 2 times (x 68B)
Class dagger.internal.codegen.bindinggraphvalidation.ProvisionDependencyOnProducerBindingValidator_Factory: loaded 2 times (x 74B)
Class dagger.spi.shaded.androidx.room.jarjarred.kotlinx.metadata.internal.metadata.ProtoBuf$Function: loaded 2 times (x 147B)
Class dagger.MembersInjector                                                          : loaded 2 times (x 68B)
Class dagger.hilt.processor.internal.aggregateddeps.AggregatedDepsProcessor           : loaded 2 times (x 98B)
Class dagger.hilt.processor.internal.uninstallmodules.UninstallModulesProcessor       : loaded 2 times (x 98B)
Class dagger.spi.shaded.androidx.room.compiler.processing.util.MemoizedSequence$delegateIterator$2: loaded 2 times (x 77B)
Class dagger.spi.shaded.androidx.room.compiler.processing.javac.JavacExecutableElement: loaded 2 times (x 221B)
Class androidx.room.DatabaseProcessingStep                                            : loaded 2 times (x 77B)
Class dagger.internal.codegen.model.AutoValue_Scope                                   : loaded 2 times (x 71B)
Class org.gradle.internal.installation.GradleInstallation$1                           : loaded 2 times (x 73B)
Class com.google.common.cache.LocalCache$EntryFactory$8                               : loaded 2 times (x 81B)
Class org.gradle.api.internal.DefaultClassPathProvider                                : loaded 2 times (x 74B)
Class com.google.common.base.Splitter$SplittingIterator                               : loaded 2 times (x 82B)
Class com.squareup.kotlinpoet.ClassName$special$$inlined$thenBy$1                     : loaded 2 times (x 88B)
Class com.squareup.kotlinpoet.ClassName$special$$inlined$thenBy$2                     : loaded 2 times (x 88B)
Class dagger.spi.shaded.androidx.room.jarjarred.kotlinx.metadata.KmFunction           : loaded 2 times (x 80B)
Class dagger.spi.shaded.androidx.room.jarjarred.kotlinx.metadata.jvm.JvmClassExtensionVisitor: loaded 2 times (x 85B)
Class androidx.room.compiler.processing.javac.JavacBasicAnnotationProcessor$steps$2   : loaded 2 times (x 77B)
Class com.google.common.base.Optional                                                 : loaded 2 times (x 78B)
Class dagger.spi.shaded.androidx.room.jarjarred.kotlinx.metadata.internal.metadata.ProtoBuf$TypeTable$1: loaded 2 times (x 142B)
Class com.google.common.graph.BaseGraph                                               : loaded 2 times (x 68B)
Class dagger.spi.shaded.androidx.room.compiler.processing.XAnnotationValue            : loaded 2 times (x 68B)
Class dagger.spi.shaded.androidx.room.jarjarred.kotlinx.metadata.internal.protobuf.ByteString$ByteIterator: loaded 2 times (x 68B)
Class dagger.internal.codegen.validation.ComponentDescriptorValidator                 : loaded 2 times (x 70B)
Class dagger.spi.BindingGraphPlugin                                                   : loaded 2 times (x 68B)
Class net.ltgt.gradle.incap.IncrementalAnnotationProcessorType                        : loaded 2 times (x 77B)
Class com.google.common.reflect.TypeParameter                                         : loaded 2 times (x 70B)
Class dagger.spi.shaded.androidx.room.jarjarred.kotlinx.metadata.KmClassVisitor       : loaded 2 times (x 90B)
Class dagger.spi.shaded.androidx.room.compiler.processing.javac.JavacTypeElement$xClassName$2: loaded 2 times (x 77B)
Class dagger.internal.codegen.componentgenerator.TopLevelImplementationComponent$Factory: loaded 2 times (x 68B)
Class com.google.common.base.JdkPattern                                               : loaded 2 times (x 73B)
Class com.google.common.cache.LocalCache$Segment                                      : loaded 2 times (x 152B)
Class com.google.common.cache.LocalCache$LocalManualCache$1                           : loaded 2 times (x 73B)
Class dagger.spi.model.DaggerProcessingEnv                                            : loaded 2 times (x 73B)
Class dagger.internal.codegen.validation.DiagnosticReporterFactory                    : loaded 2 times (x 70B)
Class dagger.internal.codegen.validation.MultibindsMethodValidator$Validator          : loaded 2 times (x 78B)
Class dagger.internal.codegen.validation.ValidationReport$Builder                     : loaded 2 times (x 70B)
Class dagger.spi.shaded.androidx.room.jarjarred.kotlinx.metadata.internal.metadata.deserialization.VersionRequirement$Version$Companion: loaded 2 times (x 69B)
Class dagger.spi.shaded.androidx.room.compiler.processing.javac.ElementExtKt          : loaded 2 times (x 69B)
Class dagger.spi.shaded.androidx.room.jarjarred.kotlinx.metadata.internal.metadata.ProtoBuf$Modality: loaded 2 times (x 80B)
Class dagger.internal.codegen.binding.MembersInjectionBinding$InjectionSite           : loaded 2 times (x 74B)
Class com.google.common.reflect.Types$ClassOwnership$1LocalClass                      : loaded 2 times (x 69B)
Class [Ldagger.spi.shaded.androidx.room.jarjarred.kotlinx.metadata.internal.metadata.ProtoBuf$Modality;: loaded 2 times (x 67B)
Class dagger.internal.codegen.processingstep.TypeCheckingProcessingStep               : loaded 2 times (x 84B)
Class com.squareup.kotlinpoet.ClassName                                               : loaded 2 times (x 87B)
Class dagger.spi.shaded.androidx.room.compiler.processing.javac.kotlin.JvmDescriptorUtilsKt: loaded 2 times (x 69B)
Class dagger.spi.shaded.androidx.room.compiler.processing.javac.JavacDeclaredType$equalityItems$2: loaded 2 times (x 77B)
Class [Lcom.google.common.cache.Weigher;                                              : loaded 2 times (x 67B)
Class dagger.spi.shaded.androidx.room.jarjarred.kotlinx.metadata.NodesKt              : loaded 2 times (x 69B)
Class dagger.spi.shaded.androidx.room.compiler.processing.javac.kotlin.KmConstructorContainer: loaded 2 times (x 95B)
Class androidx.room.util.SimpleJavaVersion$Companion                                  : loaded 2 times (x 69B)
Class com.squareup.javapoet.ClassName                                                 : loaded 2 times (x 82B)
Class [Lcom.google.common.collect.AbstractIterator$State;                             : loaded 2 times (x 67B)
Class org.objectweb.asm.SymbolTable$Entry                                             : loaded 2 times (x 72B)
Class [Lcom.google.common.cache.LocalCache$EntryFactory;                              : loaded 2 times (x 67B)
Class dagger.spi.shaded.androidx.room.compiler.processing.XEquality$Companion         : loaded 2 times (x 69B)
Class com.squareup.javapoet.AnnotationSpec$Builder                                    : loaded 2 times (x 70B)
Class dagger.spi.shaded.androidx.room.jarjarred.kotlinx.metadata.internal.metadata.ProtoBuf$ConstructorOrBuilder: loaded 2 times (x 68B)
Class kotlin.sequences.ConstrainedOnceSequence                                        : loaded 2 times (x 73B)
Class dagger.internal.codegen.kotlin.KotlinMetadataFactory_Factory                    : loaded 2 times (x 74B)
Class [Lcom.google.common.reflect.Types$ClassOwnership;                               : loaded 2 times (x 67B)
Class net.rubygrapefruit.platform.internal.jni.NativeLibraryFunctions                 : loaded 2 times (x 69B)
Class dagger.spi.shaded.androidx.room.jarjarred.kotlinx.metadata.internal.metadata.ProtoBuf$VersionRequirementTable$1: loaded 2 times (x 142B)
Class dagger.internal.codegen.base.SourceFileGenerationException                      : loaded 2 times (x 80B)
Class dagger.spi.shaded.androidx.room.compiler.processing.javac.JavacProcessingEnv    : loaded 2 times (x 113B)
Class dagger.internal.codegen.model.$AutoValue_Key$Builder                            : loaded 2 times (x 76B)
Class dagger.spi.shaded.androidx.room.jarjarred.kotlinx.metadata.internal.protobuf.ExtensionRegistryLite$ObjectIntPair: loaded 2 times (x 70B)
Class dagger.spi.shaded.auto.common.MoreElements$CastingElementVisitor                : loaded 2 times (x 91B)
Class [Ldagger.internal.codegen.compileroption.ProcessingEnvironmentCompilerOptions$CommandLineOption;: loaded 2 times (x 67B)
Class dagger.internal.codegen.processingstep.SuperficialValidator                     : loaded 2 times (x 73B)
Class dagger.spi.shaded.androidx.room.compiler.processing.javac.JavacAnnotation$type$2: loaded 2 times (x 77B)
Class dagger.spi.shaded.androidx.room.compiler.processing.javac.kotlin.KmClassContainer$primaryConstructorSignature$2: loaded 2 times (x 77B)
Class dagger.spi.shaded.androidx.room.jarjarred.kotlinx.metadata.internal.metadata.ProtoBuf$MemberKind$1: loaded 2 times (x 72B)
Class dagger.hilt.processor.internal.root.RootType                                    : loaded 2 times (x 77B)
Class dagger.internal.codegen.model.DaggerElement                                     : loaded 2 times (x 71B)
Class com.google.common.base.Splitter                                                 : loaded 2 times (x 70B)
Class com.google.common.collect.Maps$AbstractFilteredMap                              : loaded 2 times (x 125B)
Class com.google.common.base.Platform                                                 : loaded 2 times (x 69B)
Class org.objectweb.asm.Context                                                       : loaded 2 times (x 70B)
Class dagger.internal.codegen.binding.FrameworkTypeMapper$3                           : loaded 2 times (x 69B)
Class dagger.spi.shaded.androidx.room.jarjarred.kotlinx.metadata.Flag                 : loaded 2 times (x 69B)
Class dagger.internal.codegen.binding.InjectionSiteFactory_Factory                    : loaded 2 times (x 75B)
Class dagger.internal.codegen.binding.DelegateDeclaration$Factory                     : loaded 2 times (x 70B)
Class dagger.internal.codegen.writing.UnwrappedMapKeyGenerator_Factory                : loaded 2 times (x 75B)
Class dagger.spi.shaded.auto.common.AnnotationMirrors$1                               : loaded 2 times (x 82B)
Class dagger.spi.shaded.androidx.room.compiler.processing.javac.kotlin.KmConstructorContainer$parameters$2: loaded 2 times (x 77B)
Class dagger.spi.shaded.androidx.room.compiler.processing.javac.JavacProcessingEnv$typeElementStore$1: loaded 2 times (x 77B)
Class dagger.internal.codegen.base.FrameworkTypes                                     : loaded 2 times (x 69B)
Class dagger.internal.codegen.binding.BindingGraphFactory                             : loaded 2 times (x 73B)
Class dagger.internal.codegen.binding.AutoValue_ModuleDescriptor                      : loaded 2 times (x 83B)
Class dagger.spi.shaded.androidx.room.compiler.processing.javac.JavacProcessingEnv$typeElementStore$2: loaded 2 times (x 76B)
Class dagger.spi.shaded.androidx.room.jarjarred.kotlinx.metadata.internal.metadata.ProtoBuf$ValueParameterOrBuilder: loaded 2 times (x 68B)
Class dagger.spi.shaded.androidx.room.compiler.processing.javac.JavacProcessingEnv$typeElementStore$3: loaded 2 times (x 77B)
Class dagger.internal.codegen.xprocessing.XTypes$XTypeEquivalence                     : loaded 2 times (x 82B)
Class dagger.internal.codegen.model.Key$Builder                                       : loaded 2 times (x 74B)
Class dagger.internal.codegen.componentgenerator.ComponentHjarGenerator               : loaded 2 times (x 75B)
Class dagger.hilt.processor.internal.originatingelement.OriginatingElementProcessor   : loaded 2 times (x 98B)
Class dagger.spi.shaded.androidx.room.compiler.processing.javac.JavacAnnotation$declaredAnnotationValues$2: loaded 2 times (x 77B)
Class dagger.spi.shaded.androidx.room.jarjarred.kotlinx.metadata.internal.metadata.jvm.deserialization.JvmNameResolverBase$Companion: loaded 2 times (x 69B)
Class kotlin.collections.MapWithDefaultImpl                                           : loaded 2 times (x 124B)
Class dagger.spi.shaded.androidx.room.compiler.processing.javac.JavacTypeElement$superInterfaces$2: loaded 2 times (x 77B)
Class dagger.spi.shaded.androidx.room.jarjarred.kotlinx.metadata.internal.extensions.MetadataExtensions: loaded 2 times (x 68B)
Class dagger.internal.codegen.binding.FrameworkTypeMapper$2                           : loaded 2 times (x 78B)
Class com.google.common.collect.AbstractMapBasedMultimap$WrappedSet                   : loaded 2 times (x 140B)
Class net.rubygrapefruit.platform.internal.FunctionResult                             : loaded 2 times (x 75B)
Class dagger.spi.shaded.androidx.room.jarjarred.kotlinx.metadata.internal.protobuf.LazyField: loaded 2 times (x 81B)
Class dagger.internal.codegen.validation.ComponentHierarchyValidator_Factory          : loaded 2 times (x 75B)
Class dagger.internal.codegen.validation.MembersInjectionValidator                    : loaded 2 times (x 70B)
Class dagger.spi.shaded.androidx.room.compiler.processing.javac.kotlin.KotlinClassMetadataUtilsKt: loaded 2 times (x 69B)
Class com.google.common.io.ByteStreams$LimitedInputStream                             : loaded 2 times (x 90B)
Class com.squareup.javapoet.FieldSpec$Builder                                         : loaded 2 times (x 70B)
Class com.squareup.javapoet.ParameterizedTypeName                                     : loaded 2 times (x 79B)
Class com.google.common.reflect.TypeResolver$TypeTable$1                              : loaded 2 times (x 71B)
Class dagger.spi.shaded.androidx.room.compiler.processing.javac.JavacMethodElement$returnType$2: loaded 2 times (x 77B)
Class dagger.spi.shaded.androidx.room.jarjarred.kotlinx.metadata.KmVersion            : loaded 2 times (x 69B)
Class dagger.internal.codegen.binding.DelegateDeclaration_Factory_Factory             : loaded 2 times (x 75B)
Class dagger.internal.codegen.extension.Optionals                                     : loaded 2 times (x 69B)
Class dagger.spi.shaded.androidx.room.jarjarred.kotlinx.metadata.internal.metadata.jvm.deserialization.JvmNameResolver: loaded 2 times (x 78B)
Class dagger.hilt.processor.internal.optionvalues.BooleanValue                        : loaded 2 times (x 77B)
Class dagger.internal.codegen.processingstep.ModuleProcessingStep_Factory             : loaded 2 times (x 75B)
Class dagger.spi.shaded.androidx.room.compiler.codegen.XClassName$Companion           : loaded 2 times (x 69B)
Class com.google.common.cache.CacheLoader                                             : loaded 2 times (x 72B)
Class dagger.internal.codegen.validation.ProducesMethodValidator$Validator            : loaded 2 times (x 78B)
Class dagger.spi.shaded.androidx.room.compiler.processing.javac.JavacTypeElement$JavacEnumTypeElement$entries$2: loaded 2 times (x 77B)
Class kotlin.io.NoSuchFileException                                                   : loaded 2 times (x 80B)
Class dagger.internal.codegen.compileroption.ValidationType                           : loaded 2 times (x 77B)
Class dagger.internal.codegen.binding.BindingFactory_Factory                          : loaded 2 times (x 75B)
Class dagger.internal.codegen.binding.FrameworkTypeMapper$1                           : loaded 2 times (x 78B)
Class org.objectweb.asm.MethodTooLargeException                                       : loaded 2 times (x 81B)
Class androidx.room.compiler.processing.XProcessingEnv$Companion                      : loaded 2 times (x 69B)
Class dagger.internal.codegen.binding.MethodSignatureFormatter                        : loaded 2 times (x 84B)
Class dagger.spi.shaded.androidx.room.compiler.processing.XTypeElement                : loaded 2 times (x 68B)
Class dagger.spi.shaded.androidx.room.jarjarred.kotlinx.metadata.FlagsKt              : loaded 2 times (x 69B)
Class dagger.spi.shaded.androidx.room.compiler.processing.javac.kotlin.KmClassContainer$typeParameters$2: loaded 2 times (x 77B)
Class dagger.internal.codegen.validation.BindingMethodValidator$MethodValidator       : loaded 2 times (x 78B)
Class dagger.internal.codegen.writing.InjectionMethods$ProvisionMethod                : loaded 2 times (x 69B)
Class dagger.spi.shaded.androidx.room.jarjarred.kotlinx.metadata.internal.protobuf.WireFormat$FieldType$1: loaded 2 times (x 81B)
Class dagger.internal.codegen.bindinggraphvalidation.SubcomponentFactoryMethodValidator_Factory: loaded 2 times (x 74B)
Class dagger.spi.shaded.androidx.room.jarjarred.kotlinx.metadata.internal.protobuf.WireFormat$FieldType$2: loaded 2 times (x 81B)
Class dagger.hilt.processor.internal.root.RootProcessor                               : loaded 2 times (x 98B)
Class dagger.spi.shaded.androidx.room.jarjarred.kotlinx.metadata.internal.protobuf.WireFormat$FieldType$3: loaded 2 times (x 81B)
Class dagger.spi.shaded.androidx.room.jarjarred.kotlinx.metadata.internal.protobuf.WireFormat$FieldType$4: loaded 2 times (x 81B)
Class dagger.internal.codegen.model.$AutoValue_Key                                    : loaded 2 times (x 78B)
Class com.google.common.cache.Cache                                                   : loaded 2 times (x 68B)
Class dagger.internal.codegen.bindinggraphvalidation.InjectBindingValidator_Factory   : loaded 2 times (x 75B)
Class dagger.internal.codegen.model.AutoValue_DaggerType                              : loaded 2 times (x 73B)
Class dagger.spi.shaded.androidx.room.jarjarred.kotlinx.metadata.internal.protobuf.SmallSortedMap$1: loaded 2 times (x 128B)
Class dagger.spi.shaded.androidx.room.jarjarred.kotlinx.metadata.internal.extensions.MetadataExtensions$Companion: loaded 2 times (x 69B)
Class dagger.spi.shaded.androidx.room.compiler.processing.javac.JavacType             : loaded 2 times (x 185B)
Class org.gradle.internal.classloader.SystemClassLoaderSpec                           : loaded 2 times (x 69B)
Class dagger.internal.codegen.binding.ProductionBinding$Builder                       : loaded 2 times (x 88B)
Class dagger.internal.codegen.bindinggraphvalidation.SetMultibindingValidator_Factory$InstanceHolder: loaded 2 times (x 69B)
Class com.google.common.util.concurrent.internal.InternalFutureFailureAccess          : loaded 2 times (x 70B)
Class com.google.common.graph.Traverser                                               : loaded 2 times (x 71B)
Class dagger.spi.shaded.androidx.room.compiler.processing.javac.JavacConstructorElement$kotlinMetadata$2: loaded 2 times (x 77B)
Class dagger.internal.codegen.binding.$AutoValue_MembersInjectionBinding_InjectionSite: loaded 2 times (x 75B)
Class dagger.spi.shaded.androidx.room.jarjarred.kotlinx.metadata.internal.metadata.ProtoBuf$Class$1: loaded 2 times (x 142B)
Class dagger.internal.codegen.DelegateComponentProcessor$Injector                     : loaded 2 times (x 68B)
Class androidx.room.util.SimpleJavaVersion                                            : loaded 2 times (x 73B)
Class net.rubygrapefruit.platform.internal.Platform$FreeBSD64Bit                      : loaded 2 times (x 80B)
Class com.google.common.base.Charsets                                                 : loaded 2 times (x 69B)
Class com.google.common.primitives.Ints$IntConverter                                  : loaded 2 times (x 88B)
Class dagger.spi.shaded.androidx.room.jarjarred.kotlinx.metadata.internal.metadata.ProtoBuf$Type$Argument$Projection: loaded 2 times (x 80B)
Class dagger.internal.codegen.binding.ContributionBinding$Builder                     : loaded 2 times (x 81B)
Class [Ldagger.spi.shaded.androidx.room.jarjarred.kotlinx.metadata.internal.metadata.ProtoBuf$Effect$InvocationKind;: loaded 2 times (x 67B)
Class com.squareup.javapoet.CodeBlock$Builder                                         : loaded 2 times (x 70B)
Class dagger.internal.codegen.binding.MultibindingDeclaration                         : loaded 2 times (x 76B)
Class com.google.common.reflect.Types$TypeVariableImpl                                : loaded 2 times (x 70B)
Class [Lcom.google.common.base.AbstractIterator$State;                                : loaded 2 times (x 67B)
Class dagger.spi.shaded.androidx.room.jarjarred.kotlinx.metadata.internal.extensions.ExtensionUtilsKt: loaded 2 times (x 69B)
Class dagger.internal.codegen.base.$AutoValue_ComponentAnnotation                     : loaded 2 times (x 74B)
Class dagger.internal.codegen.writing.FactoryGenerator                                : loaded 2 times (x 75B)
Class androidx.room.DatabaseProcessingStep$Companion                                  : loaded 2 times (x 69B)
Class dagger.hilt.android.processor.internal.viewmodel.ViewModelValidationPlugin      : loaded 2 times (x 80B)
Class kotlin.io.FileAlreadyExistsException                                            : loaded 2 times (x 80B)
Class net.rubygrapefruit.platform.internal.Platform$MacOs                             : loaded 2 times (x 80B)
Class com.google.common.base.AbstractIterator                                         : loaded 2 times (x 78B)
Class kotlin.reflect.jvm.internal.impl.builtins.functions.FunctionClassKind$Companion : loaded 2 times (x 69B)
Class dagger.spi.shaded.androidx.room.jarjarred.kotlinx.metadata.internal.metadata.ProtoBuf$VersionRequirementTableOrBuilder: loaded 2 times (x 68B)
Class dagger.spi.shaded.androidx.room.compiler.processing.javac.JavacExecutableType$parameterTypes$2: loaded 2 times (x 77B)
Class org.objectweb.asm.ClassWriter                                                   : loaded 2 times (x 104B)
Class dagger.internal.codegen.writing.GwtCompatibility                                : loaded 2 times (x 69B)
Class dagger.spi.shaded.androidx.room.jarjarred.kotlinx.metadata.Flag$Common          : loaded 2 times (x 69B)
Class dagger.internal.codegen.base.ElementFormatter                                   : loaded 2 times (x 83B)
Class kotlin.text.Charsets                                                            : loaded 2 times (x 69B)
Class dagger.spi.shaded.androidx.room.jarjarred.kotlinx.metadata.jvm.internal.JvmTypeExtension: loaded 2 times (x 84B)
Class dagger.spi.shaded.androidx.room.jarjarred.kotlinx.metadata.KmExtensionVisitor   : loaded 2 times (x 68B)
Class com.google.common.cache.LocalCache$LoadingValueReference                        : loaded 2 times (x 94B)
Class dagger.spi.shaded.androidx.room.jarjarred.kotlinx.metadata.KmTypeProjection$Companion: loaded 2 times (x 69B)
Class dagger.internal.codegen.binding.BindingDeclarationFormatter_Factory             : loaded 2 times (x 75B)
Class com.google.common.base.AbstractIterator$1                                       : loaded 2 times (x 69B)
Class [Ldagger.spi.shaded.androidx.room.jarjarred.kotlinx.metadata.internal.metadata.ProtoBuf$VersionRequirement$Level;: loaded 2 times (x 67B)
Class dagger.internal.codegen.validation.MapKeyValidator_Factory                      : loaded 2 times (x 75B)
Class dagger.spi.shaded.auto.common.Overrides$ExplicitOverrides                       : loaded 2 times (x 74B)
Class dagger.hilt.processor.internal.definecomponent.DefineComponentProcessingStep    : loaded 2 times (x 85B)
Class dagger.internal.codegen.binding.SubcomponentDeclaration$Factory                 : loaded 2 times (x 71B)
Class dagger.spi.shaded.androidx.room.jarjarred.kotlinx.metadata.internal.metadata.jvm.JvmProtoBuf$JvmMethodSignatureOrBuilder: loaded 2 times (x 68B)
Class dagger.hilt.android.processor.internal.bindvalue.BindValueProcessingStep        : loaded 2 times (x 85B)
Class dagger.hilt.processor.internal.BaseProcessingStep                               : loaded 2 times (x 85B)
Class androidx.room.compiler.processing.javac.JavacFiler                              : loaded 2 times (x 76B)
Class com.google.common.cache.LocalCache$StrongValueReference                         : loaded 2 times (x 88B)
Class kotlin.io.LinesSequence                                                         : loaded 2 times (x 73B)
Class [Lcom.google.common.cache.CacheBuilder$OneWeigher;                              : loaded 2 times (x 67B)
Class dagger.spi.shaded.androidx.room.compiler.codegen.XClassName                     : loaded 2 times (x 73B)
Class dagger.spi.shaded.auto.common.MoreTypes$CastingTypeVisitor                      : loaded 2 times (x 100B)
Class dagger.spi.shaded.androidx.room.compiler.processing.javac.kotlin.JvmDescriptorTypeVisitor: loaded 2 times (x 97B)
Class net.rubygrapefruit.platform.NativeIntegrationLinkageException                   : loaded 2 times (x 80B)
Class dagger.internal.codegen.base.ComponentAnnotation                                : loaded 2 times (x 74B)
Class dagger.spi.shaded.androidx.room.jarjarred.kotlinx.metadata.internal.metadata.ProtoBuf$Effect$InvocationKind: loaded 2 times (x 80B)
Class org.objectweb.asm.FieldWriter                                                   : loaded 2 times (x 76B)
Class com.google.common.cache.LocalCache$ComputingValueReference                      : loaded 2 times (x 94B)
Class dagger.internal.codegen.binding.ProductionBinding                               : loaded 2 times (x 93B)
Class dagger.spi.shaded.androidx.room.jarjarred.kotlinx.metadata.internal.metadata.deserialization.ProtoTypeTableUtilKt: loaded 2 times (x 69B)
Class com.google.common.collect.ImmutableList$SerializedForm                          : loaded 2 times (x 71B)
Class org.gradle.api.UncheckedIOException                                             : loaded 2 times (x 80B)
Class net.rubygrapefruit.platform.ProcessLauncher                                     : loaded 2 times (x 68B)
Class dagger.spi.shaded.androidx.room.compiler.processing.javac.JavacVariableElement  : loaded 2 times (x 198B)
Class dagger.spi.shaded.androidx.room.jarjarred.kotlinx.metadata.internal.protobuf.MessageLite$Builder: loaded 2 times (x 68B)
Class dagger.spi.shaded.androidx.room.compiler.processing.javac.JavacMethodElement$kotlinMetadata$2: loaded 2 times (x 77B)
Class kotlin.io.FilesKt__FileReadWriteKt                                              : loaded 2 times (x 69B)
Class dagger.spi.shaded.androidx.room.compiler.processing.InternalXAnnotationValue    : loaded 2 times (x 153B)
Class dagger.spi.shaded.androidx.room.jarjarred.kotlinx.metadata.internal.metadata.ProtoBuf$VersionRequirement$VersionKind: loaded 2 times (x 80B)
Class dagger.spi.shaded.androidx.room.jarjarred.kotlinx.metadata.internal.metadata.jvm.deserialization.JvmMetadataVersion$Companion: loaded 2 times (x 69B)
Class dagger.internal.codegen.binding.SubcomponentDeclaration_Factory_Factory         : loaded 2 times (x 75B)
Class [Ldagger.internal.codegen.binding.FrameworkTypeMapper;                          : loaded 2 times (x 67B)
Class dagger.internal.codegen.ProcessingEnvironmentModule_MessagerFactory             : loaded 2 times (x 75B)
Class dagger.spi.shaded.auto.common.MoreTypes$ExecutableTypeVisitor                   : loaded 2 times (x 100B)
Class dagger.spi.shaded.androidx.room.compiler.processing.javac.kotlin.KmPropertyContainer: loaded 2 times (x 73B)
Class dagger.spi.shaded.androidx.room.compiler.processing.javac.JavacVariableElement$type$2: loaded 2 times (x 77B)
Class dagger.spi.shaded.androidx.room.jarjarred.kotlinx.metadata.KmVersionRequirementVisitor: loaded 2 times (x 73B)
Class dagger.internal.codegen.binding.$AutoValue_OptionalBindingDeclaration           : loaded 2 times (x 73B)
Class dagger.spi.shaded.androidx.room.jarjarred.kotlinx.metadata.jvm.JvmMemberSignature: loaded 2 times (x 72B)
Class com.google.common.base.ExtraObjectsMethodsForWeb                                : loaded 2 times (x 69B)
Class dagger.spi.shaded.androidx.room.jarjarred.kotlinx.metadata.internal.metadata.deserialization.Flags$FlagField: loaded 2 times (x 71B)
Class com.squareup.kotlinpoet.ClassName$special$$inlined$compareBy$1                  : loaded 2 times (x 87B)
Class dagger.hilt.processor.internal.generatesrootinput.GeneratesRootInputProcessor   : loaded 2 times (x 98B)
Class dagger.internal.codegen.model.BindingGraphPlugin                                : loaded 2 times (x 68B)
Class [Ldagger.internal.codegen.compileroption.ProcessingEnvironmentCompilerOptions$Feature;: loaded 2 times (x 67B)
Class dagger.internal.codegen.model.BindingKind                                       : loaded 2 times (x 77B)
Class dagger.spi.shaded.androidx.room.compiler.processing.XAnnotation                 : loaded 2 times (x 68B)
Class dagger.spi.shaded.androidx.room.compiler.processing.CommonProcessorDelegate$processRound$currentElementsDeferredByStep$1$stepDeferredElementsByAnnotation$1: loaded 2 times (x 76B)
Class dagger.spi.shaded.androidx.room.compiler.processing.javac.JavacProcessingEnvMessager: loaded 2 times (x 71B)
Class dagger.spi.shaded.androidx.room.compiler.processing.XFiler$Mode                 : loaded 2 times (x 77B)
Class dagger.internal.codegen.processingstep.BindsInstanceProcessingStep_Factory      : loaded 2 times (x 75B)
Class com.google.common.base.Platform$JdkPatternCompiler                              : loaded 2 times (x 73B)
Class androidx.room.compiler.processing.XProcessingEnvConfig                          : loaded 2 times (x 69B)
Class dagger.spi.shaded.androidx.room.compiler.processing.InternalXAnnotation         : loaded 2 times (x 137B)
Class dagger.spi.shaded.androidx.room.jarjarred.kotlinx.metadata.internal.metadata.ProtoBuf$Effect$EffectType: loaded 2 times (x 80B)
Class dagger.spi.shaded.androidx.room.jarjarred.kotlinx.metadata.jvm.JvmMemberSignatureKt: loaded 2 times (x 69B)
Class dagger.spi.shaded.androidx.room.jarjarred.kotlinx.metadata.internal.metadata.ProtoBuf$VersionRequirement$VersionKind$1: loaded 2 times (x 72B)
Class dagger.spi.shaded.androidx.room.compiler.processing.XNullability                : loaded 2 times (x 77B)
Class dagger.spi.shaded.androidx.room.compiler.processing.javac.kotlin.KmClassContainer: loaded 2 times (x 73B)
Class dagger.internal.codegen.xprocessing.XElements$1                                 : loaded 2 times (x 69B)
Class dagger.spi.shaded.androidx.room.compiler.processing.javac.JavacMethodParameter$closestMemberContainer$2: loaded 2 times (x 77B)
Class dagger.spi.shaded.androidx.room.jarjarred.kotlinx.metadata.jvm.JvmConstructorExtensionVisitor: loaded 2 times (x 76B)
Class dagger.spi.shaded.androidx.room.compiler.codegen.XTypeName                      : loaded 2 times (x 73B)
Class com.google.common.cache.LocalCache$StrongEntry                                  : loaded 2 times (x 106B)
Class dagger.spi.shaded.androidx.room.jarjarred.kotlinx.metadata.KmDeclarationContainer: loaded 2 times (x 68B)
Class dagger.internal.codegen.base.ComponentCreatorAnnotation                         : loaded 2 times (x 77B)
Class dagger.spi.shaded.androidx.room.jarjarred.kotlinx.metadata.internal.metadata.ProtoBuf$VersionRequirementTable: loaded 2 times (x 105B)
Class dagger.spi.shaded.androidx.room.jarjarred.kotlinx.metadata.KmFunctionExtensionVisitor: loaded 2 times (x 68B)
Class dagger.spi.shaded.androidx.room.jarjarred.kotlinx.metadata.internal.metadata.ProtoBuf$Package: loaded 2 times (x 127B)
Class dagger.spi.shaded.androidx.room.jarjarred.kotlinx.metadata.jvm.JvmClassExtensionVisitor$Companion: loaded 2 times (x 69B)
Class com.google.common.reflect.Types                                                 : loaded 2 times (x 69B)
Class com.google.common.cache.LocalCache$Strength                                     : loaded 2 times (x 79B)
Class dagger.spi.shaded.androidx.room.compiler.processing.javac.kotlin.KmClassContainer$functionList$2: loaded 2 times (x 77B)
Class dagger.spi.shaded.androidx.room.jarjarred.kotlinx.metadata.internal.metadata.ProtoBuf$Type$Argument: loaded 2 times (x 108B)
Class dagger.spi.shaded.androidx.room.jarjarred.kotlinx.metadata.internal.protobuf.AbstractMessageLite$Builder$LimitedInputStream: loaded 2 times (x 90B)
Class dagger.spi.shaded.androidx.room.jarjarred.kotlinx.metadata.internal.extensions.KmExtension: loaded 2 times (x 68B)
Class com.google.common.base.Stopwatch                                                : loaded 2 times (x 70B)
Class dagger.spi.shaded.androidx.room.compiler.processing.javac.JavacBasicAnnotationProcessor$xEnv$2: loaded 2 times (x 77B)
Class dagger.spi.shaded.androidx.room.jarjarred.kotlinx.metadata.internal.metadata.ProtoBuf$AnnotationOrBuilder: loaded 2 times (x 68B)
Class dagger.spi.shaded.androidx.room.compiler.processing.javac.JavacConstructorElement$parameters$2$1$1: loaded 2 times (x 77B)
Class dagger.spi.shaded.androidx.room.jarjarred.kotlinx.metadata.internal.metadata.ProtoBuf$Class$Kind$1: loaded 2 times (x 72B)
Class dagger.internal.codegen.validation.ProducesMethodValidator_Factory              : loaded 2 times (x 75B)
Class com.google.common.collect.AbstractMapBasedMultimap$KeySet                       : loaded 2 times (x 135B)
Class dagger.spi.shaded.androidx.room.jarjarred.kotlinx.metadata.jvm.KotlinClassMetadata: loaded 2 times (x 70B)
Class org.gradle.internal.classloader.FilteringClassLoader                            : loaded 2 times (x 103B)
Class dagger.spi.shaded.androidx.room.jarjarred.kotlinx.metadata.internal.metadata.jvm.deserialization.JvmMetadataVersion: loaded 2 times (x 71B)
Class org.gradle.internal.classloader.DefaultClassLoaderFactory                       : loaded 2 times (x 80B)
Class dagger.internal.codegen.validation.BindsOptionalOfMethodValidator$Validator     : loaded 2 times (x 78B)
Class dagger.internal.codegen.base.RequestKinds                                       : loaded 2 times (x 69B)
Class dagger.spi.shaded.androidx.room.jarjarred.kotlinx.metadata.jvm.JvmTypeExtensionVisitor: loaded 2 times (x 78B)
Class dagger.spi.shaded.androidx.room.jarjarred.kotlinx.metadata.internal.protobuf.GeneratedMessageLite$1: loaded 2 times (x 69B)
Class kotlin.Unit                                                                     : loaded 2 times (x 69B)
Class com.google.common.cache.CacheLoader$InvalidCacheLoadException                   : loaded 2 times (x 80B)
Class kotlin.io.FilePathComponents                                                    : loaded 2 times (x 70B)
Class dagger.hilt.processor.internal.root.ir.InvalidRootsException                    : loaded 2 times (x 80B)
Class org.objectweb.asm.Handler                                                       : loaded 2 times (x 70B)
Class dagger.internal.codegen.model.AutoValue_DaggerProcessingEnv                     : loaded 2 times (x 73B)
Class javax.inject.Provider                                                           : loaded 2 times (x 68B)
Class androidx.room.RoomProcessor$1                                                   : loaded 2 times (x 76B)
Class com.google.common.io.Closer                                                     : loaded 2 times (x 76B)
Class com.google.common.collect.ImmutableMap$SerializedForm                           : loaded 2 times (x 71B)
Class dagger.spi.shaded.androidx.room.jarjarred.kotlinx.metadata.KmClassExtensionVisitor: loaded 2 times (x 68B)
Class dagger.spi.shaded.androidx.room.jarjarred.kotlinx.metadata.KmDeclarationContainerVisitor: loaded 2 times (x 75B)
Class dagger.internal.codegen.compileroption.FeatureStatus                            : loaded 2 times (x 77B)
Class dagger.hilt.processor.internal.generatesrootinput.GeneratesRootInputProcessingStep: loaded 2 times (x 85B)
Class dagger.internal.codegen.validation.BindsMethodValidator$Validator               : loaded 2 times (x 78B)
Class dagger.spi.shaded.androidx.room.jarjarred.kotlinx.metadata.internal.metadata.ProtoBuf$Annotation$1: loaded 2 times (x 142B)
Class dagger.internal.codegen.writing.ProducerFactoryGenerator$NoArgFutureTransform   : loaded 2 times (x 76B)
Class net.rubygrapefruit.platform.internal.Platform$Linux32Bit                        : loaded 2 times (x 81B)
Class dagger.internal.codegen.base.Formatter                                          : loaded 2 times (x 83B)
Class com.squareup.kotlinpoet.WildcardTypeName$Companion                              : loaded 2 times (x 69B)
Class com.google.common.graph.PredecessorsFunction                                    : loaded 2 times (x 68B)
Class net.rubygrapefruit.platform.internal.Platform$MacOs64Bit                        : loaded 2 times (x 80B)
Class com.google.common.cache.LocalCache$ValueReference                               : loaded 2 times (x 68B)
Class dagger.spi.shaded.androidx.room.jarjarred.kotlinx.metadata.jvm.internal.JvmPropertyExtension: loaded 2 times (x 86B)
Class dagger.spi.shaded.androidx.room.compiler.processing.javac.JavacDeclaredType$typeArguments$2: loaded 2 times (x 77B)
Class dagger.internal.codegen.validation.ValidationBindingGraphPlugins                : loaded 2 times (x 70B)
Class dagger.internal.codegen.extension.DaggerStreams                                 : loaded 2 times (x 69B)
Class dagger.internal.codegen.langmodel.Accessibility                                 : loaded 2 times (x 69B)
Class dagger.internal.codegen.validation.BindsInstanceElementValidator                : loaded 2 times (x 76B)
Class dagger.internal.codegen.writing.ProducerFactoryGenerator                        : loaded 2 times (x 75B)
Class dagger.internal.codegen.processingstep.SuperficialValidator_Factory             : loaded 2 times (x 75B)
Class org.objectweb.asm.ClassReader                                                   : loaded 2 times (x 91B)
Class dagger.spi.shaded.androidx.room.jarjarred.kotlinx.metadata.Flag$Type            : loaded 2 times (x 69B)
Class org.gradle.internal.classloader.ClasspathUtil                                   : loaded 2 times (x 69B)
Class [Ldagger.internal.codegen.base.ComponentCreatorAnnotation;                      : loaded 2 times (x 67B)
Class dagger.internal.codegen.validation.ValidationBindingGraphPlugin                 : loaded 2 times (x 83B)
Class dagger.spi.shaded.androidx.room.compiler.processing.compat.XConverters          : loaded 2 times (x 69B)
Class org.objectweb.asm.CurrentFrame                                                  : loaded 2 times (x 71B)
Class com.google.common.util.concurrent.AbstractFuture                                : loaded 2 times (x 93B)
Class [Ldagger.internal.codegen.base.ClearableCache;                                  : loaded 2 times (x 67B)
Class dagger.internal.codegen.compileroption.ProcessingEnvironmentCompilerOptions_Factory: loaded 2 times (x 75B)
Class dagger.spi.shaded.auto.common.Overrides                                         : loaded 2 times (x 70B)
Class com.google.common.reflect.TypeResolver                                          : loaded 2 times (x 70B)
Class androidx.room.processor.Context$Companion                                       : loaded 2 times (x 69B)
Class dagger.spi.shaded.androidx.room.compiler.processing.javac.JavacFiler            : loaded 2 times (x 76B)
Class dagger.spi.shaded.androidx.room.compiler.processing.XProcessingEnv              : loaded 2 times (x 68B)
Class dagger.spi.shaded.androidx.room.compiler.processing.InternalXAnnotationValue$Kind$Companion: loaded 2 times (x 69B)
Class dagger.internal.codegen.validation.ComponentDescriptorValidator_Factory         : loaded 2 times (x 75B)
Class dagger.spi.shaded.androidx.room.compiler.processing.javac.kotlin.KmClassContainer$superTypes$2: loaded 2 times (x 77B)
Class androidx.room.compiler.processing.javac.XTypeElementStore                       : loaded 2 times (x 70B)
Class dagger.internal.codegen.validation.MapKeyValidator                              : loaded 2 times (x 70B)
Class dagger.spi.model.DiagnosticReporter                                             : loaded 2 times (x 73B)
Class dagger.internal.codegen.binding.BindingDeclarationFormatter                     : loaded 2 times (x 84B)
Class dagger.spi.shaded.androidx.room.jarjarred.kotlinx.metadata.internal.metadata.ProtoBuf$TypeTable: loaded 2 times (x 107B)
Class dagger.internal.codegen.binding.AssistedInjectionAnnotations                    : loaded 2 times (x 69B)
Class dagger.spi.shaded.androidx.room.jarjarred.kotlinx.metadata.internal.metadata.jvm.JvmProtoBuf$JvmMethodSignature$1: loaded 2 times (x 142B)
Class [Ldagger.spi.shaded.androidx.room.jarjarred.kotlinx.metadata.internal.protobuf.Internal$EnumLite;: loaded 2 times (x 67B)
Class com.google.common.base.Splitter$1                                               : loaded 2 times (x 75B)
Class com.google.common.base.Strings                                                  : loaded 2 times (x 69B)
Class dagger.spi.shaded.androidx.room.compiler.processing.XMethodElementKt            : loaded 2 times (x 69B)
Class dagger.spi.shaded.androidx.room.compiler.processing.javac.JavacFieldElement$enclosingElement$2: loaded 2 times (x 77B)
Class dagger.spi.shaded.androidx.room.jarjarred.kotlinx.metadata.KmTypeExtensionVisitor: loaded 2 times (x 68B)
Class dagger.internal.codegen.base.SourceFileGenerator                                : loaded 2 times (x 75B)
Class [Ldagger.internal.codegen.compileroption.ValidationType;                        : loaded 2 times (x 67B)
Class dagger.hilt.processor.internal.ProcessorErrorHandler                            : loaded 2 times (x 70B)
Class dagger.internal.codegen.writing.AnnotationCreatorGenerator                      : loaded 2 times (x 78B)
Class com.squareup.kotlinpoet.TagMap$Companion                                        : loaded 2 times (x 69B)
Class dagger.internal.codegen.javapoet.CodeBlocks                                     : loaded 2 times (x 69B)
Class dagger.spi.shaded.auto.common.MoreTypes$AsElementVisitor                        : loaded 2 times (x 99B)
Class dagger.spi.shaded.androidx.room.jarjarred.kotlinx.metadata.jvm.JvmTypeExtensionVisitor$Companion: loaded 2 times (x 69B)
Class dagger.internal.codegen.ProcessingEnvironmentModule_FilerFactory                : loaded 2 times (x 75B)
Class dagger.spi.shaded.androidx.room.jarjarred.kotlinx.metadata.KmPropertyExtensionVisitor: loaded 2 times (x 68B)
Class com.google.common.base.Ticker$1                                                 : loaded 2 times (x 70B)
Class org.gradle.api.internal.DefaultClassPathRegistry                                : loaded 2 times (x 74B)
Class dagger.internal.codegen.validation.BindingElementValidator                      : loaded 2 times (x 76B)
Class dagger.hilt.android.processor.internal.androidentrypoint.AndroidEntryPointProcessor: loaded 2 times (x 98B)
Class com.google.common.collect.AbstractIterator$State                                : loaded 2 times (x 77B)
Class [Lorg.objectweb.asm.Symbol;                                                     : loaded 2 times (x 67B)
Class com.google.common.util.concurrent.AbstractFuture$Cancellation                   : loaded 2 times (x 70B)
Class dagger.spi.shaded.androidx.room.compiler.processing.javac.JavacDeclaredType     : loaded 2 times (x 185B)
Class dagger.spi.shaded.androidx.room.compiler.processing.javac.DefaultJavacType      : loaded 2 times (x 185B)
Class com.google.common.base.Predicates                                               : loaded 2 times (x 69B)
Class dagger.internal.codegen.DelegateComponentProcessor_MembersInjector              : loaded 2 times (x 73B)
Class dagger.spi.shaded.androidx.room.compiler.processing.CommonProcessorDelegate     : loaded 2 times (x 70B)
Class dagger.spi.shaded.androidx.room.jarjarred.kotlinx.metadata.KmConstructorVisitor : loaded 2 times (x 74B)
Class org.gradle.api.internal.classpath.DefaultModuleRegistry$DefaultModule           : loaded 2 times (x 84B)
Class net.rubygrapefruit.platform.internal.Platform                                   : loaded 2 times (x 77B)
Class com.google.common.collect.Collections2$FilteredCollection                       : loaded 2 times (x 117B)
Class dagger.spi.shaded.androidx.room.compiler.processing.javac.JavacProcessingEnvMessager$Companion: loaded 2 times (x 69B)
Class dagger.spi.shaded.androidx.room.compiler.processing.javac.kotlin.KmClassContainer$propertyList$2: loaded 2 times (x 77B)
Class dagger.spi.shaded.androidx.room.compiler.processing.javac.kotlin.KmFlags        : loaded 2 times (x 68B)
Class dagger.internal.codegen.base.ElementFormatter_Factory$InstanceHolder            : loaded 2 times (x 69B)
Class dagger.internal.codegen.model.Binding                                           : loaded 2 times (x 68B)
Class dagger.internal.codegen.javapoet.TypeNames                                      : loaded 2 times (x 69B)
Class dagger.spi.shaded.androidx.room.jarjarred.kotlinx.metadata.internal.metadata.jvm.deserialization.UtfEncodingKt: loaded 2 times (x 69B)
Class com.squareup.javapoet.ArrayTypeName                                             : loaded 2 times (x 79B)
Class dagger.spi.shaded.androidx.room.jarjarred.kotlinx.metadata.internal.metadata.deserialization.VersionRequirementTable: loaded 2 times (x 70B)
Class dagger.spi.shaded.androidx.room.compiler.processing.javac.JavacTypeElement$qualifiedName$2: loaded 2 times (x 77B)
Class dagger.internal.codegen.bindinggraphvalidation.DependencyCycleValidator         : loaded 2 times (x 83B)
Class dagger.spi.shaded.androidx.room.compiler.processing.util.MemoizedSequence       : loaded 2 times (x 73B)
Class dagger.spi.shaded.androidx.room.compiler.processing.javac.JavacBasicAnnotationProcessor$2: loaded 2 times (x 77B)
Class com.google.common.io.ByteArrayDataOutput                                        : loaded 2 times (x 68B)
Class dagger.spi.shaded.androidx.room.jarjarred.kotlinx.metadata.internal.metadata.deserialization.Flags: loaded 2 times (x 69B)
Class dagger.internal.codegen.componentgenerator.ComponentHjarGenerator_Factory       : loaded 2 times (x 75B)
Class dagger.internal.codegen.binding.InjectionAnnotations                            : loaded 2 times (x 70B)
Class com.squareup.kotlinpoet.Annotatable                                             : loaded 2 times (x 68B)
Class dagger.spi.shaded.androidx.room.compiler.processing.javac.kotlin.JvmAbi         : loaded 2 times (x 69B)
Class dagger.internal.codegen.validation.ExternalBindingGraphPlugins                  : loaded 2 times (x 70B)
Class com.google.common.util.concurrent.AbstractFuture$SynchronizedHelper             : loaded 2 times (x 76B)
Class dagger.spi.shaded.androidx.room.jarjarred.kotlinx.metadata.internal.metadata.ProtoBuf$Type$ArgumentOrBuilder: loaded 2 times (x 68B)
Class dagger.internal.codegen.validation.BindsInstanceMethodValidator$Validator       : loaded 2 times (x 75B)
Class dagger.spi.shaded.androidx.room.compiler.processing.javac.JavacFieldElement$getter$2: loaded 2 times (x 77B)
Class dagger.spi.shaded.androidx.room.compiler.processing.javac.JavacProcessingEnv$WhenMappings: loaded 2 times (x 69B)
Class androidx.room.compiler.processing.XBasicAnnotationProcessor                     : loaded 2 times (x 68B)
Class org.gradle.kotlin.dsl.VersionCatalogAccessorsKt                                 : loaded 2 times (x 69B)
Class dagger.spi.shaded.androidx.room.compiler.processing.XProcessingEnvConfig        : loaded 2 times (x 69B)
Class dagger.internal.codegen.writing.ModuleProxies_ModuleConstructorProxyGenerator_Factory: loaded 2 times (x 75B)
Class com.google.common.collect.AbstractMapBasedMultimap$WrappedCollection            : loaded 2 times (x 122B)
Class dagger.spi.shaded.androidx.room.compiler.processing.javac.JavacFieldElement$kotlinMetadata$2: loaded 2 times (x 77B)
Class dagger.spi.shaded.androidx.room.jarjarred.kotlinx.metadata.internal.metadata.deserialization.VersionRequirement$Companion$WhenMappings: loaded 2 times (x 69B)
Class com.google.common.base.Suppliers$SupplierOfInstance                             : loaded 2 times (x 77B)
Class org.objectweb.asm.RecordComponentVisitor                                        : loaded 2 times (x 75B)
Class dagger.hilt.processor.internal.root.RootProcessingStep                          : loaded 2 times (x 85B)
Class dagger.spi.shaded.androidx.room.jarjarred.kotlinx.metadata.internal.metadata.ProtoBuf$Type: loaded 2 times (x 143B)
Class com.google.common.reflect.Types$ClassOwnership$1                                : loaded 2 times (x 78B)
Class com.google.common.reflect.Invokable                                             : loaded 2 times (x 99B)
Class com.google.common.reflect.Types$ClassOwnership$2                                : loaded 2 times (x 78B)
Class dagger.internal.codegen.DaggerDelegateComponentProcessor_Injector$Factory       : loaded 2 times (x 72B)
Class com.google.common.reflect.Types$ClassOwnership$3                                : loaded 2 times (x 69B)
Class dagger.spi.shaded.androidx.room.compiler.processing.XElementKt                  : loaded 2 times (x 69B)
Class dagger.spi.shaded.androidx.room.jarjarred.kotlinx.metadata.internal.metadata.deserialization.BinaryVersion: loaded 2 times (x 71B)
Class org.gradle.internal.service.UnknownServiceException                             : loaded 2 times (x 81B)
Class dagger.internal.codegen.binding.BindingGraphConverter_Factory                   : loaded 2 times (x 75B)
Class dagger.spi.shaded.auto.common.MoreTypes                                         : loaded 2 times (x 69B)
Class com.google.common.cache.LocalCache$HashIterator                                 : loaded 2 times (x 84B)
Class dagger.spi.shaded.androidx.room.compiler.processing.javac.JavacMethodParameter$kotlinMetadata$2: loaded 2 times (x 77B)
Class dagger.spi.shaded.androidx.room.compiler.processing.javac.JavacMethodElement$typeParameters$2: loaded 2 times (x 77B)
Class dagger.spi.shaded.androidx.room.jarjarred.kotlinx.metadata.internal.metadata.ProtoBuf$ValueParameter$1: loaded 2 times (x 142B)
Class dagger.spi.shaded.androidx.room.jarjarred.kotlinx.metadata.internal.metadata.ProtoBuf$PropertyOrBuilder: loaded 2 times (x 68B)
Class [Ldagger.spi.shaded.androidx.room.jarjarred.kotlinx.metadata.internal.protobuf.WireFormat$JavaType;: loaded 2 times (x 67B)
Class dagger.internal.codegen.writing.InjectionMethods                                : loaded 2 times (x 69B)
Class dagger.spi.shaded.androidx.room.jarjarred.kotlinx.metadata.internal.metadata.ProtoBuf$Effect$InvocationKind$1: loaded 2 times (x 72B)
Class dagger.spi.shaded.androidx.room.jarjarred.kotlinx.metadata.KmConstructor        : loaded 2 times (x 75B)
Class dagger.spi.shaded.androidx.room.compiler.processing.InternalXAnnotationValue$Kind: loaded 2 times (x 77B)
Class dagger.spi.shaded.androidx.room.jarjarred.kotlinx.metadata.jvm.JvmFieldSignature: loaded 2 times (x 73B)
Class dagger.internal.codegen.binding.BindsTypeChecker                                : loaded 2 times (x 70B)
Class com.google.common.cache.LocalCache$WriteThroughEntry                            : loaded 2 times (x 77B)
Class org.objectweb.asm.ClassTooLargeException                                        : loaded 2 times (x 81B)
Class dagger.internal.codegen.processingstep.InjectProcessingStep                     : loaded 2 times (x 84B)
Class dagger.internal.codegen.compileroption.ProcessingEnvironmentCompilerOptions$Validation$1: loaded 2 times (x 91B)
Class org.gradle.api.internal.classpath.UnknownModuleException                        : loaded 2 times (x 80B)
Class dagger.spi.shaded.androidx.room.compiler.processing.javac.JavacConstructorElement$executableType$2: loaded 2 times (x 77B)
Class dagger.internal.codegen.validation.BindsOptionalOfMethodValidator_Factory       : loaded 2 times (x 75B)
Class dagger.spi.shaded.androidx.room.compiler.processing.javac.JavacAnnotation$annotationValues$2: loaded 2 times (x 77B)
Class com.google.common.collect.FluentIterable                                        : loaded 2 times (x 79B)
Class com.google.common.util.concurrent.AbstractFuture$Listener                       : loaded 2 times (x 70B)
Class dagger.spi.shaded.androidx.room.compiler.processing.XProcessingEnvConfig$Companion: loaded 2 times (x 69B)
Class com.google.common.reflect.TypeResolver$TypeTable                                : loaded 2 times (x 71B)
Class org.gradle.internal.service.DefaultServiceLocator                               : loaded 2 times (x 81B)
Class com.google.common.collect.Iterables$5                                           : loaded 2 times (x 79B)
Class org.objectweb.asm.Edge                                                          : loaded 2 times (x 70B)
Class dagger.internal.codegen.xprocessing.XElements                                   : loaded 2 times (x 69B)
Class dagger.internal.codegen.bindinggraphvalidation.ProvisionDependencyOnProducerBindingValidator: loaded 2 times (x 83B)
Class dagger.spi.shaded.androidx.room.jarjarred.kotlinx.metadata.internal.protobuf.LazyFieldLite: loaded 2 times (x 80B)
Class dagger.internal.codegen.binding.BindingDeclaration                              : loaded 2 times (x 72B)
Class dagger.spi.shaded.androidx.room.jarjarred.kotlinx.metadata.internal.metadata.jvm.JvmProtoBuf$StringTableTypes$Record$Operation$1: loaded 2 times (x 72B)
Class dagger.spi.shaded.androidx.room.compiler.processing.javac.JavacAnnotationValue  : loaded 2 times (x 153B)
Class com.google.common.collect.ImmutableSetMultimap$Builder                          : loaded 2 times (x 81B)
Class com.google.common.collect.ImmutableBiMap$Builder                                : loaded 2 times (x 80B)
Class dagger.internal.codegen.validation.AnyBindingMethodValidator                    : loaded 2 times (x 73B)
Class com.google.common.collect.ImmutableMapValues                                    : loaded 2 times (x 124B)
Class com.google.common.io.ByteArrayDataInput                                         : loaded 2 times (x 68B)
Class dagger.spi.shaded.androidx.room.jarjarred.kotlinx.metadata.internal.metadata.jvm.JvmProtoBuf$StringTableTypes$Record$Operation: loaded 2 times (x 80B)
Class androidx.room.RoomProcessor                                                     : loaded 2 times (x 96B)
Class net.rubygrapefruit.platform.internal.Platform$Window64Bit                       : loaded 2 times (x 77B)
Class [Lorg.objectweb.asm.SymbolTable$Entry;                                          : loaded 2 times (x 67B)
Class dagger.spi.shaded.androidx.room.compiler.processing.InternalXAnnotationKt       : loaded 2 times (x 69B)
Class dagger.internal.codegen.binding.AutoValue_MembersInjectionBinding_InjectionSite : loaded 2 times (x 75B)
Class com.google.common.reflect.Types$JavaVersion                                     : loaded 2 times (x 81B)
Class dagger.internal.codegen.binding.ContributionBinding$1                           : loaded 2 times (x 69B)
Class dagger.internal.codegen.model.DaggerType                                        : loaded 2 times (x 72B)
Class dagger.internal.codegen.validation.BindingElementValidator$AllowsScoping        : loaded 2 times (x 77B)
Class org.gradle.api.Action                                                           : loaded 2 times (x 68B)
Class com.google.common.cache.CacheBuilder$OneWeigher                                 : loaded 2 times (x 80B)
Class dagger.spi.shaded.androidx.room.jarjarred.kotlinx.metadata.KmProperty           : loaded 2 times (x 79B)
Class dagger.internal.codegen.validation.BindsInstanceMethodValidator                 : loaded 2 times (x 76B)
Class dagger.internal.codegen.validation.BindsMethodValidator_Factory                 : loaded 2 times (x 75B)
Class com.google.common.base.CommonPattern                                            : loaded 2 times (x 72B)
Class dagger.spi.shaded.androidx.room.jarjarred.kotlinx.metadata.internal.protobuf.GeneratedMessageLite: loaded 2 times (x 99B)
Class dagger.spi.shaded.androidx.room.compiler.processing.javac.JavacExecutableElement$thrownTypes$2: loaded 2 times (x 77B)
Class dagger.hilt.processor.internal.HiltProcessingEnvConfigs                         : loaded 2 times (x 69B)
Class dagger.spi.shaded.androidx.room.compiler.processing.XType                       : loaded 2 times (x 68B)
Class dagger.hilt.android.processor.internal.viewmodel.ViewModelProcessingStep        : loaded 2 times (x 85B)
Class dagger.spi.shaded.androidx.room.jarjarred.kotlinx.metadata.internal.metadata.ProtoBuf$ContractOrBuilder: loaded 2 times (x 68B)
Class dagger.hilt.android.processor.internal.bindvalue.BindValueMetadata              : loaded 2 times (x 71B)
Class com.squareup.javapoet.WildcardTypeName                                          : loaded 2 times (x 79B)
Class dagger.internal.codegen.binding.InjectionSiteFactory$InjectionSiteVisitor       : loaded 2 times (x 70B)
Class dagger.internal.codegen.binding.SourceFiles$1                                   : loaded 2 times (x 69B)
Class dagger.spi.shaded.androidx.room.compiler.processing.XMethodType                 : loaded 2 times (x 68B)
Class dagger.spi.shaded.androidx.room.jarjarred.kotlinx.metadata.internal.extensions.MetadataExtensions$Companion$INSTANCES$2: loaded 2 times (x 76B)
Class net.rubygrapefruit.platform.internal.Platform$FreeBSD32Bit                      : loaded 2 times (x 80B)
Class com.squareup.kotlinpoet.Dynamic                                                 : loaded 2 times (x 84B)
Class dagger.spi.shaded.androidx.room.jarjarred.kotlinx.metadata.internal.protobuf.RopeByteString: loaded 2 times (x 108B)
Class com.squareup.javapoet.TypeSpec                                                  : loaded 2 times (x 70B)
Class dagger.spi.shaded.androidx.room.compiler.processing.javac.JavacConstructorElement: loaded 2 times (x 254B)
Class dagger.spi.shaded.androidx.room.jarjarred.kotlinx.metadata.jvm.internal.JvmMetadataExtensions: loaded 2 times (x 101B)
Class dagger.spi.shaded.androidx.room.compiler.processing.XRoundEnv                   : loaded 2 times (x 68B)
Class androidx.room.processor.Context$Companion$ARG_OPTIONS$2                         : loaded 2 times (x 76B)
Class dagger.internal.codegen.xprocessing.XAnnotations                                : loaded 2 times (x 69B)
Class androidx.room.compiler.processing.XProcessingEnvConfig$Companion                : loaded 2 times (x 69B)
Class org.objectweb.asm.ClassVisitor                                                  : loaded 2 times (x 86B)
Class dagger.internal.codegen.bindinggraphvalidation.NullableBindingValidator_Factory : loaded 2 times (x 75B)
Class com.google.common.cache.LoadingCache                                            : loaded 2 times (x 68B)
Class org.gradle.internal.service.ServiceLookupException                              : loaded 2 times (x 80B)
Class dagger.internal.Preconditions                                                   : loaded 2 times (x 69B)
Class dagger.internal.codegen.binding.DependencyRequestFactory_Factory                : loaded 2 times (x 75B)
Class androidx.room.util.SimpleJavaVersion$compareTo$$inlined$compareBy$1             : loaded 2 times (x 87B)
Class kotlin.io.FilesKt__FilePathComponentsKt                                         : loaded 2 times (x 69B)
Class dagger.spi.shaded.androidx.room.compiler.processing.XHasModifiers               : loaded 2 times (x 68B)
Class dagger.spi.shaded.androidx.room.compiler.processing.XElement                    : loaded 2 times (x 68B)
Class dagger.spi.shaded.androidx.room.compiler.processing.javac.kotlin.KmClassContainer$functionByDescriptor$2: loaded 2 times (x 77B)
Class dagger.spi.shaded.androidx.room.jarjarred.kotlinx.metadata.internal.metadata.ProtoBuf$TypeParameter: loaded 2 times (x 128B)
Class androidx.room.compiler.processing.javac.JavacProcessingEnv$typeElementStore$1   : loaded 2 times (x 77B)
Class dagger.spi.shaded.androidx.room.compiler.processing.javac.JavacArrayType$xTypeName$2: loaded 2 times (x 77B)
Class androidx.room.compiler.processing.javac.JavacProcessingEnv$typeElementStore$2   : loaded 2 times (x 76B)
Class androidx.room.compiler.processing.javac.JavacProcessingEnv$typeElementStore$3   : loaded 2 times (x 77B)
Class dagger.spi.shaded.androidx.room.jarjarred.kotlinx.metadata.KmVersionRequirementVersionKind: loaded 2 times (x 77B)
Class dagger.internal.codegen.xprocessing.XAnnotations$1                              : loaded 2 times (x 82B)
Class dagger.spi.shaded.androidx.room.compiler.processing.javac.JavacAnnotationValue$value$2: loaded 2 times (x 77B)
Class dagger.internal.codegen.componentgenerator.ComponentGenerator                   : loaded 2 times (x 75B)
Class org.gradle.cache.GlobalCache                                                    : loaded 2 times (x 68B)
Class dagger.spi.shaded.androidx.room.compiler.processing.javac.JavacTypeElement$DefaultJavacTypeElement: loaded 2 times (x 287B)
Class dagger.internal.codegen.processingstep.TypeCheckingProcessingStep_MembersInjector: loaded 2 times (x 73B)
Class dagger.hilt.processor.internal.aggregateddeps.AggregatedDepsProcessingStep      : loaded 2 times (x 85B)
Class dagger.hilt.processor.internal.uninstallmodules.UninstallModulesProcessingStep  : loaded 2 times (x 85B)
Class com.google.common.base.Present                                                  : loaded 2 times (x 79B)
Class dagger.internal.codegen.binding.AutoValue_FrameworkField                        : loaded 2 times (x 72B)
Class dagger.internal.codegen.binding.ModuleDescriptor_Factory_Factory                : loaded 2 times (x 75B)
Class com.squareup.javapoet.ClassName$1                                               : loaded 2 times (x 95B)
Class dagger.internal.codegen.validation.BindingMethodValidator$ExceptionSuperclass   : loaded 2 times (x 79B)
Class dagger.internal.codegen.validation.BindingElementValidator$ElementValidator     : loaded 2 times (x 75B)
Class dagger.internal.codegen.processingstep.AssistedInjectProcessingStep             : loaded 2 times (x 84B)
Class kotlin.text.DelimitedRangesSequence                                             : loaded 2 times (x 73B)
Class dagger.spi.shaded.auto.common.MoreTypes$TypeEquivalence                         : loaded 2 times (x 80B)
Class dagger.spi.shaded.androidx.room.jarjarred.kotlinx.metadata.internal.metadata.jvm.JvmProtoBuf$StringTableTypesOrBuilder: loaded 2 times (x 68B)
Class dagger.spi.shaded.androidx.room.jarjarred.kotlinx.metadata.internal.metadata.jvm.deserialization.JvmNameResolverBase: loaded 2 times (x 78B)
Class dagger.internal.codegen.bindinggraphvalidation.MapMultibindingValidator         : loaded 2 times (x 83B)
Class dagger.internal.codegen.validation.InjectValidator                              : loaded 2 times (x 73B)
Class [Lorg.gradle.api.internal.ClassPathProvider;                                    : loaded 2 times (x 67B)
Class com.google.common.util.concurrent.AbstractFuture$SafeAtomicHelper               : loaded 2 times (x 77B)
Class dagger.internal.codegen.xprocessing.XTypes$TypeResolutionVisitor                : loaded 2 times (x 99B)
Class dagger.spi.shaded.androidx.room.jarjarred.kotlinx.metadata.internal.metadata.ProtoBuf$Expression$ConstantValue: loaded 2 times (x 80B)
Class com.google.common.reflect.Invokable$MethodInvokable                             : loaded 2 times (x 103B)
Class dagger.internal.codegen.validation.BindingMethodValidatorsModule_IndexValidatorsFactory: loaded 2 times (x 75B)
Class dagger.spi.shaded.androidx.room.jarjarred.kotlinx.metadata.internal.metadata.jvm.deserialization.JvmMemberSignature: loaded 2 times (x 72B)
Class dagger.spi.shaded.androidx.room.jarjarred.kotlinx.metadata.internal.protobuf.CodedOutputStream$OutOfSpaceException: loaded 2 times (x 80B)
Class dagger.spi.shaded.androidx.room.jarjarred.kotlinx.metadata.internal.metadata.ProtoBuf$Type$1: loaded 2 times (x 142B)
Class kotlin.text.DelimitedRangesSequence$iterator$1                                  : loaded 2 times (x 77B)
Class net.rubygrapefruit.platform.internal.Platform$FreeBSD                           : loaded 2 times (x 80B)
Class org.gradle.util.internal.GUtil                                                  : loaded 2 times (x 69B)
Class dagger.internal.codegen.validation.BindingGraphValidator                        : loaded 2 times (x 70B)
Class dagger.internal.codegen.validation.SpiModelBindingGraphConverter$DaggerProcessingEnvImpl: loaded 2 times (x 74B)
Class net.rubygrapefruit.platform.internal.Platform$Unix                              : loaded 2 times (x 80B)
Class com.google.common.io.ByteStreams$1                                              : loaded 2 times (x 83B)
Class androidx.room.processor.Context$ProcessorOptions                                : loaded 2 times (x 77B)
Class dagger.spi.shaded.androidx.room.jarjarred.kotlinx.metadata.jvm.JvmPropertyExtensionVisitor: loaded 2 times (x 80B)
Class kotlin.reflect.jvm.internal.impl.builtins.functions.FunctionClassKind           : loaded 2 times (x 78B)
Class dagger.internal.codegen.bindinggraphvalidation.DuplicateBindingsValidator       : loaded 2 times (x 83B)
Class dagger.hilt.android.processor.internal.viewmodel.ViewModelProcessor             : loaded 2 times (x 98B)
Class [Lcom.google.common.reflect.Types$JavaVersion;                                  : loaded 2 times (x 67B)
Class dagger.spi.shaded.androidx.room.jarjarred.kotlinx.metadata.internal.protobuf.ByteString$Output: loaded 2 times (x 84B)
Class net.rubygrapefruit.platform.Process                                             : loaded 2 times (x 68B)
Class dagger.internal.codegen.base.ContributionType                                   : loaded 2 times (x 77B)
Class dagger.spi.shaded.androidx.room.jarjarred.kotlinx.metadata.jvm.JvmFunctionExtensionVisitor: loaded 2 times (x 78B)
Class dagger.spi.shaded.androidx.room.jarjarred.kotlinx.metadata.KmClassifier$Class   : loaded 2 times (x 70B)
Class org.gradle.internal.classloader.ClassLoaderSpec                                 : loaded 2 times (x 69B)
Class dagger.spi.shaded.androidx.room.compiler.processing.javac.kotlin.KmTypeContainer: loaded 2 times (x 80B)
Class dagger.internal.codegen.binding.AutoValue_MultibindingDeclaration               : loaded 2 times (x 77B)
Class dagger.spi.shaded.androidx.room.jarjarred.kotlinx.metadata.internal.metadata.ProtoBuf$Contract: loaded 2 times (x 105B)
Class dagger.internal.codegen.javapoet.AnnotationSpecs$Suppression                    : loaded 2 times (x 77B)
Class com.google.common.collect.ImmutableSetMultimap$EntrySet                         : loaded 2 times (x 144B)
Class dagger.internal.codegen.model.AutoValue_DaggerAnnotation                        : loaded 2 times (x 75B)
Class dagger.spi.shaded.androidx.room.jarjarred.kotlinx.metadata.internal.extensions.KmPropertyExtension: loaded 2 times (x 68B)
Class dagger.spi.shaded.androidx.room.compiler.processing.javac.JavacTypeElement$type$2: loaded 2 times (x 77B)
Class dagger.internal.codegen.validation.BindsOptionalOfMethodValidator               : loaded 2 times (x 76B)
Class dagger.spi.shaded.androidx.room.compiler.processing.javac.JavacTypeElement$_declaredFields$2: loaded 2 times (x 77B)
Class dagger.hilt.processor.internal.JavacBaseProcessingStepProcessor                 : loaded 2 times (x 98B)
Class com.squareup.javapoet.LineWrapper$1                                             : loaded 2 times (x 69B)
Class dagger.internal.codegen.validation.MultibindsMethodValidator                    : loaded 2 times (x 77B)
Class dagger.spi.shaded.androidx.room.jarjarred.kotlinx.metadata.internal.metadata.ProtoBuf$FunctionOrBuilder: loaded 2 times (x 68B)
Class org.objectweb.asm.Frame                                                         : loaded 2 times (x 71B)
Class com.google.common.cache.LocalCache$LocalManualCache                             : loaded 2 times (x 97B)
Class dagger.internal.codegen.model.AutoValue_DependencyRequest$Builder               : loaded 2 times (x 75B)
Class dagger.spi.shaded.androidx.room.jarjarred.kotlinx.metadata.internal.ReadUtilsKt : loaded 2 times (x 69B)
Class dagger.internal.codegen.compileroption.ProcessingEnvironmentCompilerOptions$KeyOnlyOption$2: loaded 2 times (x 84B)
Class dagger.spi.shaded.androidx.room.compiler.processing.javac.JavacArrayType$equalityItems$2: loaded 2 times (x 77B)
Class dagger.spi.shaded.androidx.room.compiler.processing.InternalXAnnotationValue$Companion: loaded 2 times (x 69B)
Class net.rubygrapefruit.platform.NativeIntegrationUnavailableException               : loaded 2 times (x 80B)
Class com.google.common.cache.CacheLoader$1                                           : loaded 2 times (x 73B)
Class dagger.spi.shaded.androidx.room.compiler.processing.javac.JavacFieldElement     : loaded 2 times (x 225B)
Class net.rubygrapefruit.platform.NativeIntegration                                   : loaded 2 times (x 68B)
Class dagger.internal.codegen.validation.SpiModelBindingGraphConverter                : loaded 2 times (x 69B)
Class dagger.spi.shaded.androidx.room.compiler.processing.javac.JavacMethodParameter  : loaded 2 times (x 223B)
Class dagger.spi.shaded.androidx.room.compiler.processing.javac.XTypeElementStore     : loaded 2 times (x 70B)
Class dagger.spi.shaded.androidx.room.jarjarred.kotlinx.metadata.Flag$Property        : loaded 2 times (x 69B)
Class com.google.common.util.concurrent.AbstractFuture$TrustedFuture                  : loaded 2 times (x 95B)
Class dagger.spi.shaded.androidx.room.compiler.processing.XEnumEntry                  : loaded 2 times (x 68B)
Class dagger.spi.shaded.auto.common.MoreTypes$DeclaredTypeVisitor                     : loaded 2 times (x 100B)
Class [Lkotlin.Pair;                                                                  : loaded 2 times (x 67B)
Class com.squareup.javapoet.ParameterSpec$Builder                                     : loaded 2 times (x 70B)
Class dagger.internal.codegen.compileroption.ProcessingEnvironmentCompilerOptions$KeyOnlyOption$1: loaded 2 times (x 84B)
Class dagger.internal.codegen.writing.ProducerFactoryGenerator$FutureTransform        : loaded 2 times (x 76B)
Class dagger.internal.codegen.base.Util                                               : loaded 2 times (x 69B)
Class dagger.spi.shaded.androidx.room.jarjarred.kotlinx.metadata.internal.metadata.ProtoBuf$TypeParameterOrBuilder: loaded 2 times (x 68B)
Class dagger.internal.codegen.binding.ProvisionBinding$Builder                        : loaded 2 times (x 86B)
Class dagger.spi.shaded.androidx.room.compiler.processing.XExecutableParameterElement : loaded 2 times (x 68B)
Class dagger.spi.shaded.androidx.room.compiler.processing.XFiler                      : loaded 2 times (x 68B)
Class dagger.spi.shaded.auto.common.GeneratedAnnotations                              : loaded 2 times (x 69B)
Class dagger.spi.shaded.androidx.room.compiler.codegen.XTypeName$Companion            : loaded 2 times (x 69B)
Class dagger.spi.shaded.androidx.room.jarjarred.kotlinx.metadata.KmClass              : loaded 2 times (x 96B)
Class dagger.spi.shaded.androidx.room.jarjarred.kotlinx.metadata.KmVersionRequirementLevel: loaded 2 times (x 77B)
Class dagger.spi.shaded.androidx.room.jarjarred.kotlinx.metadata.internal.metadata.ProtoBuf$Effect$EffectType$1: loaded 2 times (x 72B)
Class [Ldagger.spi.shaded.androidx.room.jarjarred.kotlinx.metadata.KmVariance;        : loaded 2 times (x 67B)
Class dagger.internal.codegen.ComponentProcessor                                      : loaded 2 times (x 96B)
Class dagger.spi.shaded.androidx.room.jarjarred.kotlinx.metadata.internal.protobuf.GeneratedMessageLite$ExtensionDescriptor: loaded 2 times (x 82B)
Class dagger.internal.codegen.writing.UnwrappedMapKeyGenerator                        : loaded 2 times (x 78B)
Class com.google.common.collect.Maps$ViewCachingAbstractMap                           : loaded 2 times (x 123B)
Class dagger.internal.codegen.binding.DependencyVariableNamer                         : loaded 2 times (x 69B)
Class dagger.internal.codegen.bindinggraphvalidation.MapMultibindingValidator_Factory : loaded 2 times (x 75B)
Class dagger.internal.codegen.bindinggraphvalidation.IncompatiblyScopedBindingsValidator: loaded 2 times (x 83B)
Class dagger.spi.shaded.androidx.room.compiler.processing.javac.JavacTypeElement$allMethods$1: loaded 2 times (x 77B)
Class kotlin.text.StringsKt__StringsKt$splitToSequence$1                              : loaded 2 times (x 77B)
Class dagger.spi.shaded.androidx.room.compiler.processing.javac.JavacType$typeName$2  : loaded 2 times (x 77B)
Class androidx.room.compiler.processing.XProcessingEnvConfig$Builder                  : loaded 2 times (x 70B)
Class kotlin.io.FilesKt__UtilsKt                                                      : loaded 2 times (x 69B)
Class dagger.internal.codegen.validation.BindingMethodValidatorsModule                : loaded 2 times (x 68B)
Class Settings_gradle$1$1                                                             : loaded 2 times (x 72B)
Class dagger.internal.codegen.model.Scope                                             : loaded 2 times (x 70B)
Class com.google.common.collect.Sets$FilteredSet                                      : loaded 2 times (x 135B)
Class dagger.internal.codegen.validation.BindsMethodValidator                         : loaded 2 times (x 76B)
Class dagger.spi.shaded.androidx.room.compiler.processing.XEnumTypeElementKt          : loaded 2 times (x 69B)
Class dagger.spi.shaded.androidx.room.jarjarred.kotlinx.metadata.internal.protobuf.FieldSet$FieldDescriptorLite: loaded 2 times (x 68B)
Class [Ldagger.internal.codegen.validation.BindingMethodValidator$ExceptionSuperclass;: loaded 2 times (x 67B)
Class com.google.common.collect.FluentIterable$3                                      : loaded 2 times (x 79B)
Class dagger.spi.shaded.androidx.room.jarjarred.kotlinx.metadata.internal.metadata.jvm.JvmProtoBuf$JvmFieldSignature: loaded 2 times (x 106B)
Class net.rubygrapefruit.platform.internal.Platform$MacOs32Bit                        : loaded 2 times (x 80B)
Class dagger.internal.codegen.binding.FrameworkField                                  : loaded 2 times (x 71B)
Class dagger.spi.shaded.androidx.room.jarjarred.kotlinx.metadata.internal.protobuf.Parser: loaded 2 times (x 68B)
Class dagger.spi.shaded.androidx.room.jarjarred.kotlinx.metadata.KmFunctionVisitor    : loaded 2 times (x 79B)
Class com.google.common.collect.FluentIterable$2                                      : loaded 2 times (x 79B)
Class com.google.common.base.MoreObjects                                              : loaded 2 times (x 69B)
Class dagger.spi.shaded.auto.common.Overrides$NativeOverrides                         : loaded 2 times (x 72B)
Class dagger.spi.shaded.androidx.room.compiler.processing.javac.kotlin.KmBaseTypeContainer: loaded 2 times (x 68B)
Class dagger.internal.codegen.binding.ComponentDescriptorFactory                      : loaded 2 times (x 70B)
Class dagger.internal.codegen.binding.$AutoValue_ModuleDescriptor                     : loaded 2 times (x 83B)
Class org.objectweb.asm.SymbolTable                                                   : loaded 2 times (x 70B)
Class dagger.internal.codegen.base.UniqueNameSet                                      : loaded 2 times (x 70B)
Class dagger.spi.shaded.androidx.room.jarjarred.kotlinx.metadata.internal.protobuf.FieldSet: loaded 2 times (x 70B)
Class dagger.internal.codegen.writing.ModuleProxies$ModuleConstructorProxyGenerator   : loaded 2 times (x 75B)
Class [Lorg.objectweb.asm.AnnotationVisitor;                                          : loaded 2 times (x 67B)
Class dagger.spi.shaded.androidx.room.jarjarred.kotlinx.metadata.jvm.internal.JvmExtensionNodesKt: loaded 2 times (x 69B)
Class dagger.spi.shaded.androidx.room.jarjarred.kotlinx.metadata.internal.metadata.ProtoBuf$Function$1: loaded 2 times (x 142B)
Class com.google.common.cache.CacheStats                                              : loaded 2 times (x 69B)
Class dagger.internal.codegen.kotlin.KotlinMetadataFactory                            : loaded 2 times (x 73B)
Class [Ldagger.spi.shaded.androidx.room.compiler.processing.InternalXAnnotationValue$Kind;: loaded 2 times (x 67B)
Class dagger.internal.codegen.validation.ComponentCreatorValidator                    : loaded 2 times (x 73B)
Class org.objectweb.asm.Attribute                                                     : loaded 2 times (x 75B)
Class dagger.spi.shaded.androidx.room.compiler.processing.XConstructorType            : loaded 2 times (x 68B)
Class dagger.spi.model.BindingGraphPlugin                                             : loaded 2 times (x 68B)
Class dagger.spi.shaded.androidx.room.jarjarred.kotlinx.metadata.KmType               : loaded 2 times (x 81B)
Class dagger.internal.InstanceFactory                                                 : loaded 2 times (x 78B)
Class dagger.spi.shaded.androidx.room.compiler.processing.javac.JavacTypeElement$enclosingElement$2: loaded 2 times (x 77B)
Class dagger.internal.codegen.model.AutoValue_DependencyRequest                       : loaded 2 times (x 74B)
Class org.gradle.internal.classloader.VisitableURLClassLoader                         : loaded 2 times (x 115B)
Class com.google.common.cache.LocalCache$LocalLoadingCache                            : loaded 2 times (x 132B)
Class dagger.spi.shaded.androidx.room.jarjarred.kotlinx.metadata.internal.metadata.jvm.JvmProtoBuf$JvmMethodSignature$Builder: loaded 2 times (x 132B)
Class dagger.spi.shaded.androidx.room.jarjarred.kotlinx.metadata.internal.protobuf.AbstractMessageLite$Builder: loaded 2 times (x 120B)
Class dagger.internal.codegen.binding.InjectionSiteFactory                            : loaded 2 times (x 70B)
Class dagger.spi.shaded.androidx.room.jarjarred.kotlinx.metadata.internal.protobuf.Internal$EnumLiteMap: loaded 2 times (x 68B)
Class dagger.internal.codegen.DaggerDelegateComponentProcessor_Injector$TopLevelImplementationComponentFactory: loaded 2 times (x 73B)
Class com.squareup.javapoet.ParameterSpec                                             : loaded 2 times (x 70B)
Class dagger.spi.shaded.androidx.room.compiler.processing.javac.JavacMethodElement$executableType$2: loaded 2 times (x 77B)
Class dagger.internal.codegen.binding.InjectBindingRegistry                           : loaded 2 times (x 68B)
Class dagger.spi.shaded.androidx.room.compiler.processing.javac.JavacElement$equalityItems$2: loaded 2 times (x 77B)
Class dagger.spi.shaded.androidx.room.compiler.processing.XExecutableType             : loaded 2 times (x 68B)
Class com.google.common.collect.ImmutableMap$IteratorBasedImmutableMap$1EntrySetImpl  : loaded 2 times (x 150B)
Class [Ldagger.internal.codegen.compileroption.ProcessingEnvironmentCompilerOptions$EnumOption;: loaded 2 times (x 67B)
Class kotlin.io.FilesKt__FileTreeWalkKt                                               : loaded 2 times (x 69B)
Class dagger.internal.codegen.binding.ModuleDescriptor$Factory                        : loaded 2 times (x 73B)
Class com.google.common.collect.ImmutableBiMap$SerializedForm                         : loaded 2 times (x 73B)
Class com.google.common.base.Objects                                                  : loaded 2 times (x 69B)
Class com.google.common.util.concurrent.AbstractFuture$AtomicHelper                   : loaded 2 times (x 76B)
Class kotlin.reflect.jvm.internal.ReflectProperties$LazyVal                           : loaded 2 times (x 73B)
Class org.gradle.internal.Cast                                                        : loaded 2 times (x 69B)
Class dagger.spi.shaded.androidx.room.jarjarred.kotlinx.metadata.jvm.JvmPropertyExtensionVisitor$Companion: loaded 2 times (x 69B)
Class dagger.internal.codegen.binding.ContributionBinding                             : loaded 2 times (x 88B)
Class com.squareup.kotlinpoet.ClassName$Companion                                     : loaded 2 times (x 69B)
Class dagger.internal.codegen.DelegateComponentProcessor$SourceFileGeneratorsModule   : loaded 2 times (x 68B)
Class com.google.common.hash.PrimitiveSink                                            : loaded 2 times (x 68B)
Class dagger.internal.codegen.bindinggraphvalidation.DependencyCycleValidator_Factory : loaded 2 times (x 75B)
Class com.squareup.javapoet.TypeVariableName                                          : loaded 2 times (x 79B)
Class dagger.spi.shaded.androidx.room.jarjarred.kotlinx.metadata.internal.protobuf.ByteString: loaded 2 times (x 106B)
Class com.squareup.javapoet.Util                                                      : loaded 2 times (x 69B)
Class androidx.room.compiler.processing.javac.JavacBasicAnnotationProcessor$xEnv$2    : loaded 2 times (x 77B)
Class dagger.internal.codegen.componentgenerator.ComponentGenerator_Factory           : loaded 2 times (x 75B)
Class androidx.room.compiler.processing.javac.JavacProcessingEnv                      : loaded 2 times (x 113B)
Class dagger.internal.codegen.validation.ExternalBindingGraphPlugins_Factory          : loaded 2 times (x 75B)
Class org.gradle.api.internal.ClassPathRegistry                                       : loaded 2 times (x 68B)
Class dagger.spi.shaded.androidx.room.jarjarred.kotlinx.metadata.InconsistentKotlinMetadataException: loaded 2 times (x 80B)
Class dagger.internal.codegen.validation.ComponentHierarchyValidator                  : loaded 2 times (x 70B)
Class dagger.internal.codegen.compileroption.ProcessingEnvironmentCompilerOptions$KeyOnlyOption: loaded 2 times (x 84B)
Class dagger.spi.shaded.androidx.room.compiler.processing.XProcessingEnv$Backend      : loaded 2 times (x 77B)
Class [Lcom.squareup.javapoet.ClassName;                                              : loaded 2 times (x 67B)
Class dagger.spi.shaded.androidx.room.jarjarred.kotlinx.metadata.internal.metadata.ProtoBuf$Contract$1: loaded 2 times (x 142B)
Class dagger.spi.shaded.androidx.room.jarjarred.kotlinx.metadata.internal.protobuf.InvalidProtocolBufferException: loaded 2 times (x 82B)
Class com.google.common.cache.LocalCache$EntryFactory                                 : loaded 2 times (x 81B)
Class [Landroidx.room.processor.Context$ProcessorOptions;                             : loaded 2 times (x 67B)
Class com.google.common.collect.FluentIterable$1                                      : loaded 2 times (x 79B)
Class com.google.common.util.concurrent.UncheckedExecutionException                   : loaded 2 times (x 80B)
Class com.squareup.javapoet.JavaFile$1                                                : loaded 2 times (x 77B)
Class dagger.internal.codegen.DelegateComponentProcessor_SourceFileGeneratorsModule_ProducerFactoryGeneratorFactory: loaded 2 times (x 75B)
Class org.gradle.internal.classloader.VisitableURLClassLoader$InstrumentingVisitableURLClassLoader: loaded 2 times (x 121B)
Class dagger.spi.shaded.androidx.room.jarjarred.kotlinx.metadata.internal.metadata.ProtoBuf$Property$1: loaded 2 times (x 142B)
Class org.gradle.internal.classloader.ClassLoaderHierarchy                            : loaded 2 times (x 68B)
Class dagger.internal.codegen.bindinggraphvalidation.SetMultibindingValidator_Factory : loaded 2 times (x 74B)
Class dagger.internal.codegen.binding.FrameworkType$1                                 : loaded 2 times (x 82B)
Class dagger.spi.shaded.androidx.room.jarjarred.kotlinx.metadata.internal.protobuf.SmallSortedMap$Entry: loaded 2 times (x 86B)
Class dagger.spi.shaded.androidx.room.compiler.processing.javac.JavacBasicAnnotationProcessor$commonDelegate$2: loaded 2 times (x 77B)
Class dagger.internal.codegen.binding.FrameworkType$2                                 : loaded 2 times (x 82B)
Class dagger.internal.codegen.model.AutoValue_Key                                     : loaded 2 times (x 78B)
Class dagger.spi.shaded.androidx.room.compiler.processing.javac.JavacAnnotation$defaultValues$2: loaded 2 times (x 77B)
Class [Ldagger.spi.shaded.androidx.room.jarjarred.kotlinx.metadata.internal.metadata.ProtoBuf$TypeParameter$Variance;: loaded 2 times (x 67B)
Class dagger.internal.codegen.bindinggraphvalidation.CompositeBindingGraphPlugin_Factory_Impl: loaded 2 times (x 73B)
Class kotlin.sequences.SequencesKt___SequencesJvmKt                                   : loaded 2 times (x 69B)
Class dagger.internal.codegen.binding.FrameworkType$3                                 : loaded 2 times (x 69B)
Class dagger.internal.codegen.DelegateComponentProcessor_SourceFileGeneratorsModule_ModuleConstructorProxyGeneratorFactory: loaded 2 times (x 75B)
Class org.gradle.api.internal.classpath.DefaultModuleRegistry                         : loaded 2 times (x 84B)
Class dagger.spi.shaded.androidx.room.compiler.processing.XEquality                   : loaded 2 times (x 68B)
Class dagger.internal.codegen.writing.FactoryGenerator$1                              : loaded 2 times (x 69B)
Class dagger.spi.shaded.androidx.room.jarjarred.kotlinx.metadata.internal.metadata.ProtoBuf$Constructor$1: loaded 2 times (x 142B)
Class dagger.spi.shaded.androidx.room.compiler.processing.InternalXAnnotated          : loaded 2 times (x 68B)
Class com.google.common.cache.RemovalListener                                         : loaded 2 times (x 68B)
Class com.squareup.javapoet.JavaFile$Builder                                          : loaded 2 times (x 70B)
Class dagger.spi.shaded.androidx.room.compiler.processing.javac.JavacMethodElement$parameters$2: loaded 2 times (x 77B)
Class dagger.spi.shaded.androidx.room.jarjarred.kotlinx.metadata.internal.protobuf.LiteralByteString: loaded 2 times (x 110B)
Class dagger.spi.shaded.androidx.room.compiler.codegen.XTypeNameKt                    : loaded 2 times (x 69B)
Class dagger.spi.shaded.androidx.room.compiler.processing.ksp.KSTypeJavaPoetExtKt$typeVarNameConstructor$2: loaded 2 times (x 76B)
Class com.google.common.cache.CacheBuilder$NullListener                               : loaded 2 times (x 80B)
Class [Ldagger.internal.codegen.model.BindingKind;                                    : loaded 2 times (x 67B)
Class dagger.spi.shaded.androidx.room.jarjarred.kotlinx.metadata.internal.protobuf.SmallSortedMap$EmptySet$1: loaded 2 times (x 76B)
Class dagger.spi.shaded.androidx.room.jarjarred.kotlinx.metadata.internal.protobuf.SmallSortedMap$EmptySet$2: loaded 2 times (x 76B)
Class org.gradle.internal.classpath.ClassPath                                         : loaded 2 times (x 68B)
Class dagger.spi.shaded.androidx.room.compiler.processing.javac.JavacTypeElement$_declaredMethods$2: loaded 2 times (x 77B)
Class dagger.internal.codegen.binding.BindingGraph$TopLevelBindingGraph               : loaded 2 times (x 97B)
Class dagger.internal.codegen.processingstep.InjectProcessingStep_Factory             : loaded 2 times (x 75B)
Class dagger.internal.codegen.ProcessingEnvironmentModule                             : loaded 2 times (x 68B)
Class com.google.common.io.Closer$Suppressor                                          : loaded 2 times (x 68B)
Class dagger.internal.codegen.binding.KeyFactory_Factory                              : loaded 2 times (x 75B)
Class [Landroidx.room.processor.Context$BooleanProcessorOptions;                      : loaded 2 times (x 67B)
Class com.squareup.kotlinpoet.TagMap                                                  : loaded 2 times (x 77B)
Class dagger.internal.codegen.base.DaggerSuperficialValidation$ValidationException$KnownErrorType: loaded 2 times (x 81B)
Class dagger.Lazy                                                                     : loaded 2 times (x 68B)
Class com.google.common.cache.CacheLoader$SupplierToCacheLoader                       : loaded 2 times (x 73B)
Class dagger.internal.codegen.writing.ProducerFactoryGenerator$SingleArgFutureTransform: loaded 2 times (x 76B)
Class net.rubygrapefruit.platform.internal.LibraryDef                                 : loaded 2 times (x 70B)
Class [Lorg.objectweb.asm.Type;                                                       : loaded 2 times (x 67B)
Class com.squareup.kotlinpoet.TypeName                                                : loaded 2 times (x 84B)
Class dagger.spi.shaded.androidx.room.jarjarred.kotlinx.metadata.KmConstructorExtensionVisitor: loaded 2 times (x 68B)
Class dagger.spi.shaded.androidx.room.jarjarred.kotlinx.metadata.internal.metadata.jvm.JvmProtoBuf$StringTableTypes: loaded 2 times (x 108B)
Class dagger.internal.codegen.writing.MembersInjectorGenerator_Factory                : loaded 2 times (x 75B)
Class dagger.spi.shaded.androidx.room.jarjarred.kotlinx.metadata.internal.metadata.ProtoBuf$TypeParameter$1: loaded 2 times (x 142B)
Class dagger.spi.shaded.androidx.room.jarjarred.kotlinx.metadata.KmVariance           : loaded 2 times (x 77B)
Class dagger.spi.shaded.androidx.room.jarjarred.kotlinx.metadata.internal.metadata.ProtoBuf$TypeOrBuilder: loaded 2 times (x 68B)
Class dagger.internal.codegen.bindinggraphvalidation.DependsOnProductionExecutorValidator_Factory: loaded 2 times (x 75B)
Class kotlin.sequences.TransformingSequence$iterator$1                                : loaded 2 times (x 77B)
Class com.google.common.base.AbstractIterator$State                                   : loaded 2 times (x 77B)
Class dagger.internal.codegen.base.ClearableCache                                     : loaded 2 times (x 68B)
Class dagger.spi.shaded.androidx.room.jarjarred.kotlinx.metadata.internal.metadata.jvm.JvmProtoBuf$JvmPropertySignature: loaded 2 times (x 112B)
Class [Lkotlin.reflect.jvm.internal.impl.builtins.functions.FunctionClassKind;        : loaded 2 times (x 67B)
Class dagger.internal.codegen.base.RequestKinds$1                                     : loaded 2 times (x 69B)
Class dagger.internal.codegen.validation.ProvidesMethodValidator                      : loaded 2 times (x 76B)
Class dagger.spi.shaded.androidx.room.compiler.processing.XBasicAnnotationProcessor   : loaded 2 times (x 68B)
Class com.google.common.cache.Weigher                                                 : loaded 2 times (x 68B)
Class dagger.spi.shaded.androidx.room.jarjarred.kotlinx.metadata.internal.metadata.deserialization.VersionRequirement: loaded 2 times (x 70B)
Class kotlin.jvm.internal.TypeIntrinsics                                              : loaded 2 times (x 69B)
Class dagger.spi.shaded.androidx.room.compiler.processing.XExecutableElement          : loaded 2 times (x 68B)
Class dagger.internal.codegen.base.DaggerSuperficialValidation$1                      : loaded 2 times (x 69B)
Class dagger.internal.codegen.model.BindingGraph                                      : loaded 2 times (x 91B)
Class dagger.internal.codegen.validation.AnyBindingMethodValidator_Factory            : loaded 2 times (x 75B)
Class com.squareup.javapoet.CodeWriter$Multiset                                       : loaded 2 times (x 70B)
Class dagger.hilt.processor.internal.earlyentrypoint.EarlyEntryPointProcessingStep    : loaded 2 times (x 85B)
Class org.gradle.internal.InternalTransformer                                         : loaded 2 times (x 68B)
Class dagger.spi.shaded.androidx.room.jarjarred.kotlinx.metadata.internal.metadata.ProtoBuf$VersionRequirement: loaded 2 times (x 114B)
Class dagger.internal.codegen.writing.InaccessibleMapKeyProxyGenerator_Factory        : loaded 2 times (x 75B)
Class dagger.spi.shaded.androidx.room.jarjarred.kotlinx.metadata.internal.metadata.ProtoBuf$MemberKind: loaded 2 times (x 80B)
Class dagger.spi.shaded.androidx.room.jarjarred.kotlinx.metadata.internal.metadata.ProtoBuf$Expression$ConstantValue$1: loaded 2 times (x 72B)
Class [Ldagger.spi.shaded.androidx.room.jarjarred.kotlinx.metadata.internal.metadata.jvm.JvmProtoBuf$StringTableTypes$Record$Operation;: loaded 2 times (x 67B)
Class dagger.internal.codegen.writing.ProducerFactoryGenerator$MultiArgFutureTransform: loaded 2 times (x 76B)
Class dagger.internal.codegen.validation.BindsInstanceMethodValidator_Factory         : loaded 2 times (x 75B)
Class com.squareup.javapoet.AnnotationSpec                                            : loaded 2 times (x 70B)
Class org.gradle.internal.service.ServiceLocator                                      : loaded 2 times (x 68B)
Class androidx.room.compiler.processing.javac.JavacBasicAnnotationProcessor           : loaded 2 times (x 96B)
Class Settings_gradle$1                                                               : loaded 2 times (x 72B)
Class dagger.spi.shaded.androidx.room.compiler.processing.javac.kotlin.KmValueParameterContainer: loaded 2 times (x 73B)
Class com.squareup.javapoet.JavaFile                                                  : loaded 2 times (x 70B)
Class net.rubygrapefruit.platform.internal.Platform$Linux                             : loaded 2 times (x 81B)
Class dagger.spi.shaded.androidx.room.compiler.processing.XEnumTypeElement            : loaded 2 times (x 68B)
Class com.google.common.collect.ImmutableMap$MapViewOfValuesAsSingletonSets$1$1       : loaded 2 times (x 81B)
Class com.google.common.util.concurrent.SettableFuture                                : loaded 2 times (x 95B)
Class org.objectweb.asm.Label                                                         : loaded 2 times (x 71B)
Class dagger.spi.shaded.androidx.room.jarjarred.kotlinx.metadata.jvm.JvmFunctionExtensionVisitor$Companion: loaded 2 times (x 69B)
Class dagger.internal.codegen.validation.BindingElementValidator$AllowsMultibindings  : loaded 2 times (x 77B)
Class net.rubygrapefruit.platform.NativeException                                     : loaded 2 times (x 80B)
Class dagger.spi.shaded.androidx.room.jarjarred.kotlinx.metadata.internal.metadata.deserialization.VersionRequirement$Version: loaded 2 times (x 69B)
Class dagger.spi.shaded.androidx.room.jarjarred.kotlinx.metadata.internal.metadata.jvm.JvmProtoBuf$JvmFieldSignatureOrBuilder: loaded 2 times (x 68B)
Class androidx.room.compiler.processing.XFiler                                        : loaded 2 times (x 68B)
Class kotlin.text.StringsKt__StringsKt$rangesDelimitedBy$2                            : loaded 2 times (x 77B)
Class net.rubygrapefruit.platform.Native                                              : loaded 2 times (x 69B)
Class dagger.spi.shaded.androidx.room.compiler.processing.javac.JavacMethodElement$kotlinDefaultImplClass$2: loaded 2 times (x 77B)
Class dagger.spi.shaded.androidx.room.jarjarred.kotlinx.metadata.internal.extensions.KmConstructorExtension: loaded 2 times (x 68B)
Class dagger.internal.codegen.binding.OptionalBindingDeclaration$Factory              : loaded 2 times (x 71B)
Class com.google.common.reflect.Types$ParameterizedTypeImpl                           : loaded 2 times (x 79B)
Class com.google.common.collect.Maps$EntryFunction                                    : loaded 2 times (x 89B)
Class net.rubygrapefruit.platform.internal.Platform$Window32Bit                       : loaded 2 times (x 77B)
Class [Lcom.squareup.javapoet.TypeSpec$Kind;                                          : loaded 2 times (x 67B)
Class dagger.spi.shaded.androidx.room.jarjarred.kotlinx.metadata.internal.metadata.jvm.JvmProtoBuf$StringTableTypes$RecordOrBuilder: loaded 2 times (x 68B)
Class com.google.common.io.ByteStreams                                                : loaded 2 times (x 69B)
Class dagger.internal.Factory                                                         : loaded 2 times (x 68B)
Class dagger.internal.codegen.bindinggraphvalidation.BindingGraphValidationModule     : loaded 2 times (x 68B)
Class [Ldagger.internal.codegen.base.ContributionType;                                : loaded 2 times (x 67B)
Class dagger.spi.shaded.androidx.room.jarjarred.kotlinx.metadata.internal.protobuf.SmallSortedMap$EmptySet: loaded 2 times (x 69B)
Class dagger.internal.codegen.binding.AutoValue_DelegateDeclaration                   : loaded 2 times (x 81B)
Class dagger.spi.shaded.androidx.room.jarjarred.kotlinx.metadata.internal.metadata.jvm.JvmProtoBuf: loaded 2 times (x 69B)
Class dagger.hilt.android.processor.internal.androidentrypoint.AndroidEntryPointProcessingStep: loaded 2 times (x 85B)
Class dagger.internal.codegen.componentgenerator.TopLevelImplementationComponent      : loaded 2 times (x 68B)
Class org.gradle.internal.classloader.ClassLoaderVisitor                              : loaded 2 times (x 74B)
Class dagger.internal.codegen.model.BindingGraph$Node                                 : loaded 2 times (x 68B)
Class dagger.internal.codegen.kotlin.KotlinMetadataUtil                               : loaded 2 times (x 70B)
Class [Ldagger.internal.codegen.binding.FrameworkType;                                : loaded 2 times (x 67B)
Class dagger.internal.codegen.processingstep.MonitoringModuleGenerator_Factory        : loaded 2 times (x 75B)
Class kotlin.io.TerminateException                                                    : loaded 2 times (x 80B)
Class dagger.internal.codegen.writing.FactoryGenerator$FactoryCreationStrategy        : loaded 2 times (x 77B)
Class dagger.internal.codegen.validation.DependencyRequestValidator                   : loaded 2 times (x 70B)
Class dagger.spi.shaded.androidx.room.jarjarred.kotlinx.metadata.Flag$Class           : loaded 2 times (x 69B)
Class org.objectweb.asm.AnnotationWriter                                              : loaded 2 times (x 77B)
Class [Ldagger.internal.codegen.validation.BindingElementValidator$AllowsMultibindings;: loaded 2 times (x 67B)
Class dagger.internal.codegen.bindinggraphvalidation.SubcomponentFactoryMethodValidator: loaded 2 times (x 83B)
Class dagger.spi.shaded.androidx.room.compiler.processing.javac.JavacProcessingEnv$messager$2: loaded 2 times (x 77B)
Class com.google.common.reflect.Types$JavaVersion$1                                   : loaded 2 times (x 81B)
Class dagger.hilt.android.processor.internal.bindvalue.BindValueProcessor             : loaded 2 times (x 98B)
Class com.google.common.reflect.Types$JavaVersion$2                                   : loaded 2 times (x 81B)
Class dagger.internal.codegen.processingstep.BindingMethodProcessingStep              : loaded 2 times (x 84B)
Class com.google.common.reflect.Types$JavaVersion$3                                   : loaded 2 times (x 81B)
Class org.gradle.internal.classpath.DefaultClassPath$ImmutableUniqueList              : loaded 2 times (x 159B)
Class dagger.spi.shaded.androidx.room.jarjarred.kotlinx.metadata.KmClassifier         : loaded 2 times (x 69B)
Class com.google.common.reflect.Types$JavaVersion$4                                   : loaded 2 times (x 81B)
Class dagger.spi.shaded.auto.common.MoreTypes$ArrayTypeVisitor                        : loaded 2 times (x 100B)
Class com.google.common.reflect.Types$JavaVersion$5                                   : loaded 2 times (x 69B)
Class dagger.spi.shaded.androidx.room.compiler.processing.javac.kotlin.KmFunctionContainer: loaded 2 times (x 68B)
Class dagger.spi.shaded.androidx.room.jarjarred.kotlinx.metadata.internal.protobuf.GeneratedMessageLite$ExtendableMessage: loaded 2 times (x 111B)
Class dagger.spi.shaded.androidx.room.jarjarred.kotlinx.metadata.internal.protobuf.FieldSet$1: loaded 2 times (x 69B)
Class dagger.spi.shaded.androidx.room.jarjarred.kotlinx.metadata.internal.protobuf.CodedOutputStream$ByteBufferOutputStream: loaded 2 times (x 84B)
Class dagger.internal.codegen.binding.FrameworkType                                   : loaded 2 times (x 82B)
Class dagger.internal.SingleCheck                                                     : loaded 2 times (x 73B)
Class [Ldagger.spi.shaded.androidx.room.jarjarred.kotlinx.metadata.internal.protobuf.WireFormat$FieldType;: loaded 2 times (x 67B)
Class dagger.internal.codegen.DelegateComponentProcessor_SourceFileGeneratorsModule_MembersInjectorGeneratorFactory: loaded 2 times (x 75B)
Class androidx.room.processor.Context$BooleanProcessorOptions                         : loaded 2 times (x 78B)
Class dagger.spi.shaded.androidx.room.compiler.processing.InternalXAnnotation$valuesByName$2: loaded 2 times (x 77B)
Class dagger.spi.shaded.androidx.room.jarjarred.kotlinx.metadata.KmTypeProjection     : loaded 2 times (x 70B)
Class org.gradle.internal.classpath.TransformedClassPath                              : loaded 2 times (x 94B)
Class dagger.internal.codegen.bindinggraphvalidation.SetMultibindingValidator         : loaded 2 times (x 83B)
Class dagger.spi.shaded.androidx.room.compiler.processing.XMessager                   : loaded 2 times (x 71B)
Class dagger.spi.shaded.androidx.room.jarjarred.kotlinx.metadata.internal.protobuf.CodedOutputStream: loaded 2 times (x 70B)
Class dagger.internal.codegen.base.DaggerSuperficialValidation$ValidationException$UnknownErrorType: loaded 2 times (x 81B)
Class dagger.internal.codegen.xprocessing.XTypes                                      : loaded 2 times (x 69B)
Class androidx.room.util.SimpleJavaVersion$compareTo$$inlined$thenBy$1                : loaded 2 times (x 88B)
Class com.google.common.reflect.TypeToken$SimpleTypeToken                             : loaded 2 times (x 71B)
Class dagger.spi.shaded.androidx.room.jarjarred.kotlinx.metadata.internal.protobuf.RopeByteString$RopeInputStream: loaded 2 times (x 90B)
Class dagger.internal.codegen.binding.MultibindingDeclaration_Factory_Factory         : loaded 2 times (x 75B)
Class dagger.internal.codegen.compileroption.CompilerOptions                          : loaded 2 times (x 92B)
Class androidx.room.util.SimpleJavaVersion$compareTo$$inlined$thenBy$2                : loaded 2 times (x 88B)
Class com.squareup.javapoet.CodeBlock$CodeBlockJoiner                                 : loaded 2 times (x 70B)
Class dagger.internal.codegen.bindinggraphvalidation.CompositeBindingGraphPlugin$Factory: loaded 2 times (x 68B)
Class com.google.common.util.concurrent.AbstractFuture$Trusted                        : loaded 2 times (x 68B)
Class [Ldagger.spi.shaded.androidx.room.jarjarred.kotlinx.metadata.KmVersionRequirementLevel;: loaded 2 times (x 67B)
Class dagger.spi.shaded.androidx.room.jarjarred.kotlinx.metadata.internal.metadata.deserialization.ProtoBufUtilKt: loaded 2 times (x 69B)
Class dagger.spi.shaded.androidx.room.jarjarred.kotlinx.metadata.internal.metadata.jvm.deserialization.JvmNameResolverKt: loaded 2 times (x 69B)
Class [Ldagger.internal.codegen.compileroption.ProcessingEnvironmentCompilerOptions$Validation;: loaded 2 times (x 67B)
Class [Ldagger.spi.shaded.androidx.room.jarjarred.kotlinx.metadata.Flag;              : loaded 2 times (x 67B)
Class com.squareup.javapoet.TypeSpec$Builder                                          : loaded 2 times (x 70B)
Class dagger.internal.codegen.validation.ProducesMethodValidator                      : loaded 2 times (x 76B)
Class [Ldagger.internal.codegen.base.ComponentCreatorKind;                            : loaded 2 times (x 67B)
Class dagger.internal.codegen.binding.Nullability                                     : loaded 2 times (x 71B)
Class dagger.internal.codegen.validation.MultibindsMethodValidator_Factory            : loaded 2 times (x 75B)
Class dagger.internal.codegen.validation.ComponentValidator                           : loaded 2 times (x 73B)
Class [Ldagger.spi.shaded.androidx.room.jarjarred.kotlinx.metadata.internal.metadata.ProtoBuf$Effect$EffectType;: loaded 2 times (x 67B)
Class com.google.common.reflect.Types$NativeTypeVariableEquals                        : loaded 2 times (x 69B)
Class Settings_gradle                                                                 : loaded 2 times (x 126B)
Class dagger.internal.codegen.processingstep.MapKeyProcessingStep_Factory             : loaded 2 times (x 75B)
Class dagger.spi.shaded.androidx.room.compiler.processing.javac.JavacTypeElement$allFieldsIncludingPrivateSupers$1: loaded 2 times (x 77B)
Class com.google.common.collect.Maps$KeySet                                           : loaded 2 times (x 135B)
Class dagger.internal.codegen.validation.BindsInstanceParameterValidator$Validator    : loaded 2 times (x 75B)
Class com.google.common.collect.EmptyImmutableSetMultimap                             : loaded 2 times (x 178B)
Class dagger.spi.shaded.androidx.room.jarjarred.kotlinx.metadata.KmValueParameter     : loaded 2 times (x 75B)
Class dagger.internal.codegen.validation.DiagnosticReporterFactory_Factory            : loaded 2 times (x 75B)
Class dagger.hilt.processor.internal.root.ComponentTreeDepsProcessingStep             : loaded 2 times (x 85B)
Class com.squareup.javapoet.TypeName$1                                                : loaded 2 times (x 107B)
Class dagger.spi.shaded.androidx.room.jarjarred.kotlinx.metadata.internal.metadata.jvm.JvmProtoBuf$StringTableTypes$Record$1: loaded 2 times (x 142B)
Class dagger.internal.codegen.validation.ProvidesMethodValidator$Validator            : loaded 2 times (x 78B)
Class org.objectweb.asm.ModuleVisitor                                                 : loaded 2 times (x 79B)
Class [Ldagger.internal.codegen.compileroption.ProcessingEnvironmentCompilerOptions$KeyOnlyOption;: loaded 2 times (x 67B)
Class dagger.spi.shaded.androidx.room.jarjarred.kotlinx.metadata.internal.ReadersKt$WhenMappings: loaded 2 times (x 69B)
Class com.google.common.collect.Lists$TransformingRandomAccessList                    : loaded 2 times (x 159B)
Class dagger.spi.shaded.androidx.room.jarjarred.kotlinx.metadata.internal.metadata.deserialization.Flags$EnumLiteFlagField: loaded 2 times (x 74B)
Class dagger.spi.shaded.androidx.room.compiler.processing.XFieldElement               : loaded 2 times (x 68B)
Class com.google.common.collect.AbstractMapBasedMultimap$WrappedCollection$WrappedIterator: loaded 2 times (x 82B)
Class dagger.internal.codegen.processingstep.AssistedFactoryProcessingStep            : loaded 2 times (x 84B)
Class dagger.spi.shaded.androidx.room.jarjarred.kotlinx.metadata.jvm.JvmExtensionsKt  : loaded 2 times (x 69B)
Class org.objectweb.asm.MethodWriter                                                  : loaded 2 times (x 104B)
Class dagger.spi.shaded.androidx.room.jarjarred.kotlinx.metadata.KmExtensionType      : loaded 2 times (x 70B)
Class dagger.internal.codegen.base.DaggerSuperficialValidation$ValidationException    : loaded 2 times (x 81B)
Class dagger.spi.shaded.androidx.room.compiler.processing.XMethodElement              : loaded 2 times (x 68B)
Class dagger.spi.shaded.androidx.room.compiler.processing.XAnnotated                  : loaded 2 times (x 68B)
Class dagger.internal.codegen.processingstep.ProcessingStepsModule_ProcessingStepsFactory: loaded 2 times (x 75B)
Class dagger.internal.codegen.binding.KeyFactory                                      : loaded 2 times (x 70B)
Class com.google.common.base.PatternCompiler                                          : loaded 2 times (x 68B)
Class [Lcom.google.common.cache.CacheBuilder$NullListener;                            : loaded 2 times (x 67B)
Class dagger.spi.shaded.androidx.room.jarjarred.kotlinx.metadata.internal.extensions.KmTypeExtension: loaded 2 times (x 68B)
Class dagger.spi.shaded.androidx.room.jarjarred.kotlinx.metadata.internal.metadata.ProtoBuf$VersionRequirementOrBuilder: loaded 2 times (x 68B)
Class dagger.spi.shaded.androidx.room.jarjarred.kotlinx.metadata.internal.metadata.jvm.JvmProtoBuf$JvmPropertySignature$1: loaded 2 times (x 142B)
Class dagger.spi.shaded.androidx.room.compiler.processing.javac.kotlin.KmClassContainer$type$2: loaded 2 times (x 77B)
Class dagger.spi.shaded.androidx.room.compiler.processing.javac.JavacType$typeElement$2: loaded 2 times (x 77B)
Class dagger.spi.shaded.auto.common.MoreElements$TypeElementVisitor                   : loaded 2 times (x 91B)
Class dagger.spi.shaded.androidx.room.compiler.processing.XConstructorElement         : loaded 2 times (x 68B)
Class dagger.internal.codegen.validation.InjectValidator_Factory                      : loaded 2 times (x 75B)
Class dagger.internal.codegen.processingstep.ComponentProcessingStep_Factory          : loaded 2 times (x 75B)
Class dagger.internal.codegen.writing.MembersInjectorGenerator                        : loaded 2 times (x 75B)
Class com.squareup.javapoet.MethodSpec                                                : loaded 2 times (x 70B)
Class com.google.common.collect.Multimaps                                             : loaded 2 times (x 69B)
Class net.rubygrapefruit.platform.internal.FunctionResult$Failure                     : loaded 2 times (x 77B)
Class [Ldagger.spi.shaded.androidx.room.compiler.processing.XProcessingEnv$Backend;   : loaded 2 times (x 67B)
Class dagger.internal.codegen.base.DaggerSuperficialValidation$ValidationException$UnexpectedException: loaded 2 times (x 81B)
Class dagger.spi.shaded.androidx.room.jarjarred.kotlinx.metadata.KmPropertyVisitor    : loaded 2 times (x 78B)
Class dagger.spi.shaded.androidx.room.jarjarred.kotlinx.metadata.internal.ReadContext : loaded 2 times (x 70B)
Class dagger.spi.shaded.androidx.room.jarjarred.kotlinx.metadata.internal.metadata.ProtoBuf$Property: loaded 2 times (x 146B)
Class dagger.internal.codegen.bindinggraphvalidation.DependsOnProductionExecutorValidator: loaded 2 times (x 83B)
Class dagger.internal.codegen.processingstep.MonitoringModuleProcessingStep           : loaded 2 times (x 84B)
Class com.google.common.util.concurrent.ExecutionError                                : loaded 2 times (x 80B)
Class dagger.spi.shaded.androidx.room.jarjarred.kotlinx.metadata.internal.metadata.ProtoBuf$VersionRequirement$Level$1: loaded 2 times (x 72B)
Class dagger.internal.codegen.validation.ValidationReport                             : loaded 2 times (x 70B)
Class dagger.spi.shaded.androidx.room.jarjarred.kotlinx.metadata.internal.protobuf.BoundedByteString: loaded 2 times (x 110B)
Class [Ldagger.spi.shaded.androidx.room.jarjarred.kotlinx.metadata.internal.metadata.ProtoBuf$Visibility;: loaded 2 times (x 67B)
Class dagger.spi.shaded.androidx.room.jarjarred.kotlinx.metadata.KmVersionRequirement : loaded 2 times (x 73B)
Class dagger.spi.shaded.androidx.room.jarjarred.kotlinx.metadata.internal.metadata.ProtoBuf$Class: loaded 2 times (x 178B)
Class dagger.spi.shaded.androidx.room.jarjarred.kotlinx.metadata.internal.protobuf.WireFormat$FieldType: loaded 2 times (x 81B)
Class androidx.room.Database                                                          : loaded 2 times (x 68B)
Class com.google.common.io.Closer$SuppressingSuppressor                               : loaded 2 times (x 73B)
Class com.google.devtools.ksp.symbol.KSNode                                           : loaded 2 times (x 68B)
Class dagger.internal.codegen.binding.DependencyRequestFactory                        : loaded 2 times (x 70B)
Class com.google.common.collect.AbstractIterator$1                                    : loaded 2 times (x 69B)
Class dagger.spi.shaded.androidx.room.compiler.processing.javac.JavacTypeElement$JavacEnumTypeElement: loaded 2 times (x 335B)
Class dagger.spi.shaded.androidx.room.jarjarred.kotlinx.metadata.jvm.internal.JvmFunctionExtension: loaded 2 times (x 83B)
Class dagger.internal.codegen.bindinggraphvalidation.IncompatiblyScopedBindingsValidator_Factory: loaded 2 times (x 75B)
Class com.google.common.cache.LocalCache                                              : loaded 2 times (x 185B)
Class dagger.internal.codegen.bindinggraphvalidation.MissingBindingValidator          : loaded 2 times (x 83B)
Class dagger.hilt.android.processor.internal.AndroidClassNames                        : loaded 2 times (x 69B)
Class dagger.internal.codegen.compileroption.ProcessingEnvironmentCompilerOptions     : loaded 2 times (x 93B)
Class dagger.spi.shaded.androidx.room.compiler.processing.XProcessingEnvConfig$Builder: loaded 2 times (x 70B)
Class [Lcom.google.common.cache.LocalCache$Strength;                                  : loaded 2 times (x 67B)
Class dagger.spi.shaded.androidx.room.jarjarred.kotlinx.metadata.KmTypeVisitor        : loaded 2 times (x 80B)
Class dagger.internal.codegen.base.DaggerSuperficialValidation_Factory                : loaded 2 times (x 75B)
Class dagger.internal.codegen.bindinggraphvalidation.MissingBindingValidator_Factory  : loaded 2 times (x 75B)
Class dagger.spi.shaded.androidx.room.jarjarred.kotlinx.metadata.internal.protobuf.UninitializedMessageException: loaded 2 times (x 82B)
Class com.google.common.collect.SortedSetMultimap                                     : loaded 2 times (x 68B)
Class com.google.common.util.concurrent.AbstractFuture$UnsafeAtomicHelper$1           : loaded 2 times (x 74B)
Class org.gradle.internal.classpath.DefaultClassPath$ImmutableUniqueList$Builder      : loaded 2 times (x 73B)
Class dagger.internal.codegen.binding.$AutoValue_ProvisionBinding$Builder             : loaded 2 times (x 101B)
Class dagger.spi.shaded.androidx.room.compiler.processing.XParameterizable            : loaded 2 times (x 68B)
Class androidx.room.compiler.processing.javac.JavacProcessingEnv$Companion            : loaded 2 times (x 69B)
Class dagger.internal.codegen.binding.Binding                                         : loaded 2 times (x 81B)
Class dagger.spi.shaded.androidx.room.compiler.processing.javac.JavacTypeElement$kotlinMetadata$2: loaded 2 times (x 77B)
Class dagger.internal.codegen.processingstep.ProcessingStepsModule                    : loaded 2 times (x 68B)
Class com.squareup.kotlinpoet.TypeName$cachedString$2                                 : loaded 2 times (x 77B)
Class dagger.spi.shaded.androidx.room.compiler.processing.javac.JavacType$xTypeName$2 : loaded 2 times (x 77B)
Class dagger.internal.codegen.binding.ComponentDescriptorFactory_Factory              : loaded 2 times (x 75B)
Class dagger.internal.codegen.model.Key                                               : loaded 2 times (x 76B)
Class dagger.spi.shaded.androidx.room.jarjarred.kotlinx.metadata.jvm.JvmMethodSignature: loaded 2 times (x 73B)
Class dagger.spi.shaded.androidx.room.compiler.processing.XTypeKt                     : loaded 2 times (x 69B)
Class [Lnet.ltgt.gradle.incap.IncrementalAnnotationProcessorType;                     : loaded 2 times (x 67B)
Class dagger.internal.codegen.binding.DependencyRequestFormatter                      : loaded 2 times (x 84B)
Class dagger.spi.shaded.androidx.room.compiler.processing.javac.JavacMethodElement    : loaded 2 times (x 267B)
Class dagger.hilt.processor.internal.aliasof.AliasOfProcessor                         : loaded 2 times (x 98B)
Class org.gradle.internal.installation.GradleInstallation                             : loaded 2 times (x 73B)
Class dagger.internal.codegen.kotlin.KotlinMetadataFactory_Factory$InstanceHolder     : loaded 2 times (x 69B)
Class dagger.hilt.processor.internal.BadInputException                                : loaded 2 times (x 80B)
Class com.google.common.reflect.Invokable$ConstructorInvokable                        : loaded 2 times (x 103B)
Class dagger.spi.shaded.androidx.room.compiler.processing.javac.JavacElement$docComment$2: loaded 2 times (x 77B)
Class dagger.internal.codegen.validation.ComponentValidator_Factory                   : loaded 2 times (x 75B)
Class dagger.spi.shaded.androidx.room.jarjarred.kotlinx.metadata.internal.metadata.ProtoBuf$ValueParameter: loaded 2 times (x 126B)
Class org.objectweb.asm.MethodVisitor                                                 : loaded 2 times (x 103B)
Class dagger.spi.shaded.androidx.room.jarjarred.kotlinx.metadata.internal.metadata.ProtoBuf$Type$Argument$Projection$1: loaded 2 times (x 72B)
Class dagger.spi.shaded.androidx.room.jarjarred.kotlinx.metadata.internal.metadata.deserialization.BinaryVersion$Companion: loaded 2 times (x 69B)
Class dagger.spi.shaded.androidx.room.jarjarred.kotlinx.metadata.internal.metadata.jvm.deserialization.JvmMemberSignature$Field: loaded 2 times (x 73B)
Class dagger.spi.shaded.androidx.room.compiler.processing.javac.JavacProcessingEnv$Companion: loaded 2 times (x 69B)
Class dagger.hilt.processor.internal.originatingelement.OriginatingElementProcessingStep: loaded 2 times (x 85B)
Class com.google.common.collect.AbstractMapBasedMultimap$KeySet$1                     : loaded 2 times (x 80B)
Class dagger.spi.shaded.androidx.room.compiler.processing.XMemberContainer            : loaded 2 times (x 68B)
Class com.google.common.reflect.TypeCapture                                           : loaded 2 times (x 69B)
Class dagger.internal.codegen.bindinggraphvalidation.CompositeBindingGraphPlugin_Factory: loaded 2 times (x 70B)
Class kotlin.io.CloseableKt                                                           : loaded 2 times (x 69B)
Class androidx.room.compiler.processing.XProcessingEnv                                : loaded 2 times (x 68B)
Class dagger.internal.codegen.processingstep.AssistedProcessingStep                   : loaded 2 times (x 84B)
Class [Ldagger.spi.shaded.androidx.room.jarjarred.kotlinx.metadata.internal.metadata.ProtoBuf$Type$Argument$Projection;: loaded 2 times (x 67B)
Class dagger.spi.shaded.androidx.room.jarjarred.kotlinx.metadata.internal.protobuf.AbstractParser: loaded 2 times (x 142B)


---------------  S Y S T E M  ---------------

OS:
 Windows 10 , 64 bit Build 19041 (10.0.19041.4717)
OS uptime: 14 days 1:20 hours

CPU: total 4 (initial active 4) (2 cores per cpu, 2 threads per core) family 6 model 78 stepping 3 microcode 0xcc, cx8, cmov, fxsr, ht, mmx, 3dnowpref, sse, sse2, sse3, ssse3, sse4.1, sse4.2, popcnt, lzcnt, tsc, tscinvbit, avx, avx2, aes, erms, clmul, bmi1, bmi2, adx, fma, vzeroupper, clflush, clflushopt
Processor Information for all 4 processors :
  Max Mhz: 2592, Current Mhz: 2492, Mhz Limit: 2488

Memory: 4k page, system-wide physical 7989M (628M free)
TotalPageFile size 20416M (AvailPageFile size 56M)
current process WorkingSet (physical memory assigned to process): 564M, peak: 647M
current process commit charge ("private bytes"): 773M, peak: 911M

vm_info: OpenJDK 64-Bit Server VM (17.0.10+0--11609105) for windows-amd64 JRE (17.0.10+0--11609105), built on Mar 21 2024 19:10:56 by "androidbuild" with MS VC++ 16.10 / 16.11 (VS2019)

END.
