#
# There is insufficient memory for the Java Runtime Environment to continue.
# Native memory allocation (malloc) failed to allocate 32744 bytes for ChunkPool::allocate
# Possible reasons:
#   The system is out of physical RAM or swap space
#   The process is running with CompressedOops enabled, and the Java Heap may be blocking the growth of the native heap
# Possible solutions:
#   Reduce memory load on the system
#   Increase physical memory or swap space
#   Check if swap backing store is full
#   Decrease Java heap size (-Xmx/-Xms)
#   Decrease number of Java threads
#   Decrease Java thread stack sizes (-Xss)
#   Set larger code cache with -XX:ReservedCodeCacheSize=
#   JVM is running with Unscaled Compressed Oops mode in which the Java heap is
#     placed in the first 4GB address space. The Java Heap base address is the
#     maximum limit for the native heap growth. Please use -XX:HeapBaseMinAddress
#     to set the Java Heap base and to place the Java Heap above 4GB virtual address.
# This output file may be truncated or incomplete.
#
#  Out of Memory Error (arena.cpp:79), pid=396, tid=9532
#
# JRE version: OpenJDK Runtime Environment (17.0.10) (build 17.0.10+0--11609105)
# Java VM: OpenJDK 64-Bit Server VM (17.0.10+0--11609105, mixed mode, tiered, compressed oops, compressed class ptrs, g1 gc, windows-amd64)
# No core dump will be written. Minidumps are not enabled by default on client versions of Windows
#

---------------  S U M M A R Y ------------

Command Line: --add-opens=java.base/java.util=ALL-UNNAMED --add-opens=java.base/java.lang=ALL-UNNAMED --add-opens=java.base/java.lang.invoke=ALL-UNNAMED --add-opens=java.prefs/java.util.prefs=ALL-UNNAMED --add-opens=java.base/java.nio.charset=ALL-UNNAMED --add-opens=java.base/java.net=ALL-UNNAMED --add-opens=java.base/java.util.concurrent.atomic=ALL-UNNAMED -Xmx2048m -Dfile.encoding=UTF-8 -Duser.country=US -Duser.language=en -Duser.variant -javaagent:C:\Users\sadra\.gradle\wrapper\dists\gradle-8.7-bin\wrapper\dists\gradle-8.7-bin\bhs2wmbdwecv87pi65oeuq5iu\gradle-8.7\lib\agents\gradle-instrumentation-agent-8.7.jar org.gradle.launcher.daemon.bootstrap.GradleDaemon 8.7

Host: Intel(R) Core(TM) i7-6500U CPU @ 2.50GHz, 4 cores, 7G,  Windows 10 , 64 bit Build 19041 (10.0.19041.4717)
Time: Thu Sep 12 07:08:28 2024 Iran Standard Time elapsed time: 356.820055 seconds (0d 0h 5m 56s)

---------------  T H R E A D  ---------------

Current thread (0x000001dd4dff9910):  JavaThread "C2 CompilerThread0" daemon [_thread_in_native, id=9532, stack(0x000000b1c9300000,0x000000b1c9400000)]


Current CompileTask:
C2: 356820 19366       4       org.gradle.internal.instantiation.generator.AbstractClassGenerator::inspectType (560 bytes)

Stack: [0x000000b1c9300000,0x000000b1c9400000]
Native frames: (J=compiled Java code, j=interpreted, Vv=VM code, C=native code)
V  [jvm.dll+0x688de9]
V  [jvm.dll+0x8423da]
V  [jvm.dll+0x84401e]
V  [jvm.dll+0x844683]
V  [jvm.dll+0x24be0f]
V  [jvm.dll+0xac721]
V  [jvm.dll+0xacb6c]
V  [jvm.dll+0x37117c]
V  [jvm.dll+0x572728]
V  [jvm.dll+0x571740]
V  [jvm.dll+0x572343]
V  [jvm.dll+0x336189]
V  [jvm.dll+0x3355fa]
V  [jvm.dll+0x21daa1]
V  [jvm.dll+0x21cec1]
V  [jvm.dll+0x1a60ad]
V  [jvm.dll+0x22cd78]
V  [jvm.dll+0x22aeb0]
V  [jvm.dll+0x7f6877]
V  [jvm.dll+0x7f0c7a]
V  [jvm.dll+0x687c65]
C  [ucrtbase.dll+0x21bb2]
C  [KERNEL32.DLL+0x17374]
C  [ntdll.dll+0x4cc91]


---------------  P R O C E S S  ---------------

Threads class SMR info:
_java_thread_list=0x000001dd58332cd0, length=78, elements={
0x000001dd349f8c60, 0x000001dd4e00d620, 0x000001dd4e00e4a0, 0x000001dd4dff4ed0,
0x000001dd4dff78a0, 0x000001dd4dff8260, 0x000001dd4dff8c20, 0x000001dd4dff9910,
0x000001dd4e1d71d0, 0x000001dd4e1da3a0, 0x000001dd4e28b5c0, 0x000001dd4e3a5cf0,
0x000001dd53957e10, 0x000001dd551ebe60, 0x000001dd548c1e70, 0x000001dd54d43a30,
0x000001dd54d44960, 0x000001dd54d44e70, 0x000001dd54d43f40, 0x000001dd54d44450,
0x000001dd55b128a0, 0x000001dd55b10020, 0x000001dd541f3c90, 0x000001dd57dcf2c0,
0x000001dd57dc9cb0, 0x000001dd57dcabe0, 0x000001dd5d640110, 0x000001dd5d642480,
0x000001dd5d646b60, 0x000001dd5d646650, 0x000001dd5d6442e0, 0x000001dd5d642990,
0x000001dd5d63f6f0, 0x000001dd5d642ea0, 0x000001dd5d6433b0, 0x000001dd5d6447f0,
0x000001dd5d647070, 0x000001dd5d6438c0, 0x000001dd5d644d00, 0x000001dd5d645c30,
0x000001dd5d640620, 0x000001dd57c9b8e0, 0x000001dd57c9c810, 0x000001dd57c9cd20,
0x000001dd582937d0, 0x000001dd58294c10, 0x000001dd582932c0, 0x000001dd582941f0,
0x000001dd5465d070, 0x000001dd5465b720, 0x000001dd5465bc30, 0x000001dd58294700,
0x000001dd58293ce0, 0x000001dd5465c140, 0x000001dd5465c650, 0x000001dd5d646140,
0x000001dd5d640b30, 0x000001dd5d6012c0, 0x000001dd5d5ffe80, 0x000001dd5d6008a0,
0x000001dd5d641040, 0x000001dd58343670, 0x000001dd5d5ff460, 0x000001dd5d601ce0,
0x000001dd5d600390, 0x000001dd5d641550, 0x000001dd5d641a60, 0x000001dd57dcbb10,
0x000001dd57dcca40, 0x000001dd5d600db0, 0x000001dd57dcde80, 0x000001dd57c9b3d0,
0x000001dd57c9bdf0, 0x000001dd57dca1c0, 0x000001dd57724570, 0x000001dd58343b80,
0x000001dd58345ef0, 0x000001dd57dc2d80
}

Java Threads: ( => current thread )
  0x000001dd349f8c60 JavaThread "main" [_thread_blocked, id=21164, stack(0x000000b1c8600000,0x000000b1c8700000)]
  0x000001dd4e00d620 JavaThread "Reference Handler" daemon [_thread_blocked, id=11892, stack(0x000000b1c8d00000,0x000000b1c8e00000)]
  0x000001dd4e00e4a0 JavaThread "Finalizer" daemon [_thread_blocked, id=20792, stack(0x000000b1c8e00000,0x000000b1c8f00000)]
  0x000001dd4dff4ed0 JavaThread "Signal Dispatcher" daemon [_thread_blocked, id=11316, stack(0x000000b1c8f00000,0x000000b1c9000000)]
  0x000001dd4dff78a0 JavaThread "Attach Listener" daemon [_thread_blocked, id=5600, stack(0x000000b1c9000000,0x000000b1c9100000)]
  0x000001dd4dff8260 JavaThread "Service Thread" daemon [_thread_blocked, id=17052, stack(0x000000b1c9100000,0x000000b1c9200000)]
  0x000001dd4dff8c20 JavaThread "Monitor Deflation Thread" daemon [_thread_blocked, id=8316, stack(0x000000b1c9200000,0x000000b1c9300000)]
=>0x000001dd4dff9910 JavaThread "C2 CompilerThread0" daemon [_thread_in_native, id=9532, stack(0x000000b1c9300000,0x000000b1c9400000)]
  0x000001dd4e1d71d0 JavaThread "C1 CompilerThread0" daemon [_thread_blocked, id=20836, stack(0x000000b1c9400000,0x000000b1c9500000)]
  0x000001dd4e1da3a0 JavaThread "Sweeper thread" daemon [_thread_blocked, id=16272, stack(0x000000b1c9500000,0x000000b1c9600000)]
  0x000001dd4e28b5c0 JavaThread "Common-Cleaner" daemon [_thread_blocked, id=8020, stack(0x000000b1c9600000,0x000000b1c9700000)]
  0x000001dd4e3a5cf0 JavaThread "Notification Thread" daemon [_thread_blocked, id=21884, stack(0x000000b1c9700000,0x000000b1c9800000)]
  0x000001dd53957e10 JavaThread "Daemon health stats" [_thread_blocked, id=3788, stack(0x000000b1c9d00000,0x000000b1c9e00000)]
  0x000001dd551ebe60 JavaThread "Incoming local TCP Connector on port 63719" [_thread_in_native, id=9676, stack(0x000000b1c9e00000,0x000000b1c9f00000)]
  0x000001dd548c1e70 JavaThread "Daemon periodic checks" [_thread_blocked, id=9984, stack(0x000000b1c9f00000,0x000000b1ca000000)]
  0x000001dd54d43a30 JavaThread "Cache worker for journal cache (C:\Users\sadra\.gradle\wrapper\dists\gradle-8.7-bin\caches\journal-1)" [_thread_blocked, id=12844, stack(0x000000b1c9900000,0x000000b1c9a00000)]
  0x000001dd54d44960 JavaThread "File lock request listener" [_thread_in_native, id=21324, stack(0x000000b1ca700000,0x000000b1ca800000)]
  0x000001dd54d44e70 JavaThread "Cache worker for file hash cache (C:\Users\sadra\.gradle\wrapper\dists\gradle-8.7-bin\caches\8.7\fileHashes)" [_thread_blocked, id=12808, stack(0x000000b1ca800000,0x000000b1ca900000)]
  0x000001dd54d43f40 JavaThread "File watcher server" daemon [_thread_in_native, id=11008, stack(0x000000b1cab00000,0x000000b1cac00000)]
  0x000001dd54d44450 JavaThread "File watcher consumer" daemon [_thread_blocked, id=15376, stack(0x000000b1cac00000,0x000000b1cad00000)]
  0x000001dd55b128a0 JavaThread "Cache worker for file content cache (C:\Users\sadra\.gradle\wrapper\dists\gradle-8.7-bin\caches\8.7\fileContent)" [_thread_blocked, id=6020, stack(0x000000b1cb000000,0x000000b1cb100000)]
  0x000001dd55b10020 JavaThread "Memory manager" [_thread_blocked, id=24732, stack(0x000000b1cbb00000,0x000000b1cbc00000)]
  0x000001dd541f3c90 JavaThread "pool-3-thread-1" [_thread_blocked, id=13556, stack(0x000000b1cbe00000,0x000000b1cbf00000)]
  0x000001dd57dcf2c0 JavaThread "Daemon Thread 2" [_thread_blocked, id=23316, stack(0x000000b1c8300000,0x000000b1c8400000)]
  0x000001dd57dc9cb0 JavaThread "Daemon worker Thread 2" [_thread_blocked, id=24344, stack(0x000000b1ca000000,0x000000b1ca100000)]
  0x000001dd57dcabe0 JavaThread "pool-7-thread-1" [_thread_blocked, id=2828, stack(0x000000b1cb500000,0x000000b1cb600000)]
  0x000001dd5d640110 JavaThread "Handler for socket connection from /127.0.0.1:63719 to /127.0.0.1:64203" [_thread_in_native, id=24132, stack(0x000000b1ca200000,0x000000b1ca300000)]
  0x000001dd5d642480 JavaThread "Cancel handler" [_thread_blocked, id=22820, stack(0x000000b1ca300000,0x000000b1ca400000)]
  0x000001dd5d646b60 JavaThread "Asynchronous log dispatcher for DefaultDaemonConnection: socket connection from /127.0.0.1:63719 to /127.0.0.1:64203" [_thread_blocked, id=12908, stack(0x000000b1ca400000,0x000000b1ca500000)]
  0x000001dd5d646650 JavaThread "Stdin handler" [_thread_blocked, id=10192, stack(0x000000b1ca500000,0x000000b1ca600000)]
  0x000001dd5d6442e0 JavaThread "Daemon client event forwarder" [_thread_blocked, id=4640, stack(0x000000b1ca600000,0x000000b1ca700000)]
  0x000001dd5d642990 JavaThread "Cache worker for file hash cache (E:\myprojects\TotanPay\.gradle\8.7\fileHashes)" [_thread_blocked, id=2732, stack(0x000000b1ca900000,0x000000b1caa00000)]
  0x000001dd5d63f6f0 JavaThread "Cache worker for checksums cache (E:\myprojects\TotanPay\.gradle\8.7\checksums)" [_thread_blocked, id=17556, stack(0x000000b1caa00000,0x000000b1cab00000)]
  0x000001dd5d642ea0 JavaThread "Cache worker for cache directory md-supplier (C:\Users\sadra\.gradle\wrapper\dists\gradle-8.7-bin\caches\8.7\md-supplier)" [_thread_blocked, id=19032, stack(0x000000b1cad00000,0x000000b1cae00000)]
  0x000001dd5d6433b0 JavaThread "Cache worker for cache directory md-rule (C:\Users\sadra\.gradle\wrapper\dists\gradle-8.7-bin\caches\8.7\md-rule)" [_thread_blocked, id=9488, stack(0x000000b1cae00000,0x000000b1caf00000)]
  0x000001dd5d6447f0 JavaThread "Cache worker for Build Output Cleanup Cache (E:\myprojects\TotanPay\.gradle\buildOutputCleanup)" [_thread_blocked, id=784, stack(0x000000b1caf00000,0x000000b1cb000000)]
  0x000001dd5d647070 JavaThread "Unconstrained build operations" [_thread_blocked, id=14720, stack(0x000000b1cb200000,0x000000b1cb300000)]
  0x000001dd5d6438c0 JavaThread "Unconstrained build operations Thread 2" [_thread_blocked, id=17640, stack(0x000000b1cb400000,0x000000b1cb500000)]
  0x000001dd5d644d00 JavaThread "Unconstrained build operations Thread 3" [_thread_blocked, id=24684, stack(0x000000b1cb600000,0x000000b1cb700000)]
  0x000001dd5d645c30 JavaThread "build event listener" [_thread_blocked, id=7668, stack(0x000000b1cb800000,0x000000b1cb900000)]
  0x000001dd5d640620 JavaThread "build event listener" [_thread_blocked, id=11808, stack(0x000000b1cb900000,0x000000b1cba00000)]
  0x000001dd57c9b8e0 JavaThread "pool-10-thread-1" [_thread_blocked, id=14396, stack(0x000000b1cba00000,0x000000b1cbb00000)]
  0x000001dd57c9c810 JavaThread "build event listener" [_thread_blocked, id=10924, stack(0x000000b1cbc00000,0x000000b1cbd00000)]
  0x000001dd57c9cd20 JavaThread "included builds" [_thread_blocked, id=20212, stack(0x000000b1cbd00000,0x000000b1cbe00000)]
  0x000001dd582937d0 JavaThread "Execution worker" [_thread_blocked, id=26336, stack(0x000000b1cbf00000,0x000000b1cc000000)]
  0x000001dd58294c10 JavaThread "Execution worker Thread 2" [_thread_blocked, id=18812, stack(0x000000b1cc000000,0x000000b1cc100000)]
  0x000001dd582932c0 JavaThread "Execution worker Thread 3" [_thread_blocked, id=19712, stack(0x000000b1cc100000,0x000000b1cc200000)]
  0x000001dd582941f0 JavaThread "Cache worker for execution history cache (E:\myprojects\TotanPay\.gradle\8.7\executionHistory)" [_thread_blocked, id=9144, stack(0x000000b1cc200000,0x000000b1cc300000)]
  0x000001dd5465d070 JavaThread "Unconstrained build operations Thread 4" [_thread_blocked, id=21044, stack(0x000000b1cc400000,0x000000b1cc500000)]
  0x000001dd5465b720 JavaThread "Unconstrained build operations Thread 5" [_thread_blocked, id=3208, stack(0x000000b1cc500000,0x000000b1cc600000)]
  0x000001dd5465bc30 JavaThread "Unconstrained build operations Thread 6" [_thread_blocked, id=16348, stack(0x000000b1cc600000,0x000000b1cc700000)]
  0x000001dd58294700 JavaThread "Unconstrained build operations Thread 7" [_thread_blocked, id=9408, stack(0x000000b1cc700000,0x000000b1cc800000)]
  0x000001dd58293ce0 JavaThread "Unconstrained build operations Thread 8" [_thread_blocked, id=8892, stack(0x000000b1cc800000,0x000000b1cc900000)]
  0x000001dd5465c140 JavaThread "Unconstrained build operations Thread 9" [_thread_blocked, id=13340, stack(0x000000b1cc900000,0x000000b1cca00000)]
  0x000001dd5465c650 JavaThread "Unconstrained build operations Thread 10" [_thread_blocked, id=19292, stack(0x000000b1cca00000,0x000000b1ccb00000)]
  0x000001dd5d646140 JavaThread "Unconstrained build operations Thread 11" [_thread_blocked, id=2352, stack(0x000000b1ccb00000,0x000000b1ccc00000)]
  0x000001dd5d640b30 JavaThread "Unconstrained build operations Thread 12" [_thread_blocked, id=3668, stack(0x000000b1ccc00000,0x000000b1ccd00000)]
  0x000001dd5d6012c0 JavaThread "Unconstrained build operations Thread 13" [_thread_blocked, id=20184, stack(0x000000b1ccd00000,0x000000b1cce00000)]
  0x000001dd5d5ffe80 JavaThread "Unconstrained build operations Thread 14" [_thread_blocked, id=4492, stack(0x000000b1cce00000,0x000000b1ccf00000)]
  0x000001dd5d6008a0 JavaThread "Unconstrained build operations Thread 15" [_thread_blocked, id=11744, stack(0x000000b1ccf00000,0x000000b1cd000000)]
  0x000001dd5d641040 JavaThread "Unconstrained build operations Thread 16" [_thread_blocked, id=12012, stack(0x000000b1cd000000,0x000000b1cd100000)]
  0x000001dd58343670 JavaThread "WorkerExecutor Queue" [_thread_blocked, id=16356, stack(0x000000b1cd100000,0x000000b1cd200000)]
  0x000001dd5d5ff460 JavaThread "Unconstrained build operations Thread 17" [_thread_blocked, id=8016, stack(0x000000b1cd200000,0x000000b1cd300000)]
  0x000001dd5d601ce0 JavaThread "Unconstrained build operations Thread 18" [_thread_blocked, id=23952, stack(0x000000b1cd300000,0x000000b1cd400000)]
  0x000001dd5d600390 JavaThread "Unconstrained build operations Thread 19" [_thread_blocked, id=2600, stack(0x000000b1cd400000,0x000000b1cd500000)]
  0x000001dd5d641550 JavaThread "RMI Scheduler(0)" daemon [_thread_blocked, id=16424, stack(0x000000b1cd500000,0x000000b1cd600000)]
  0x000001dd5d641a60 JavaThread "RMI GC Daemon" daemon [_thread_blocked, id=16164, stack(0x000000b1cd700000,0x000000b1cd800000)]
  0x000001dd57dcbb10 JavaThread "RMI TCP Accept-0" daemon [_thread_in_native, id=21892, stack(0x000000b1cd800000,0x000000b1cd900000)]
  0x000001dd57dcca40 JavaThread "RMI Reaper" [_thread_blocked, id=26428, stack(0x000000b1cd900000,0x000000b1cda00000)]
  0x000001dd5d600db0 JavaThread "RMI TCP Connection(1)-127.0.0.1" daemon [_thread_in_native, id=17428, stack(0x000000b1cda00000,0x000000b1cdb00000)]
  0x000001dd57dcde80 JavaThread "Unconstrained build operations Thread 20" [_thread_blocked, id=4164, stack(0x000000b1cdb00000,0x000000b1cdc00000)]
  0x000001dd57c9b3d0 JavaThread "WorkerExecutor Queue Thread 2" [_thread_blocked, id=23200, stack(0x000000b1cc300000,0x000000b1cc400000)]
  0x000001dd57c9bdf0 JavaThread "RMI TCP Connection(2)-127.0.0.1" daemon [_thread_in_native, id=24956, stack(0x000000b1cde00000,0x000000b1cdf00000)]
  0x000001dd57dca1c0 JavaThread "Unconstrained build operations Thread 21" [_thread_blocked, id=13436, stack(0x000000b1cdf00000,0x000000b1ce000000)]
  0x000001dd57724570 JavaThread "WorkerExecutor Queue Thread 3" [_thread_blocked, id=25276, stack(0x000000b1cd600000,0x000000b1cd700000)]
  0x000001dd58343b80 JavaThread "WorkerExecutor Queue Thread 4" [_thread_in_native, id=16344, stack(0x000000b1ce000000,0x000000b1ce100000)]
  0x000001dd58345ef0 JavaThread "WorkerExecutor Queue Thread 5" [_thread_blocked, id=24228, stack(0x000000b1ce100000,0x000000b1ce200000)]
  0x000001dd57dc2d80 JavaThread "C2 CompilerThread1" daemon [_thread_in_native, id=15664, stack(0x000000b1cb700000,0x000000b1cb800000)]

Other Threads:
  0x000001dd4dfe9fd0 VMThread "VM Thread" [stack: 0x000000b1c8c00000,0x000000b1c8d00000] [id=13628]
  0x000001dd4e3ef5d0 WatcherThread [stack: 0x000000b1c9800000,0x000000b1c9900000] [id=9820]
  0x000001dd34a55120 GCTaskThread "GC Thread#0" [stack: 0x000000b1c8700000,0x000000b1c8800000] [id=25892]
  0x000001dd4e6ac5b0 GCTaskThread "GC Thread#1" [stack: 0x000000b1c9a00000,0x000000b1c9b00000] [id=3136]
  0x000001dd4e6ac870 GCTaskThread "GC Thread#2" [stack: 0x000000b1c9b00000,0x000000b1c9c00000] [id=21976]
  0x000001dd538ccfe0 GCTaskThread "GC Thread#3" [stack: 0x000000b1c9c00000,0x000000b1c9d00000] [id=6696]
  0x000001dd34a66070 ConcurrentGCThread "G1 Main Marker" [stack: 0x000000b1c8800000,0x000000b1c8900000] [id=6724]
  0x000001dd34a66a90 ConcurrentGCThread "G1 Conc#0" [stack: 0x000000b1c8900000,0x000000b1c8a00000] [id=25304]
  0x000001dd4de420c0 ConcurrentGCThread "G1 Refine#0" [stack: 0x000000b1c8a00000,0x000000b1c8b00000] [id=11052]
  0x000001dd551e9fe0 ConcurrentGCThread "G1 Refine#1" [stack: 0x000000b1cb100000,0x000000b1cb200000] [id=11192]
  0x000001dd4de42af0 ConcurrentGCThread "G1 Service" [stack: 0x000000b1c8b00000,0x000000b1c8c00000] [id=4204]

Threads with active compile tasks:
C2 CompilerThread0   356854 19366       4       org.gradle.internal.instantiation.generator.AbstractClassGenerator::inspectType (560 bytes)
C2 CompilerThread1   356854 19379       4       sun.nio.fs.WindowsPath::relativize (391 bytes)

VM state: not at safepoint (normal execution)

VM Mutex/Monitor currently owned by a thread: None

Heap address: 0x0000000080000000, size: 2048 MB, Compressed Oops mode: 32-bit

CDS archive(s) not mapped
Compressed class space mapped at: 0x0000000100000000-0x0000000140000000, reserved size: 1073741824
Narrow klass base: 0x0000000000000000, Narrow klass shift: 3, Narrow klass range: 0x140000000

GC Precious Log:
 CPUs: 4 total, 4 available
 Memory: 7989M
 Large Page Support: Disabled
 NUMA Support: Disabled
 Compressed Oops: Enabled (32-bit)
 Heap Region Size: 1M
 Heap Min Capacity: 8M
 Heap Initial Capacity: 126M
 Heap Max Capacity: 2G
 Pre-touch: Disabled
 Parallel Workers: 4
 Concurrent Workers: 1
 Concurrent Refinement Workers: 4
 Periodic GC: Disabled

Heap:
 garbage-first heap   total 367616K, used 184079K [0x0000000080000000, 0x0000000100000000)
  region size 1024K, 23 young (23552K), 2 survivors (2048K)
 Metaspace       used 139975K, committed 141056K, reserved 1179648K
  class space    used 18926K, committed 19456K, reserved 1048576K

Heap Regions: E=young(eden), S=young(survivor), O=old, HS=humongous(starts), HC=humongous(continues), CS=collection set, F=free, OA=open archive, CA=closed archive, TAMS=top-at-mark-start (previous, next)
|   0|0x0000000080000000, 0x0000000080100000, 0x0000000080100000|100%|HS|  |TAMS 0x0000000080100000, 0x0000000080000000| Complete 
|   1|0x0000000080100000, 0x0000000080200000, 0x0000000080200000|100%|HC|  |TAMS 0x0000000080200000, 0x0000000080100000| Complete 
|   2|0x0000000080200000, 0x0000000080300000, 0x0000000080300000|100%|HC|  |TAMS 0x0000000080300000, 0x0000000080200000| Complete 
|   3|0x0000000080300000, 0x0000000080400000, 0x0000000080400000|100%|HC|  |TAMS 0x0000000080400000, 0x0000000080300000| Complete 
|   4|0x0000000080400000, 0x0000000080500000, 0x0000000080500000|100%| O|  |TAMS 0x0000000080500000, 0x0000000080400000| Untracked 
|   5|0x0000000080500000, 0x0000000080600000, 0x0000000080600000|100%| O|  |TAMS 0x0000000080600000, 0x0000000080500000| Updating 
|   6|0x0000000080600000, 0x0000000080700000, 0x0000000080700000|100%| O|  |TAMS 0x0000000080700000, 0x0000000080600000| Updating 
|   7|0x0000000080700000, 0x0000000080800000, 0x0000000080800000|100%| O|  |TAMS 0x0000000080800000, 0x0000000080700000| Untracked 
|   8|0x0000000080800000, 0x0000000080900000, 0x0000000080900000|100%| O|  |TAMS 0x0000000080900000, 0x0000000080800000| Untracked 
|   9|0x0000000080900000, 0x0000000080a00000, 0x0000000080a00000|100%| O|  |TAMS 0x0000000080a00000, 0x0000000080900000| Untracked 
|  10|0x0000000080a00000, 0x0000000080ae3200, 0x0000000080b00000| 88%| O|  |TAMS 0x0000000080ae3200, 0x0000000080a00000| Updating 
|  11|0x0000000080b00000, 0x0000000080c00000, 0x0000000080c00000|100%| O|  |TAMS 0x0000000080c00000, 0x0000000080b00000| Untracked 
|  12|0x0000000080c00000, 0x0000000080d00000, 0x0000000080d00000|100%| O|  |TAMS 0x0000000080d00000, 0x0000000080c00000| Untracked 
|  13|0x0000000080d00000, 0x0000000080e00000, 0x0000000080e00000|100%| O|  |TAMS 0x0000000080e00000, 0x0000000080d00000| Untracked 
|  14|0x0000000080e00000, 0x0000000080f00000, 0x0000000080f00000|100%| O|  |TAMS 0x0000000080f00000, 0x0000000080e00000| Untracked 
|  15|0x0000000080f00000, 0x0000000081000000, 0x0000000081000000|100%| O|  |TAMS 0x0000000081000000, 0x0000000080f00000| Untracked 
|  16|0x0000000081000000, 0x0000000081100000, 0x0000000081100000|100%| O|  |TAMS 0x0000000081100000, 0x0000000081000000| Untracked 
|  17|0x0000000081100000, 0x0000000081200000, 0x0000000081200000|100%| O|  |TAMS 0x0000000081200000, 0x0000000081100000| Untracked 
|  18|0x0000000081200000, 0x0000000081300000, 0x0000000081300000|100%| O|  |TAMS 0x0000000081300000, 0x0000000081200000| Untracked 
|  19|0x0000000081300000, 0x0000000081400000, 0x0000000081400000|100%| O|  |TAMS 0x0000000081400000, 0x0000000081300000| Untracked 
|  20|0x0000000081400000, 0x0000000081500000, 0x0000000081500000|100%| O|  |TAMS 0x0000000081500000, 0x0000000081400000| Updating 
|  21|0x0000000081500000, 0x0000000081600000, 0x0000000081600000|100%| O|  |TAMS 0x0000000081600000, 0x0000000081500000| Untracked 
|  22|0x0000000081600000, 0x0000000081700000, 0x0000000081700000|100%| O|  |TAMS 0x0000000081700000, 0x0000000081600000| Updating 
|  23|0x0000000081700000, 0x0000000081800000, 0x0000000081800000|100%| O|  |TAMS 0x0000000081800000, 0x0000000081700000| Updating 
|  24|0x0000000081800000, 0x0000000081900000, 0x0000000081900000|100%| O|  |TAMS 0x0000000081900000, 0x0000000081800000| Untracked 
|  25|0x0000000081900000, 0x0000000081a00000, 0x0000000081a00000|100%| O|  |TAMS 0x0000000081a00000, 0x0000000081900000| Untracked 
|  26|0x0000000081a00000, 0x0000000081b00000, 0x0000000081b00000|100%| O|  |TAMS 0x0000000081b00000, 0x0000000081a00000| Untracked 
|  27|0x0000000081b00000, 0x0000000081c00000, 0x0000000081c00000|100%| O|  |TAMS 0x0000000081c00000, 0x0000000081b00000| Untracked 
|  28|0x0000000081c00000, 0x0000000081d00000, 0x0000000081d00000|100%| O|  |TAMS 0x0000000081d00000, 0x0000000081c00000| Untracked 
|  29|0x0000000081d00000, 0x0000000081e00000, 0x0000000081e00000|100%| O|  |TAMS 0x0000000081e00000, 0x0000000081d00000| Updating 
|  30|0x0000000081e00000, 0x0000000081f00000, 0x0000000081f00000|100%| O|  |TAMS 0x0000000081f00000, 0x0000000081e00000| Updating 
|  31|0x0000000081f00000, 0x0000000082000000, 0x0000000082000000|100%| O|  |TAMS 0x0000000082000000, 0x0000000081f00000| Updating 
|  32|0x0000000082000000, 0x0000000082100000, 0x0000000082100000|100%|HS|  |TAMS 0x0000000082100000, 0x0000000082000000| Complete 
|  33|0x0000000082100000, 0x0000000082200000, 0x0000000082200000|100%|HS|  |TAMS 0x0000000082200000, 0x0000000082100000| Complete 
|  34|0x0000000082200000, 0x0000000082300000, 0x0000000082300000|100%|HC|  |TAMS 0x0000000082300000, 0x0000000082200000| Complete 
|  35|0x0000000082300000, 0x0000000082400000, 0x0000000082400000|100%| O|  |TAMS 0x0000000082400000, 0x0000000082300000| Untracked 
|  36|0x0000000082400000, 0x0000000082500000, 0x0000000082500000|100%| O|  |TAMS 0x0000000082500000, 0x0000000082400000| Untracked 
|  37|0x0000000082500000, 0x0000000082600000, 0x0000000082600000|100%| O|  |TAMS 0x0000000082600000, 0x0000000082500000| Untracked 
|  38|0x0000000082600000, 0x0000000082700000, 0x0000000082700000|100%| O|  |TAMS 0x0000000082700000, 0x0000000082600000| Updating 
|  39|0x0000000082700000, 0x0000000082800000, 0x0000000082800000|100%| O|  |TAMS 0x0000000082800000, 0x0000000082700000| Untracked 
|  40|0x0000000082800000, 0x0000000082900000, 0x0000000082900000|100%|HS|  |TAMS 0x0000000082900000, 0x0000000082800000| Complete 
|  41|0x0000000082900000, 0x0000000082a00000, 0x0000000082a00000|100%| O|  |TAMS 0x0000000082a00000, 0x0000000082900000| Untracked 
|  42|0x0000000082a00000, 0x0000000082b00000, 0x0000000082b00000|100%|HS|  |TAMS 0x0000000082a00000, 0x0000000082a00000| Complete 
|  43|0x0000000082b00000, 0x0000000082c00000, 0x0000000082c00000|100%|HS|  |TAMS 0x0000000082b00000, 0x0000000082b00000| Complete 
|  44|0x0000000082c00000, 0x0000000082c00000, 0x0000000082d00000|  0%| F|  |TAMS 0x0000000082c00000, 0x0000000082c00000| Untracked 
|  45|0x0000000082d00000, 0x0000000082e00000, 0x0000000082e00000|100%| O|  |TAMS 0x0000000082e00000, 0x0000000082d00000| Updating 
|  46|0x0000000082e00000, 0x0000000082f00000, 0x0000000082f00000|100%|HS|  |TAMS 0x0000000082f00000, 0x0000000082e00000| Complete 
|  47|0x0000000082f00000, 0x0000000083000000, 0x0000000083000000|100%| O|  |TAMS 0x0000000083000000, 0x0000000082f00000| Updating 
|  48|0x0000000083000000, 0x0000000083000000, 0x0000000083100000|  0%| F|  |TAMS 0x0000000083000000, 0x0000000083000000| Untracked 
|  49|0x0000000083100000, 0x0000000083100000, 0x0000000083200000|  0%| F|  |TAMS 0x0000000083100000, 0x0000000083100000| Untracked 
|  50|0x0000000083200000, 0x0000000083300000, 0x0000000083300000|100%| O|  |TAMS 0x0000000083300000, 0x0000000083200000| Updating 
|  51|0x0000000083300000, 0x0000000083400000, 0x0000000083400000|100%|HS|  |TAMS 0x0000000083400000, 0x0000000083300000| Complete 
|  52|0x0000000083400000, 0x0000000083500000, 0x0000000083500000|100%|HC|  |TAMS 0x0000000083500000, 0x0000000083400000| Complete 
|  53|0x0000000083500000, 0x0000000083600000, 0x0000000083600000|100%|HS|  |TAMS 0x0000000083600000, 0x0000000083500000| Complete 
|  54|0x0000000083600000, 0x0000000083700000, 0x0000000083700000|100%|HC|  |TAMS 0x0000000083700000, 0x0000000083600000| Complete 
|  55|0x0000000083700000, 0x0000000083800000, 0x0000000083800000|100%|HS|  |TAMS 0x0000000083800000, 0x0000000083700000| Complete 
|  56|0x0000000083800000, 0x0000000083900000, 0x0000000083900000|100%|HC|  |TAMS 0x0000000083900000, 0x0000000083800000| Complete 
|  57|0x0000000083900000, 0x0000000083a00000, 0x0000000083a00000|100%|HC|  |TAMS 0x0000000083a00000, 0x0000000083900000| Complete 
|  58|0x0000000083a00000, 0x0000000083b00000, 0x0000000083b00000|100%|HC|  |TAMS 0x0000000083b00000, 0x0000000083a00000| Complete 
|  59|0x0000000083b00000, 0x0000000083c00000, 0x0000000083c00000|100%|HS|  |TAMS 0x0000000083c00000, 0x0000000083b00000| Complete 
|  60|0x0000000083c00000, 0x0000000083d00000, 0x0000000083d00000|100%| O|  |TAMS 0x0000000083d00000, 0x0000000083c00000| Untracked 
|  61|0x0000000083d00000, 0x0000000083e00000, 0x0000000083e00000|100%|HS|  |TAMS 0x0000000083e00000, 0x0000000083d00000| Complete 
|  62|0x0000000083e00000, 0x0000000083f00000, 0x0000000083f00000|100%|HS|  |TAMS 0x0000000083f00000, 0x0000000083e00000| Complete 
|  63|0x0000000083f00000, 0x0000000084000000, 0x0000000084000000|100%| O|  |TAMS 0x0000000084000000, 0x0000000083f00000| Updating 
|  64|0x0000000084000000, 0x0000000084100000, 0x0000000084100000|100%| O|  |TAMS 0x0000000084100000, 0x0000000084000000| Updating 
|  65|0x0000000084100000, 0x0000000084200000, 0x0000000084200000|100%| O|  |TAMS 0x0000000084200000, 0x0000000084100000| Untracked 
|  66|0x0000000084200000, 0x0000000084300000, 0x0000000084300000|100%| O|  |TAMS 0x0000000084300000, 0x0000000084200000| Untracked 
|  67|0x0000000084300000, 0x0000000084400000, 0x0000000084400000|100%| O|  |TAMS 0x0000000084400000, 0x0000000084300000| Untracked 
|  68|0x0000000084400000, 0x0000000084500000, 0x0000000084500000|100%| O|  |TAMS 0x0000000084500000, 0x0000000084400000| Untracked 
|  69|0x0000000084500000, 0x0000000084600000, 0x0000000084600000|100%| O|  |TAMS 0x0000000084600000, 0x0000000084500000| Untracked 
|  70|0x0000000084600000, 0x0000000084700000, 0x0000000084700000|100%| O|  |TAMS 0x0000000084700000, 0x0000000084600000| Untracked 
|  71|0x0000000084700000, 0x0000000084800000, 0x0000000084800000|100%| O|  |TAMS 0x0000000084800000, 0x0000000084700000| Updating 
|  72|0x0000000084800000, 0x0000000084900000, 0x0000000084900000|100%| O|  |TAMS 0x0000000084900000, 0x0000000084800000| Updating 
|  73|0x0000000084900000, 0x0000000084a00000, 0x0000000084a00000|100%| O|  |TAMS 0x0000000084a00000, 0x0000000084900000| Untracked 
|  74|0x0000000084a00000, 0x0000000084b00000, 0x0000000084b00000|100%|HS|  |TAMS 0x0000000084b00000, 0x0000000084a00000| Complete 
|  75|0x0000000084b00000, 0x0000000084c00000, 0x0000000084c00000|100%| O|  |TAMS 0x0000000084c00000, 0x0000000084b00000| Untracked 
|  76|0x0000000084c00000, 0x0000000084d00000, 0x0000000084d00000|100%| O|  |TAMS 0x0000000084d00000, 0x0000000084c00000| Updating 
|  77|0x0000000084d00000, 0x0000000084e00000, 0x0000000084e00000|100%| O|  |TAMS 0x0000000084e00000, 0x0000000084d00000| Untracked 
|  78|0x0000000084e00000, 0x0000000084f00000, 0x0000000084f00000|100%|HS|  |TAMS 0x0000000084f00000, 0x0000000084e00000| Complete 
|  79|0x0000000084f00000, 0x0000000085000000, 0x0000000085000000|100%|HC|  |TAMS 0x0000000085000000, 0x0000000084f00000| Complete 
|  80|0x0000000085000000, 0x0000000085100000, 0x0000000085100000|100%|HC|  |TAMS 0x0000000085100000, 0x0000000085000000| Complete 
|  81|0x0000000085100000, 0x0000000085200000, 0x0000000085200000|100%|HC|  |TAMS 0x0000000085200000, 0x0000000085100000| Complete 
|  82|0x0000000085200000, 0x0000000085300000, 0x0000000085300000|100%| O|  |TAMS 0x0000000085300000, 0x0000000085200000| Untracked 
|  83|0x0000000085300000, 0x0000000085400000, 0x0000000085400000|100%| O|  |TAMS 0x0000000085400000, 0x0000000085300000| Updating 
|  84|0x0000000085400000, 0x0000000085500000, 0x0000000085500000|100%| O|  |TAMS 0x0000000085500000, 0x0000000085400000| Untracked 
|  85|0x0000000085500000, 0x0000000085600000, 0x0000000085600000|100%| O|  |TAMS 0x0000000085600000, 0x0000000085500000| Untracked 
|  86|0x0000000085600000, 0x0000000085700000, 0x0000000085700000|100%| O|  |TAMS 0x0000000085700000, 0x0000000085600000| Untracked 
|  87|0x0000000085700000, 0x0000000085800000, 0x0000000085800000|100%| O|  |TAMS 0x0000000085800000, 0x0000000085700000| Updating 
|  88|0x0000000085800000, 0x0000000085800000, 0x0000000085900000|  0%| F|  |TAMS 0x0000000085800000, 0x0000000085800000| Untracked 
|  89|0x0000000085900000, 0x0000000085900000, 0x0000000085a00000|  0%| F|  |TAMS 0x0000000085900000, 0x0000000085900000| Untracked 
|  90|0x0000000085a00000, 0x0000000085a00000, 0x0000000085b00000|  0%| F|  |TAMS 0x0000000085a00000, 0x0000000085a00000| Untracked 
|  91|0x0000000085b00000, 0x0000000085c00000, 0x0000000085c00000|100%| O|  |TAMS 0x0000000085c00000, 0x0000000085b00000| Updating 
|  92|0x0000000085c00000, 0x0000000085d00000, 0x0000000085d00000|100%| O|  |TAMS 0x0000000085d00000, 0x0000000085c00000| Updating 
|  93|0x0000000085d00000, 0x0000000085e00000, 0x0000000085e00000|100%| O|  |TAMS 0x0000000085e00000, 0x0000000085d00000| Updating 
|  94|0x0000000085e00000, 0x0000000085f00000, 0x0000000085f00000|100%| O|  |TAMS 0x0000000085f00000, 0x0000000085e00000| Updating 
|  95|0x0000000085f00000, 0x0000000086000000, 0x0000000086000000|100%| O|  |TAMS 0x0000000086000000, 0x0000000085f00000| Updating 
|  96|0x0000000086000000, 0x0000000086100000, 0x0000000086100000|100%| O|  |TAMS 0x0000000086100000, 0x0000000086000000| Untracked 
|  97|0x0000000086100000, 0x0000000086200000, 0x0000000086200000|100%| O|  |TAMS 0x0000000086200000, 0x0000000086100000| Untracked 
|  98|0x0000000086200000, 0x0000000086300000, 0x0000000086300000|100%| O|  |TAMS 0x0000000086300000, 0x0000000086200000| Updating 
|  99|0x0000000086300000, 0x0000000086400000, 0x0000000086400000|100%| O|  |TAMS 0x0000000086400000, 0x0000000086300000| Updating 
| 100|0x0000000086400000, 0x0000000086500000, 0x0000000086500000|100%| O|  |TAMS 0x0000000086500000, 0x0000000086400000| Updating 
| 101|0x0000000086500000, 0x0000000086500000, 0x0000000086600000|  0%| F|  |TAMS 0x0000000086500000, 0x0000000086500000| Untracked 
| 102|0x0000000086600000, 0x0000000086600000, 0x0000000086700000|  0%| F|  |TAMS 0x0000000086600000, 0x0000000086600000| Untracked 
| 103|0x0000000086700000, 0x0000000086700000, 0x0000000086800000|  0%| F|  |TAMS 0x0000000086700000, 0x0000000086700000| Untracked 
| 104|0x0000000086800000, 0x0000000086900000, 0x0000000086900000|100%| O|  |TAMS 0x0000000086900000, 0x0000000086800000| Updating 
| 105|0x0000000086900000, 0x0000000086a00000, 0x0000000086a00000|100%| O|  |TAMS 0x0000000086a00000, 0x0000000086900000| Untracked 
| 106|0x0000000086a00000, 0x0000000086b00000, 0x0000000086b00000|100%| O|  |TAMS 0x0000000086b00000, 0x0000000086a00000| Updating 
| 107|0x0000000086b00000, 0x0000000086c00000, 0x0000000086c00000|100%| O|  |TAMS 0x0000000086c00000, 0x0000000086b00000| Updating 
| 108|0x0000000086c00000, 0x0000000086d00000, 0x0000000086d00000|100%| O|  |TAMS 0x0000000086d00000, 0x0000000086c00000| Updating 
| 109|0x0000000086d00000, 0x0000000086e00000, 0x0000000086e00000|100%| O|  |TAMS 0x0000000086e00000, 0x0000000086d00000| Updating 
| 110|0x0000000086e00000, 0x0000000086f00000, 0x0000000086f00000|100%| O|  |TAMS 0x0000000086f00000, 0x0000000086e00000| Updating 
| 111|0x0000000086f00000, 0x0000000087000000, 0x0000000087000000|100%| O|  |TAMS 0x0000000087000000, 0x0000000086f00000| Untracked 
| 112|0x0000000087000000, 0x0000000087100000, 0x0000000087100000|100%| O|  |TAMS 0x0000000087100000, 0x0000000087000000| Updating 
| 113|0x0000000087100000, 0x0000000087200000, 0x0000000087200000|100%| O|  |TAMS 0x0000000087200000, 0x0000000087100000| Updating 
| 114|0x0000000087200000, 0x0000000087300000, 0x0000000087300000|100%| O|  |TAMS 0x0000000087300000, 0x0000000087200000| Updating 
| 115|0x0000000087300000, 0x0000000087300000, 0x0000000087400000|  0%| F|  |TAMS 0x0000000087300000, 0x0000000087300000| Untracked 
| 116|0x0000000087400000, 0x0000000087500000, 0x0000000087500000|100%| O|  |TAMS 0x0000000087500000, 0x0000000087400000| Updating 
| 117|0x0000000087500000, 0x0000000087600000, 0x0000000087600000|100%| O|  |TAMS 0x0000000087600000, 0x0000000087500000| Updating 
| 118|0x0000000087600000, 0x0000000087700000, 0x0000000087700000|100%| O|  |TAMS 0x0000000087700000, 0x0000000087600000| Updating 
| 119|0x0000000087700000, 0x0000000087800000, 0x0000000087800000|100%| O|  |TAMS 0x0000000087800000, 0x0000000087700000| Updating 
| 120|0x0000000087800000, 0x0000000087900000, 0x0000000087900000|100%| O|  |TAMS 0x0000000087900000, 0x0000000087800000| Updating 
| 121|0x0000000087900000, 0x0000000087a00000, 0x0000000087a00000|100%| O|  |TAMS 0x0000000087a00000, 0x0000000087900000| Updating 
| 122|0x0000000087a00000, 0x0000000087b00000, 0x0000000087b00000|100%| O|  |TAMS 0x0000000087b00000, 0x0000000087a00000| Untracked 
| 123|0x0000000087b00000, 0x0000000087c00000, 0x0000000087c00000|100%| O|  |TAMS 0x0000000087c00000, 0x0000000087b00000| Updating 
| 124|0x0000000087c00000, 0x0000000087d00000, 0x0000000087d00000|100%| O|  |TAMS 0x0000000087d00000, 0x0000000087c00000| Untracked 
| 125|0x0000000087d00000, 0x0000000087e00000, 0x0000000087e00000|100%| O|  |TAMS 0x0000000087e00000, 0x0000000087d00000| Untracked 
| 126|0x0000000087e00000, 0x0000000087f00000, 0x0000000087f00000|100%| O|  |TAMS 0x0000000087f00000, 0x0000000087e00000| Untracked 
| 127|0x0000000087f00000, 0x0000000087f00000, 0x0000000088000000|  0%| F|  |TAMS 0x0000000087f00000, 0x0000000087f00000| Untracked 
| 128|0x0000000088000000, 0x0000000088100000, 0x0000000088100000|100%| O|  |TAMS 0x0000000088100000, 0x0000000088000000| Untracked 
| 129|0x0000000088100000, 0x0000000088100000, 0x0000000088200000|  0%| F|  |TAMS 0x0000000088100000, 0x0000000088100000| Untracked 
| 130|0x0000000088200000, 0x0000000088200000, 0x0000000088300000|  0%| F|  |TAMS 0x0000000088200000, 0x0000000088200000| Untracked 
| 131|0x0000000088300000, 0x0000000088400000, 0x0000000088400000|100%| O|  |TAMS 0x0000000088400000, 0x0000000088300000| Untracked 
| 132|0x0000000088400000, 0x0000000088500000, 0x0000000088500000|100%| O|  |TAMS 0x0000000088500000, 0x0000000088400000| Untracked 
| 133|0x0000000088500000, 0x0000000088600000, 0x0000000088600000|100%| O|  |TAMS 0x0000000088600000, 0x0000000088500000| Updating 
| 134|0x0000000088600000, 0x0000000088600000, 0x0000000088700000|  0%| F|  |TAMS 0x0000000088600000, 0x0000000088600000| Untracked 
| 135|0x0000000088700000, 0x0000000088800000, 0x0000000088800000|100%| O|  |TAMS 0x0000000088800000, 0x0000000088700000| Untracked 
| 136|0x0000000088800000, 0x0000000088900000, 0x0000000088900000|100%| O|  |TAMS 0x0000000088900000, 0x0000000088800000| Untracked 
| 137|0x0000000088900000, 0x0000000088a00000, 0x0000000088a00000|100%| O|  |TAMS 0x0000000088a00000, 0x0000000088900000| Untracked 
| 138|0x0000000088a00000, 0x0000000088b00000, 0x0000000088b00000|100%| O|  |TAMS 0x0000000088b00000, 0x0000000088a00000| Untracked 
| 139|0x0000000088b00000, 0x0000000088c00000, 0x0000000088c00000|100%| O|  |TAMS 0x0000000088c00000, 0x0000000088b00000| Untracked 
| 140|0x0000000088c00000, 0x0000000088d00000, 0x0000000088d00000|100%| O|  |TAMS 0x0000000088d00000, 0x0000000088c00000| Untracked 
| 141|0x0000000088d00000, 0x0000000088e00000, 0x0000000088e00000|100%| O|  |TAMS 0x0000000088e00000, 0x0000000088d00000| Untracked 
| 142|0x0000000088e00000, 0x0000000088f00000, 0x0000000088f00000|100%| O|  |TAMS 0x0000000088f00000, 0x0000000088e00000| Untracked 
| 143|0x0000000088f00000, 0x0000000089000000, 0x0000000089000000|100%| O|  |TAMS 0x0000000089000000, 0x0000000088f00000| Untracked 
| 144|0x0000000089000000, 0x0000000089100000, 0x0000000089100000|100%| O|  |TAMS 0x0000000089100000, 0x0000000089000000| Untracked 
| 145|0x0000000089100000, 0x0000000089200000, 0x0000000089200000|100%| O|  |TAMS 0x0000000089200000, 0x0000000089100000| Untracked 
| 146|0x0000000089200000, 0x0000000089300000, 0x0000000089300000|100%| O|  |TAMS 0x0000000089300000, 0x0000000089200000| Untracked 
| 147|0x0000000089300000, 0x000000008933a200, 0x0000000089400000| 22%| O|  |TAMS 0x000000008933a200, 0x0000000089300000| Updating 
| 148|0x0000000089400000, 0x0000000089400000, 0x0000000089500000|  0%| F|  |TAMS 0x0000000089400000, 0x0000000089400000| Untracked 
| 149|0x0000000089500000, 0x0000000089500000, 0x0000000089600000|  0%| F|  |TAMS 0x0000000089500000, 0x0000000089500000| Untracked 
| 150|0x0000000089600000, 0x0000000089600000, 0x0000000089700000|  0%| F|  |TAMS 0x0000000089600000, 0x0000000089600000| Untracked 
| 151|0x0000000089700000, 0x0000000089700000, 0x0000000089800000|  0%| F|  |TAMS 0x0000000089700000, 0x0000000089700000| Untracked 
| 152|0x0000000089800000, 0x0000000089900000, 0x0000000089900000|100%| O|  |TAMS 0x0000000089900000, 0x0000000089800000| Updating 
| 153|0x0000000089900000, 0x0000000089a00000, 0x0000000089a00000|100%| O|  |TAMS 0x0000000089a00000, 0x0000000089900000| Updating 
| 154|0x0000000089a00000, 0x0000000089b00000, 0x0000000089b00000|100%| O|  |TAMS 0x0000000089b00000, 0x0000000089a00000| Updating 
| 155|0x0000000089b00000, 0x0000000089c00000, 0x0000000089c00000|100%| O|  |TAMS 0x0000000089c00000, 0x0000000089b00000| Updating 
| 156|0x0000000089c00000, 0x0000000089d00000, 0x0000000089d00000|100%| O|  |TAMS 0x0000000089d00000, 0x0000000089c00000| Updating 
| 157|0x0000000089d00000, 0x0000000089d00000, 0x0000000089e00000|  0%| F|  |TAMS 0x0000000089d00000, 0x0000000089d00000| Untracked 
| 158|0x0000000089e00000, 0x0000000089e00000, 0x0000000089f00000|  0%| F|  |TAMS 0x0000000089e00000, 0x0000000089e00000| Untracked 
| 159|0x0000000089f00000, 0x0000000089f00000, 0x000000008a000000|  0%| F|  |TAMS 0x0000000089f00000, 0x0000000089f00000| Untracked 
| 160|0x000000008a000000, 0x000000008a000000, 0x000000008a100000|  0%| F|  |TAMS 0x000000008a000000, 0x000000008a000000| Untracked 
| 161|0x000000008a100000, 0x000000008a100000, 0x000000008a200000|  0%| F|  |TAMS 0x000000008a100000, 0x000000008a100000| Untracked 
| 162|0x000000008a200000, 0x000000008a200000, 0x000000008a300000|  0%| F|  |TAMS 0x000000008a200000, 0x000000008a200000| Untracked 
| 163|0x000000008a300000, 0x000000008a300000, 0x000000008a400000|  0%| F|  |TAMS 0x000000008a300000, 0x000000008a300000| Untracked 
| 164|0x000000008a400000, 0x000000008a400000, 0x000000008a500000|  0%| F|  |TAMS 0x000000008a400000, 0x000000008a400000| Untracked 
| 165|0x000000008a500000, 0x000000008a600000, 0x000000008a600000|100%| O|  |TAMS 0x000000008a600000, 0x000000008a500000| Untracked 
| 166|0x000000008a600000, 0x000000008a700000, 0x000000008a700000|100%| O|  |TAMS 0x000000008a700000, 0x000000008a600000| Updating 
| 167|0x000000008a700000, 0x000000008a800000, 0x000000008a800000|100%| O|  |TAMS 0x000000008a800000, 0x000000008a700000| Untracked 
| 168|0x000000008a800000, 0x000000008a900000, 0x000000008a900000|100%| O|  |TAMS 0x000000008a900000, 0x000000008a800000| Updating 
| 169|0x000000008a900000, 0x000000008aa00000, 0x000000008aa00000|100%| O|  |TAMS 0x000000008aa00000, 0x000000008a900000| Untracked 
| 170|0x000000008aa00000, 0x000000008ab00000, 0x000000008ab00000|100%| O|  |TAMS 0x000000008ab00000, 0x000000008aa00000| Untracked 
| 171|0x000000008ab00000, 0x000000008ac00000, 0x000000008ac00000|100%| O|  |TAMS 0x000000008ac00000, 0x000000008ab00000| Untracked 
| 172|0x000000008ac00000, 0x000000008ad00000, 0x000000008ad00000|100%| O|  |TAMS 0x000000008ad00000, 0x000000008ac00000| Untracked 
| 173|0x000000008ad00000, 0x000000008ae00000, 0x000000008ae00000|100%| O|  |TAMS 0x000000008ae00000, 0x000000008ad00000| Untracked 
| 174|0x000000008ae00000, 0x000000008ae00000, 0x000000008af00000|  0%| F|  |TAMS 0x000000008ae00000, 0x000000008ae00000| Untracked 
| 175|0x000000008af00000, 0x000000008af00000, 0x000000008b000000|  0%| F|  |TAMS 0x000000008af00000, 0x000000008af00000| Untracked 
| 176|0x000000008b000000, 0x000000008b100000, 0x000000008b100000|100%| O|  |TAMS 0x000000008b100000, 0x000000008b000000| Updating 
| 177|0x000000008b100000, 0x000000008b200000, 0x000000008b200000|100%| O|  |TAMS 0x000000008b200000, 0x000000008b100000| Updating 
| 178|0x000000008b200000, 0x000000008b300000, 0x000000008b300000|100%| O|  |TAMS 0x000000008b300000, 0x000000008b200000| Updating 
| 179|0x000000008b300000, 0x000000008b400000, 0x000000008b400000|100%| O|  |TAMS 0x000000008b400000, 0x000000008b300000| Untracked 
| 180|0x000000008b400000, 0x000000008b400000, 0x000000008b500000|  0%| F|  |TAMS 0x000000008b400000, 0x000000008b400000| Untracked 
| 181|0x000000008b500000, 0x000000008b600000, 0x000000008b600000|100%| O|  |TAMS 0x000000008b600000, 0x000000008b500000| Untracked 
| 182|0x000000008b600000, 0x000000008b700000, 0x000000008b700000|100%| O|  |TAMS 0x000000008b700000, 0x000000008b600000| Untracked 
| 183|0x000000008b700000, 0x000000008b800000, 0x000000008b800000|100%| O|  |TAMS 0x000000008b800000, 0x000000008b700000| Untracked 
| 184|0x000000008b800000, 0x000000008b900000, 0x000000008b900000|100%| O|  |TAMS 0x000000008b900000, 0x000000008b800000| Untracked 
| 185|0x000000008b900000, 0x000000008ba00000, 0x000000008ba00000|100%| O|  |TAMS 0x000000008ba00000, 0x000000008b900000| Untracked 
| 186|0x000000008ba00000, 0x000000008bb00000, 0x000000008bb00000|100%| O|  |TAMS 0x000000008bb00000, 0x000000008ba00000| Untracked 
| 187|0x000000008bb00000, 0x000000008bc00000, 0x000000008bc00000|100%| O|  |TAMS 0x000000008bc00000, 0x000000008bb00000| Untracked 
| 188|0x000000008bc00000, 0x000000008bc00000, 0x000000008bd00000|  0%| F|  |TAMS 0x000000008bc00000, 0x000000008bc00000| Untracked 
| 189|0x000000008bd00000, 0x000000008bd00000, 0x000000008be00000|  0%| F|  |TAMS 0x000000008bd00000, 0x000000008bd00000| Untracked 
| 190|0x000000008be00000, 0x000000008be00000, 0x000000008bf00000|  0%| F|  |TAMS 0x000000008be00000, 0x000000008be00000| Untracked 
| 191|0x000000008bf00000, 0x000000008bf00000, 0x000000008c000000|  0%| F|  |TAMS 0x000000008bf00000, 0x000000008bf00000| Untracked 
| 192|0x000000008c000000, 0x000000008c000000, 0x000000008c100000|  0%| F|  |TAMS 0x000000008c000000, 0x000000008c000000| Untracked 
| 193|0x000000008c100000, 0x000000008c100000, 0x000000008c200000|  0%| F|  |TAMS 0x000000008c100000, 0x000000008c100000| Untracked 
| 194|0x000000008c200000, 0x000000008c200000, 0x000000008c300000|  0%| F|  |TAMS 0x000000008c200000, 0x000000008c200000| Untracked 
| 195|0x000000008c300000, 0x000000008c300000, 0x000000008c400000|  0%| F|  |TAMS 0x000000008c300000, 0x000000008c300000| Untracked 
| 196|0x000000008c400000, 0x000000008c400000, 0x000000008c500000|  0%| F|  |TAMS 0x000000008c400000, 0x000000008c400000| Untracked 
| 197|0x000000008c500000, 0x000000008c500000, 0x000000008c600000|  0%| F|  |TAMS 0x000000008c500000, 0x000000008c500000| Untracked 
| 198|0x000000008c600000, 0x000000008c600000, 0x000000008c700000|  0%| F|  |TAMS 0x000000008c600000, 0x000000008c600000| Untracked 
| 199|0x000000008c700000, 0x000000008c700000, 0x000000008c800000|  0%| F|  |TAMS 0x000000008c700000, 0x000000008c700000| Untracked 
| 200|0x000000008c800000, 0x000000008c800000, 0x000000008c900000|  0%| F|  |TAMS 0x000000008c800000, 0x000000008c800000| Untracked 
| 201|0x000000008c900000, 0x000000008c900000, 0x000000008ca00000|  0%| F|  |TAMS 0x000000008c900000, 0x000000008c900000| Untracked 
| 202|0x000000008ca00000, 0x000000008ca00000, 0x000000008cb00000|  0%| F|  |TAMS 0x000000008ca00000, 0x000000008ca00000| Untracked 
| 203|0x000000008cb00000, 0x000000008cb00000, 0x000000008cc00000|  0%| F|  |TAMS 0x000000008cb00000, 0x000000008cb00000| Untracked 
| 204|0x000000008cc00000, 0x000000008cc00000, 0x000000008cd00000|  0%| F|  |TAMS 0x000000008cc00000, 0x000000008cc00000| Untracked 
| 205|0x000000008cd00000, 0x000000008cd00000, 0x000000008ce00000|  0%| F|  |TAMS 0x000000008cd00000, 0x000000008cd00000| Untracked 
| 206|0x000000008ce00000, 0x000000008ce00000, 0x000000008cf00000|  0%| F|  |TAMS 0x000000008ce00000, 0x000000008ce00000| Untracked 
| 207|0x000000008cf00000, 0x000000008cf00000, 0x000000008d000000|  0%| F|  |TAMS 0x000000008cf00000, 0x000000008cf00000| Untracked 
| 208|0x000000008d000000, 0x000000008d000000, 0x000000008d100000|  0%| F|  |TAMS 0x000000008d000000, 0x000000008d000000| Untracked 
| 209|0x000000008d100000, 0x000000008d100000, 0x000000008d200000|  0%| F|  |TAMS 0x000000008d100000, 0x000000008d100000| Untracked 
| 210|0x000000008d200000, 0x000000008d200000, 0x000000008d300000|  0%| F|  |TAMS 0x000000008d200000, 0x000000008d200000| Untracked 
| 211|0x000000008d300000, 0x000000008d300000, 0x000000008d400000|  0%| F|  |TAMS 0x000000008d300000, 0x000000008d300000| Untracked 
| 212|0x000000008d400000, 0x000000008d400000, 0x000000008d500000|  0%| F|  |TAMS 0x000000008d400000, 0x000000008d400000| Untracked 
| 213|0x000000008d500000, 0x000000008d500000, 0x000000008d600000|  0%| F|  |TAMS 0x000000008d500000, 0x000000008d500000| Untracked 
| 214|0x000000008d600000, 0x000000008d600000, 0x000000008d700000|  0%| F|  |TAMS 0x000000008d600000, 0x000000008d600000| Untracked 
| 215|0x000000008d700000, 0x000000008d700000, 0x000000008d800000|  0%| F|  |TAMS 0x000000008d700000, 0x000000008d700000| Untracked 
| 216|0x000000008d800000, 0x000000008d800000, 0x000000008d900000|  0%| F|  |TAMS 0x000000008d800000, 0x000000008d800000| Untracked 
| 217|0x000000008d900000, 0x000000008d900000, 0x000000008da00000|  0%| F|  |TAMS 0x000000008d900000, 0x000000008d900000| Untracked 
| 218|0x000000008da00000, 0x000000008da00000, 0x000000008db00000|  0%| F|  |TAMS 0x000000008da00000, 0x000000008da00000| Untracked 
| 219|0x000000008db00000, 0x000000008db00000, 0x000000008dc00000|  0%| F|  |TAMS 0x000000008db00000, 0x000000008db00000| Untracked 
| 220|0x000000008dc00000, 0x000000008dc00000, 0x000000008dd00000|  0%| F|  |TAMS 0x000000008dc00000, 0x000000008dc00000| Untracked 
| 221|0x000000008dd00000, 0x000000008dd00000, 0x000000008de00000|  0%| F|  |TAMS 0x000000008dd00000, 0x000000008dd00000| Untracked 
| 222|0x000000008de00000, 0x000000008de00000, 0x000000008df00000|  0%| F|  |TAMS 0x000000008de00000, 0x000000008de00000| Untracked 
| 223|0x000000008df00000, 0x000000008df00000, 0x000000008e000000|  0%| F|  |TAMS 0x000000008df00000, 0x000000008df00000| Untracked 
| 224|0x000000008e000000, 0x000000008e000000, 0x000000008e100000|  0%| F|  |TAMS 0x000000008e000000, 0x000000008e000000| Untracked 
| 225|0x000000008e100000, 0x000000008e100000, 0x000000008e200000|  0%| F|  |TAMS 0x000000008e100000, 0x000000008e100000| Untracked 
| 226|0x000000008e200000, 0x000000008e200000, 0x000000008e300000|  0%| F|  |TAMS 0x000000008e200000, 0x000000008e200000| Untracked 
| 227|0x000000008e300000, 0x000000008e300000, 0x000000008e400000|  0%| F|  |TAMS 0x000000008e300000, 0x000000008e300000| Untracked 
| 228|0x000000008e400000, 0x000000008e400000, 0x000000008e500000|  0%| F|  |TAMS 0x000000008e400000, 0x000000008e400000| Untracked 
| 229|0x000000008e500000, 0x000000008e500000, 0x000000008e600000|  0%| F|  |TAMS 0x000000008e500000, 0x000000008e500000| Untracked 
| 230|0x000000008e600000, 0x000000008e600000, 0x000000008e700000|  0%| F|  |TAMS 0x000000008e600000, 0x000000008e600000| Untracked 
| 231|0x000000008e700000, 0x000000008e700000, 0x000000008e800000|  0%| F|  |TAMS 0x000000008e700000, 0x000000008e700000| Untracked 
| 232|0x000000008e800000, 0x000000008e800000, 0x000000008e900000|  0%| F|  |TAMS 0x000000008e800000, 0x000000008e800000| Untracked 
| 233|0x000000008e900000, 0x000000008e900000, 0x000000008ea00000|  0%| F|  |TAMS 0x000000008e900000, 0x000000008e900000| Untracked 
| 234|0x000000008ea00000, 0x000000008ea00000, 0x000000008eb00000|  0%| F|  |TAMS 0x000000008ea00000, 0x000000008ea00000| Untracked 
| 235|0x000000008eb00000, 0x000000008eb00000, 0x000000008ec00000|  0%| F|  |TAMS 0x000000008eb00000, 0x000000008eb00000| Untracked 
| 236|0x000000008ec00000, 0x000000008ec00000, 0x000000008ed00000|  0%| F|  |TAMS 0x000000008ec00000, 0x000000008ec00000| Untracked 
| 237|0x000000008ed00000, 0x000000008ed00000, 0x000000008ee00000|  0%| F|  |TAMS 0x000000008ed00000, 0x000000008ed00000| Untracked 
| 238|0x000000008ee00000, 0x000000008ee00000, 0x000000008ef00000|  0%| F|  |TAMS 0x000000008ee00000, 0x000000008ee00000| Untracked 
| 239|0x000000008ef00000, 0x000000008ef00000, 0x000000008f000000|  0%| F|  |TAMS 0x000000008ef00000, 0x000000008ef00000| Untracked 
| 240|0x000000008f000000, 0x000000008f000000, 0x000000008f100000|  0%| F|  |TAMS 0x000000008f000000, 0x000000008f000000| Untracked 
| 241|0x000000008f100000, 0x000000008f100000, 0x000000008f200000|  0%| F|  |TAMS 0x000000008f100000, 0x000000008f100000| Untracked 
| 242|0x000000008f200000, 0x000000008f200000, 0x000000008f300000|  0%| F|  |TAMS 0x000000008f200000, 0x000000008f200000| Untracked 
| 243|0x000000008f300000, 0x000000008f300000, 0x000000008f400000|  0%| F|  |TAMS 0x000000008f300000, 0x000000008f300000| Untracked 
| 244|0x000000008f400000, 0x000000008f400000, 0x000000008f500000|  0%| F|  |TAMS 0x000000008f400000, 0x000000008f400000| Untracked 
| 245|0x000000008f500000, 0x000000008f500000, 0x000000008f600000|  0%| F|  |TAMS 0x000000008f500000, 0x000000008f500000| Untracked 
| 246|0x000000008f600000, 0x000000008f600000, 0x000000008f700000|  0%| F|  |TAMS 0x000000008f600000, 0x000000008f600000| Untracked 
| 247|0x000000008f700000, 0x000000008f700000, 0x000000008f800000|  0%| F|  |TAMS 0x000000008f700000, 0x000000008f700000| Untracked 
| 248|0x000000008f800000, 0x000000008f800000, 0x000000008f900000|  0%| F|  |TAMS 0x000000008f800000, 0x000000008f800000| Untracked 
| 249|0x000000008f900000, 0x000000008f900000, 0x000000008fa00000|  0%| F|  |TAMS 0x000000008f900000, 0x000000008f900000| Untracked 
| 250|0x000000008fa00000, 0x000000008fa00000, 0x000000008fb00000|  0%| F|  |TAMS 0x000000008fa00000, 0x000000008fa00000| Untracked 
| 251|0x000000008fb00000, 0x000000008fb00000, 0x000000008fc00000|  0%| F|  |TAMS 0x000000008fb00000, 0x000000008fb00000| Untracked 
| 252|0x000000008fc00000, 0x000000008fc00000, 0x000000008fd00000|  0%| F|  |TAMS 0x000000008fc00000, 0x000000008fc00000| Untracked 
| 253|0x000000008fd00000, 0x000000008fd00000, 0x000000008fe00000|  0%| F|  |TAMS 0x000000008fd00000, 0x000000008fd00000| Untracked 
| 254|0x000000008fe00000, 0x000000008fe00000, 0x000000008ff00000|  0%| F|  |TAMS 0x000000008fe00000, 0x000000008fe00000| Untracked 
| 255|0x000000008ff00000, 0x000000008ff00000, 0x0000000090000000|  0%| F|  |TAMS 0x000000008ff00000, 0x000000008ff00000| Untracked 
| 256|0x0000000090000000, 0x0000000090000000, 0x0000000090100000|  0%| F|  |TAMS 0x0000000090000000, 0x0000000090000000| Untracked 
| 257|0x0000000090100000, 0x0000000090100000, 0x0000000090200000|  0%| F|  |TAMS 0x0000000090100000, 0x0000000090100000| Untracked 
| 258|0x0000000090200000, 0x0000000090200000, 0x0000000090300000|  0%| F|  |TAMS 0x0000000090200000, 0x0000000090200000| Untracked 
| 259|0x0000000090300000, 0x0000000090300000, 0x0000000090400000|  0%| F|  |TAMS 0x0000000090300000, 0x0000000090300000| Untracked 
| 260|0x0000000090400000, 0x0000000090400000, 0x0000000090500000|  0%| F|  |TAMS 0x0000000090400000, 0x0000000090400000| Untracked 
| 261|0x0000000090500000, 0x0000000090500000, 0x0000000090600000|  0%| F|  |TAMS 0x0000000090500000, 0x0000000090500000| Untracked 
| 262|0x0000000090600000, 0x0000000090600000, 0x0000000090700000|  0%| F|  |TAMS 0x0000000090600000, 0x0000000090600000| Untracked 
| 263|0x0000000090700000, 0x0000000090700000, 0x0000000090800000|  0%| F|  |TAMS 0x0000000090700000, 0x0000000090700000| Untracked 
| 264|0x0000000090800000, 0x0000000090800000, 0x0000000090900000|  0%| F|  |TAMS 0x0000000090800000, 0x0000000090800000| Untracked 
| 265|0x0000000090900000, 0x0000000090900000, 0x0000000090a00000|  0%| F|  |TAMS 0x0000000090900000, 0x0000000090900000| Untracked 
| 266|0x0000000090a00000, 0x0000000090a00000, 0x0000000090b00000|  0%| F|  |TAMS 0x0000000090a00000, 0x0000000090a00000| Untracked 
| 267|0x0000000090b00000, 0x0000000090b00000, 0x0000000090c00000|  0%| F|  |TAMS 0x0000000090b00000, 0x0000000090b00000| Untracked 
| 268|0x0000000090c00000, 0x0000000090c00000, 0x0000000090d00000|  0%| F|  |TAMS 0x0000000090c00000, 0x0000000090c00000| Untracked 
| 269|0x0000000090d00000, 0x0000000090d00000, 0x0000000090e00000|  0%| F|  |TAMS 0x0000000090d00000, 0x0000000090d00000| Untracked 
| 270|0x0000000090e00000, 0x0000000090e00000, 0x0000000090f00000|  0%| F|  |TAMS 0x0000000090e00000, 0x0000000090e00000| Untracked 
| 271|0x0000000090f00000, 0x0000000090f00000, 0x0000000091000000|  0%| F|  |TAMS 0x0000000090f00000, 0x0000000090f00000| Untracked 
| 272|0x0000000091000000, 0x0000000091000000, 0x0000000091100000|  0%| F|  |TAMS 0x0000000091000000, 0x0000000091000000| Untracked 
| 273|0x0000000091100000, 0x0000000091100000, 0x0000000091200000|  0%| F|  |TAMS 0x0000000091100000, 0x0000000091100000| Untracked 
| 274|0x0000000091200000, 0x0000000091200000, 0x0000000091300000|  0%| F|  |TAMS 0x0000000091200000, 0x0000000091200000| Untracked 
| 275|0x0000000091300000, 0x0000000091300000, 0x0000000091400000|  0%| F|  |TAMS 0x0000000091300000, 0x0000000091300000| Untracked 
| 276|0x0000000091400000, 0x0000000091400000, 0x0000000091500000|  0%| F|  |TAMS 0x0000000091400000, 0x0000000091400000| Untracked 
| 277|0x0000000091500000, 0x0000000091500000, 0x0000000091600000|  0%| F|  |TAMS 0x0000000091500000, 0x0000000091500000| Untracked 
| 278|0x0000000091600000, 0x0000000091600000, 0x0000000091700000|  0%| F|  |TAMS 0x0000000091600000, 0x0000000091600000| Untracked 
| 279|0x0000000091700000, 0x0000000091700000, 0x0000000091800000|  0%| F|  |TAMS 0x0000000091700000, 0x0000000091700000| Untracked 
| 280|0x0000000091800000, 0x0000000091800000, 0x0000000091900000|  0%| F|  |TAMS 0x0000000091800000, 0x0000000091800000| Untracked 
| 281|0x0000000091900000, 0x0000000091900000, 0x0000000091a00000|  0%| F|  |TAMS 0x0000000091900000, 0x0000000091900000| Untracked 
| 282|0x0000000091a00000, 0x0000000091a00000, 0x0000000091b00000|  0%| F|  |TAMS 0x0000000091a00000, 0x0000000091a00000| Untracked 
| 283|0x0000000091b00000, 0x0000000091b00000, 0x0000000091c00000|  0%| F|  |TAMS 0x0000000091b00000, 0x0000000091b00000| Untracked 
| 284|0x0000000091c00000, 0x0000000091c00000, 0x0000000091d00000|  0%| F|  |TAMS 0x0000000091c00000, 0x0000000091c00000| Untracked 
| 285|0x0000000091d00000, 0x0000000091d00000, 0x0000000091e00000|  0%| F|  |TAMS 0x0000000091d00000, 0x0000000091d00000| Untracked 
| 286|0x0000000091e00000, 0x0000000091e00000, 0x0000000091f00000|  0%| F|  |TAMS 0x0000000091e00000, 0x0000000091e00000| Untracked 
| 287|0x0000000091f00000, 0x0000000091f00000, 0x0000000092000000|  0%| F|  |TAMS 0x0000000091f00000, 0x0000000091f00000| Untracked 
| 288|0x0000000092000000, 0x0000000092000000, 0x0000000092100000|  0%| F|  |TAMS 0x0000000092000000, 0x0000000092000000| Untracked 
| 289|0x0000000092100000, 0x0000000092100000, 0x0000000092200000|  0%| F|  |TAMS 0x0000000092100000, 0x0000000092100000| Untracked 
| 290|0x0000000092200000, 0x0000000092200000, 0x0000000092300000|  0%| F|  |TAMS 0x0000000092200000, 0x0000000092200000| Untracked 
| 291|0x0000000092300000, 0x0000000092300000, 0x0000000092400000|  0%| F|  |TAMS 0x0000000092300000, 0x0000000092300000| Untracked 
| 292|0x0000000092400000, 0x0000000092400000, 0x0000000092500000|  0%| F|  |TAMS 0x0000000092400000, 0x0000000092400000| Untracked 
| 293|0x0000000092500000, 0x0000000092500000, 0x0000000092600000|  0%| F|  |TAMS 0x0000000092500000, 0x0000000092500000| Untracked 
| 294|0x0000000092600000, 0x0000000092600000, 0x0000000092700000|  0%| F|  |TAMS 0x0000000092600000, 0x0000000092600000| Untracked 
| 295|0x0000000092700000, 0x0000000092700000, 0x0000000092800000|  0%| F|  |TAMS 0x0000000092700000, 0x0000000092700000| Untracked 
| 296|0x0000000092800000, 0x0000000092800000, 0x0000000092900000|  0%| F|  |TAMS 0x0000000092800000, 0x0000000092800000| Untracked 
| 297|0x0000000092900000, 0x0000000092900000, 0x0000000092a00000|  0%| F|  |TAMS 0x0000000092900000, 0x0000000092900000| Untracked 
| 298|0x0000000092a00000, 0x0000000092a00000, 0x0000000092b00000|  0%| F|  |TAMS 0x0000000092a00000, 0x0000000092a00000| Untracked 
| 299|0x0000000092b00000, 0x0000000092b00000, 0x0000000092c00000|  0%| F|  |TAMS 0x0000000092b00000, 0x0000000092b00000| Untracked 
| 300|0x0000000092c00000, 0x0000000092c00000, 0x0000000092d00000|  0%| F|  |TAMS 0x0000000092c00000, 0x0000000092c00000| Untracked 
| 301|0x0000000092d00000, 0x0000000092d00000, 0x0000000092e00000|  0%| F|  |TAMS 0x0000000092d00000, 0x0000000092d00000| Untracked 
| 302|0x0000000092e00000, 0x0000000092e00000, 0x0000000092f00000|  0%| F|  |TAMS 0x0000000092e00000, 0x0000000092e00000| Untracked 
| 303|0x0000000092f00000, 0x0000000092f00000, 0x0000000093000000|  0%| F|  |TAMS 0x0000000092f00000, 0x0000000092f00000| Untracked 
| 304|0x0000000093000000, 0x0000000093000000, 0x0000000093100000|  0%| F|  |TAMS 0x0000000093000000, 0x0000000093000000| Untracked 
| 305|0x0000000093100000, 0x0000000093100000, 0x0000000093200000|  0%| F|  |TAMS 0x0000000093100000, 0x0000000093100000| Untracked 
| 306|0x0000000093200000, 0x0000000093200000, 0x0000000093300000|  0%| F|  |TAMS 0x0000000093200000, 0x0000000093200000| Untracked 
| 307|0x0000000093300000, 0x0000000093300000, 0x0000000093400000|  0%| F|  |TAMS 0x0000000093300000, 0x0000000093300000| Untracked 
| 308|0x0000000093400000, 0x0000000093400000, 0x0000000093500000|  0%| F|  |TAMS 0x0000000093400000, 0x0000000093400000| Untracked 
| 309|0x0000000093500000, 0x00000000935a68d0, 0x0000000093600000| 65%| S|CS|TAMS 0x0000000093500000, 0x0000000093500000| Complete 
| 310|0x0000000093600000, 0x0000000093700000, 0x0000000093700000|100%| S|CS|TAMS 0x0000000093600000, 0x0000000093600000| Complete 
| 311|0x0000000093700000, 0x0000000093700000, 0x0000000093800000|  0%| F|  |TAMS 0x0000000093700000, 0x0000000093700000| Untracked 
| 312|0x0000000093800000, 0x0000000093800000, 0x0000000093900000|  0%| F|  |TAMS 0x0000000093800000, 0x0000000093800000| Untracked 
| 313|0x0000000093900000, 0x0000000093900000, 0x0000000093a00000|  0%| F|  |TAMS 0x0000000093900000, 0x0000000093900000| Untracked 
| 314|0x0000000093a00000, 0x0000000093a00000, 0x0000000093b00000|  0%| F|  |TAMS 0x0000000093a00000, 0x0000000093a00000| Untracked 
| 315|0x0000000093b00000, 0x0000000093b00000, 0x0000000093c00000|  0%| F|  |TAMS 0x0000000093b00000, 0x0000000093b00000| Untracked 
| 316|0x0000000093c00000, 0x0000000093c00000, 0x0000000093d00000|  0%| F|  |TAMS 0x0000000093c00000, 0x0000000093c00000| Untracked 
| 317|0x0000000093d00000, 0x0000000093d00000, 0x0000000093e00000|  0%| F|  |TAMS 0x0000000093d00000, 0x0000000093d00000| Untracked 
| 318|0x0000000093e00000, 0x0000000093e00000, 0x0000000093f00000|  0%| F|  |TAMS 0x0000000093e00000, 0x0000000093e00000| Untracked 
| 319|0x0000000093f00000, 0x0000000093f00000, 0x0000000094000000|  0%| F|  |TAMS 0x0000000093f00000, 0x0000000093f00000| Untracked 
| 320|0x0000000094000000, 0x0000000094000000, 0x0000000094100000|  0%| F|  |TAMS 0x0000000094000000, 0x0000000094000000| Untracked 
| 321|0x0000000094100000, 0x0000000094100000, 0x0000000094200000|  0%| F|  |TAMS 0x0000000094100000, 0x0000000094100000| Untracked 
| 322|0x0000000094200000, 0x0000000094200000, 0x0000000094300000|  0%| F|  |TAMS 0x0000000094200000, 0x0000000094200000| Untracked 
| 323|0x0000000094300000, 0x0000000094300000, 0x0000000094400000|  0%| F|  |TAMS 0x0000000094300000, 0x0000000094300000| Untracked 
| 324|0x0000000094400000, 0x0000000094400000, 0x0000000094500000|  0%| F|  |TAMS 0x0000000094400000, 0x0000000094400000| Untracked 
| 325|0x0000000094500000, 0x0000000094500000, 0x0000000094600000|  0%| F|  |TAMS 0x0000000094500000, 0x0000000094500000| Untracked 
| 326|0x0000000094600000, 0x0000000094600000, 0x0000000094700000|  0%| F|  |TAMS 0x0000000094600000, 0x0000000094600000| Untracked 
| 327|0x0000000094700000, 0x0000000094700000, 0x0000000094800000|  0%| F|  |TAMS 0x0000000094700000, 0x0000000094700000| Untracked 
| 328|0x0000000094800000, 0x0000000094800000, 0x0000000094900000|  0%| F|  |TAMS 0x0000000094800000, 0x0000000094800000| Untracked 
| 329|0x0000000094900000, 0x0000000094900000, 0x0000000094a00000|  0%| F|  |TAMS 0x0000000094900000, 0x0000000094900000| Untracked 
| 330|0x0000000094a00000, 0x0000000094a00000, 0x0000000094b00000|  0%| F|  |TAMS 0x0000000094a00000, 0x0000000094a00000| Untracked 
| 331|0x0000000094b00000, 0x0000000094b00000, 0x0000000094c00000|  0%| F|  |TAMS 0x0000000094b00000, 0x0000000094b00000| Untracked 
| 332|0x0000000094c00000, 0x0000000094c00000, 0x0000000094d00000|  0%| F|  |TAMS 0x0000000094c00000, 0x0000000094c00000| Untracked 
| 333|0x0000000094d00000, 0x0000000094d00000, 0x0000000094e00000|  0%| F|  |TAMS 0x0000000094d00000, 0x0000000094d00000| Untracked 
| 334|0x0000000094e00000, 0x0000000094e00000, 0x0000000094f00000|  0%| F|  |TAMS 0x0000000094e00000, 0x0000000094e00000| Untracked 
| 335|0x0000000094f00000, 0x0000000094f00000, 0x0000000095000000|  0%| F|  |TAMS 0x0000000094f00000, 0x0000000094f00000| Untracked 
| 336|0x0000000095000000, 0x0000000095000000, 0x0000000095100000|  0%| F|  |TAMS 0x0000000095000000, 0x0000000095000000| Untracked 
| 337|0x0000000095100000, 0x0000000095100000, 0x0000000095200000|  0%| F|  |TAMS 0x0000000095100000, 0x0000000095100000| Untracked 
| 338|0x0000000095200000, 0x0000000095224af0, 0x0000000095300000| 14%| E|  |TAMS 0x0000000095200000, 0x0000000095200000| Complete 
| 339|0x0000000095300000, 0x0000000095400000, 0x0000000095400000|100%| E|CS|TAMS 0x0000000095300000, 0x0000000095300000| Complete 
| 340|0x0000000095400000, 0x0000000095500000, 0x0000000095500000|100%| E|CS|TAMS 0x0000000095400000, 0x0000000095400000| Complete 
| 341|0x0000000095500000, 0x0000000095600000, 0x0000000095600000|100%| E|CS|TAMS 0x0000000095500000, 0x0000000095500000| Complete 
| 342|0x0000000095600000, 0x0000000095700000, 0x0000000095700000|100%| E|CS|TAMS 0x0000000095600000, 0x0000000095600000| Complete 
| 343|0x0000000095700000, 0x0000000095800000, 0x0000000095800000|100%| E|CS|TAMS 0x0000000095700000, 0x0000000095700000| Complete 
| 344|0x0000000095800000, 0x0000000095900000, 0x0000000095900000|100%| E|CS|TAMS 0x0000000095800000, 0x0000000095800000| Complete 
| 345|0x0000000095900000, 0x0000000095a00000, 0x0000000095a00000|100%| E|CS|TAMS 0x0000000095900000, 0x0000000095900000| Complete 
| 346|0x0000000095a00000, 0x0000000095b00000, 0x0000000095b00000|100%| E|CS|TAMS 0x0000000095a00000, 0x0000000095a00000| Complete 
| 347|0x0000000095b00000, 0x0000000095c00000, 0x0000000095c00000|100%| E|CS|TAMS 0x0000000095b00000, 0x0000000095b00000| Complete 
| 348|0x0000000095c00000, 0x0000000095d00000, 0x0000000095d00000|100%| E|CS|TAMS 0x0000000095c00000, 0x0000000095c00000| Complete 
| 349|0x0000000095d00000, 0x0000000095e00000, 0x0000000095e00000|100%| E|CS|TAMS 0x0000000095d00000, 0x0000000095d00000| Complete 
| 350|0x0000000095e00000, 0x0000000095f00000, 0x0000000095f00000|100%| E|CS|TAMS 0x0000000095e00000, 0x0000000095e00000| Complete 
| 351|0x0000000095f00000, 0x0000000096000000, 0x0000000096000000|100%| E|CS|TAMS 0x0000000095f00000, 0x0000000095f00000| Complete 
| 352|0x0000000096000000, 0x0000000096100000, 0x0000000096100000|100%| E|CS|TAMS 0x0000000096000000, 0x0000000096000000| Complete 
| 353|0x0000000096100000, 0x0000000096200000, 0x0000000096200000|100%| E|CS|TAMS 0x0000000096100000, 0x0000000096100000| Complete 
| 354|0x0000000096200000, 0x0000000096300000, 0x0000000096300000|100%| E|CS|TAMS 0x0000000096200000, 0x0000000096200000| Complete 
| 355|0x0000000096300000, 0x0000000096400000, 0x0000000096400000|100%| E|CS|TAMS 0x0000000096300000, 0x0000000096300000| Complete 
| 356|0x0000000096400000, 0x0000000096500000, 0x0000000096500000|100%| E|CS|TAMS 0x0000000096400000, 0x0000000096400000| Complete 
| 357|0x0000000096500000, 0x0000000096600000, 0x0000000096600000|100%| E|CS|TAMS 0x0000000096500000, 0x0000000096500000| Complete 
| 358|0x0000000096600000, 0x0000000096700000, 0x0000000096700000|100%| E|CS|TAMS 0x0000000096600000, 0x0000000096600000| Complete 

Card table byte_map: [0x000001dd472d0000,0x000001dd476d0000] _byte_map_base: 0x000001dd46ed0000

Marking Bits (Prev, Next): (CMBitMap*) 0x000001dd34a55780, (CMBitMap*) 0x000001dd34a55740
 Prev Bits: [0x000001dd49ad0000, 0x000001dd4bad0000)
 Next Bits: [0x000001dd47ad0000, 0x000001dd49ad0000)

Polling page: 0x000001dd32920000

Metaspace:

Usage:
  Non-class:    118.21 MB used.
      Class:     18.48 MB used.
       Both:    136.69 MB used.

Virtual space:
  Non-class space:      128.00 MB reserved,     118.75 MB ( 93%) committed,  2 nodes.
      Class space:        1.00 GB reserved,      19.00 MB (  2%) committed,  1 nodes.
             Both:        1.12 GB reserved,     137.75 MB ( 12%) committed. 

Chunk freelists:
   Non-Class:  9.27 MB
       Class:  13.00 MB
        Both:  22.27 MB

MaxMetaspaceSize: unlimited
CompressedClassSpaceSize: 1.00 GB
Initial GC threshold: 21.00 MB
Current GC threshold: 229.62 MB
CDS: off
MetaspaceReclaimPolicy: balanced
 - commit_granule_bytes: 65536.
 - commit_granule_words: 8192.
 - virtual_space_node_default_size: 8388608.
 - enlarge_chunks_in_place: 1.
 - new_chunks_are_fully_committed: 0.
 - uncommit_free_chunks: 1.
 - use_allocation_guard: 0.
 - handle_deallocations: 1.


Internal statistics:

num_allocs_failed_limit: 9.
num_arena_births: 1884.
num_arena_deaths: 4.
num_vsnodes_births: 3.
num_vsnodes_deaths: 0.
num_space_committed: 2202.
num_space_uncommitted: 0.
num_chunks_returned_to_freelist: 15.
num_chunks_taken_from_freelist: 7521.
num_chunk_merges: 6.
num_chunk_splits: 4870.
num_chunks_enlarged: 3088.
num_inconsistent_stats: 0.

CodeHeap 'non-profiled nmethods': size=120000Kb used=11541Kb max_used=11541Kb free=108458Kb
 bounds [0x000001dd3f9a0000, 0x000001dd404f0000, 0x000001dd46ed0000]
CodeHeap 'profiled nmethods': size=120000Kb used=30897Kb max_used=30897Kb free=89103Kb
 bounds [0x000001dd37ed0000, 0x000001dd39d00000, 0x000001dd3f400000]
CodeHeap 'non-nmethods': size=5760Kb used=1798Kb max_used=1881Kb free=3961Kb
 bounds [0x000001dd3f400000, 0x000001dd3f670000, 0x000001dd3f9a0000]
 total_blobs=17060 nmethods=16153 adapters=816
 compilation: enabled
              stopped_count=0, restarted_count=0
 full_count=0

Compilation events (20 events):
Event: 356.585 Thread 0x000001dd4e1d71d0 19381       3       com.android.builder.dexing.DexEntry::<init> (27 bytes)
Event: 356.586 Thread 0x000001dd4e1d71d0 nmethod 19381 0x000001dd39cf3590 code [0x000001dd39cf3820, 0x000001dd39cf4358]
Event: 356.591 Thread 0x000001dd4e1d71d0 19382   !   2       java.util.zip.InflaterInputStream::read (138 bytes)
Event: 356.592 Thread 0x000001dd4e1d71d0 nmethod 19382 0x000001dd39cf4790 code [0x000001dd39cf4a00, 0x000001dd39cf5298]
Event: 356.592 Thread 0x000001dd4e1d71d0 19383       3       java.util.zip.ZipInputStream::ensureOpen (18 bytes)
Event: 356.592 Thread 0x000001dd4e1d71d0 nmethod 19383 0x000001dd39cf5810 code [0x000001dd39cf59c0, 0x000001dd39cf5bc8]
Event: 356.592 Thread 0x000001dd4e1d71d0 19384       3       java.util.zip.ZipInputStream::read (304 bytes)
Event: 356.594 Thread 0x000001dd4e1d71d0 nmethod 19384 0x000001dd39cf5c90 code [0x000001dd39cf6040, 0x000001dd39cf76f8]
Event: 356.600 Thread 0x000001dd4e1d71d0 19385       3       java.io.PushbackInputStream::ensureOpen (18 bytes)
Event: 356.600 Thread 0x000001dd4e1d71d0 nmethod 19385 0x000001dd39cf7e90 code [0x000001dd39cf8040, 0x000001dd39cf8248]
Event: 356.600 Thread 0x000001dd4e1d71d0 19386       3       java.io.PushbackInputStream::read (145 bytes)
Event: 356.600 Thread 0x000001dd4e1d71d0 nmethod 19386 0x000001dd39cf8310 code [0x000001dd39cf8540, 0x000001dd39cf8e68]
Event: 356.601 Thread 0x000001dd4e1d71d0 19387       3       java.util.zip.InflaterInputStream::fill (60 bytes)
Event: 356.601 Thread 0x000001dd4e1d71d0 nmethod 19387 0x000001dd39cf9110 code [0x000001dd39cf9300, 0x000001dd39cf97b8]
Event: 356.619 Thread 0x000001dd4e1d71d0 19388   !   3       jdk.internal.reflect.GeneratedSerializationConstructorAccessor193::newInstance (49 bytes)
Event: 356.619 Thread 0x000001dd4e1d71d0 nmethod 19388 0x000001dd39cf9990 code [0x000001dd39cf9b60, 0x000001dd39cf9f68]
Event: 356.751 Thread 0x000001dd4e1d71d0 19389       3       org.gradle.execution.plan.DefaultPlanExecutor$ExecutorState$WorkerState::startWaitingForNextItem (27 bytes)
Event: 356.752 Thread 0x000001dd4e1d71d0 nmethod 19389 0x000001dd39cfa190 code [0x000001dd39cfa460, 0x000001dd39cfb298]
Event: 356.754 Thread 0x000001dd4e1d71d0 19390       3       java.util.regex.Pattern$SliceU::match (99 bytes)
Event: 356.754 Thread 0x000001dd4e1d71d0 nmethod 19390 0x000001dd39cfb790 code [0x000001dd39cfb9c0, 0x000001dd39cfc138]

GC Heap History (20 events):
Event: 283.095 GC heap before
{Heap before GC invocations=47 (full 0):
 garbage-first heap   total 367616K, used 334873K [0x0000000080000000, 0x0000000100000000)
  region size 1024K, 65 young (66560K), 2 survivors (2048K)
 Metaspace       used 120156K, committed 121024K, reserved 1179648K
  class space    used 16191K, committed 16640K, reserved 1048576K
}
Event: 283.104 GC heap after
{Heap after GC invocations=48 (full 0):
 garbage-first heap   total 367616K, used 173973K [0x0000000080000000, 0x0000000100000000)
  region size 1024K, 2 young (2048K), 2 survivors (2048K)
 Metaspace       used 120156K, committed 121024K, reserved 1179648K
  class space    used 16191K, committed 16640K, reserved 1048576K
}
Event: 283.231 GC heap before
{Heap before GC invocations=48 (full 0):
 garbage-first heap   total 367616K, used 189333K [0x0000000080000000, 0x0000000100000000)
  region size 1024K, 17 young (17408K), 2 survivors (2048K)
 Metaspace       used 120212K, committed 121088K, reserved 1179648K
  class space    used 16197K, committed 16640K, reserved 1048576K
}
Event: 283.242 GC heap after
{Heap after GC invocations=49 (full 0):
 garbage-first heap   total 367616K, used 172735K [0x0000000080000000, 0x0000000100000000)
  region size 1024K, 3 young (3072K), 3 survivors (3072K)
 Metaspace       used 120212K, committed 121088K, reserved 1179648K
  class space    used 16197K, committed 16640K, reserved 1048576K
}
Event: 294.196 GC heap before
{Heap before GC invocations=49 (full 0):
 garbage-first heap   total 367616K, used 296639K [0x0000000080000000, 0x0000000100000000)
  region size 1024K, 124 young (126976K), 3 survivors (3072K)
 Metaspace       used 121000K, committed 121920K, reserved 1179648K
  class space    used 16230K, committed 16704K, reserved 1048576K
}
Event: 294.218 GC heap after
{Heap after GC invocations=50 (full 0):
 garbage-first heap   total 367616K, used 185026K [0x0000000080000000, 0x0000000100000000)
  region size 1024K, 15 young (15360K), 15 survivors (15360K)
 Metaspace       used 121000K, committed 121920K, reserved 1179648K
  class space    used 16230K, committed 16704K, reserved 1048576K
}
Event: 345.873 GC heap before
{Heap before GC invocations=50 (full 0):
 garbage-first heap   total 367616K, used 298690K [0x0000000080000000, 0x0000000100000000)
  region size 1024K, 126 young (129024K), 15 survivors (15360K)
 Metaspace       used 121490K, committed 122432K, reserved 1179648K
  class space    used 16269K, committed 16768K, reserved 1048576K
}
Event: 345.913 GC heap after
{Heap after GC invocations=51 (full 0):
 garbage-first heap   total 367616K, used 193465K [0x0000000080000000, 0x0000000100000000)
  region size 1024K, 10 young (10240K), 10 survivors (10240K)
 Metaspace       used 121490K, committed 122432K, reserved 1179648K
  class space    used 16269K, committed 16768K, reserved 1048576K
}
Event: 349.026 GC heap before
{Heap before GC invocations=52 (full 0):
 garbage-first heap   total 367616K, used 288697K [0x0000000080000000, 0x0000000100000000)
  region size 1024K, 115 young (117760K), 10 survivors (10240K)
 Metaspace       used 123925K, committed 124864K, reserved 1179648K
  class space    used 16544K, committed 17024K, reserved 1048576K
}
Event: 349.049 GC heap after
{Heap after GC invocations=53 (full 0):
 garbage-first heap   total 367616K, used 192809K [0x0000000080000000, 0x0000000100000000)
  region size 1024K, 11 young (11264K), 11 survivors (11264K)
 Metaspace       used 123925K, committed 124864K, reserved 1179648K
  class space    used 16544K, committed 17024K, reserved 1048576K
}
Event: 349.208 GC heap before
{Heap before GC invocations=53 (full 0):
 garbage-first heap   total 367616K, used 198953K [0x0000000080000000, 0x0000000100000000)
  region size 1024K, 17 young (17408K), 11 survivors (11264K)
 Metaspace       used 124345K, committed 125312K, reserved 1179648K
  class space    used 16602K, committed 17088K, reserved 1048576K
}
Event: 349.231 GC heap after
{Heap after GC invocations=54 (full 0):
 garbage-first heap   total 367616K, used 191857K [0x0000000080000000, 0x0000000100000000)
  region size 1024K, 2 young (2048K), 2 survivors (2048K)
 Metaspace       used 124345K, committed 125312K, reserved 1179648K
  class space    used 16602K, committed 17088K, reserved 1048576K
}
Event: 353.629 GC heap before
{Heap before GC invocations=54 (full 0):
 garbage-first heap   total 367616K, used 299377K [0x0000000080000000, 0x0000000100000000)
  region size 1024K, 108 young (110592K), 2 survivors (2048K)
 Metaspace       used 125799K, committed 126848K, reserved 1179648K
  class space    used 16824K, committed 17344K, reserved 1048576K
}
Event: 353.642 GC heap after
{Heap after GC invocations=55 (full 0):
 garbage-first heap   total 367616K, used 194364K [0x0000000080000000, 0x0000000100000000)
  region size 1024K, 4 young (4096K), 4 survivors (4096K)
 Metaspace       used 125799K, committed 126848K, reserved 1179648K
  class space    used 16824K, committed 17344K, reserved 1048576K
}
Event: 355.607 GC heap before
{Heap before GC invocations=56 (full 0):
 garbage-first heap   total 367616K, used 281404K [0x0000000080000000, 0x0000000100000000)
  region size 1024K, 112 young (114688K), 4 survivors (4096K)
 Metaspace       used 133782K, committed 134912K, reserved 1179648K
  class space    used 17971K, committed 18560K, reserved 1048576K
}
Event: 355.620 GC heap after
{Heap after GC invocations=57 (full 0):
 garbage-first heap   total 367616K, used 174850K [0x0000000080000000, 0x0000000100000000)
  region size 1024K, 9 young (9216K), 9 survivors (9216K)
 Metaspace       used 133782K, committed 134912K, reserved 1179648K
  class space    used 17971K, committed 18560K, reserved 1048576K
}
Event: 355.706 GC heap before
{Heap before GC invocations=57 (full 0):
 garbage-first heap   total 367616K, used 182018K [0x0000000080000000, 0x0000000100000000)
  region size 1024K, 17 young (17408K), 9 survivors (9216K)
 Metaspace       used 134391K, committed 135552K, reserved 1179648K
  class space    used 18052K, committed 18624K, reserved 1048576K
}
Event: 355.728 GC heap after
{Heap after GC invocations=58 (full 0):
 garbage-first heap   total 367616K, used 160885K [0x0000000080000000, 0x0000000100000000)
  region size 1024K, 1 young (1024K), 1 survivors (1024K)
 Metaspace       used 134391K, committed 135552K, reserved 1179648K
  class space    used 18052K, committed 18624K, reserved 1048576K
}
Event: 356.456 GC heap before
{Heap before GC invocations=58 (full 0):
 garbage-first heap   total 367616K, used 207989K [0x0000000080000000, 0x0000000100000000)
  region size 1024K, 48 young (49152K), 1 survivors (1024K)
 Metaspace       used 139715K, committed 140800K, reserved 1179648K
  class space    used 18899K, committed 19456K, reserved 1048576K
}
Event: 356.462 GC heap after
{Heap after GC invocations=59 (full 0):
 garbage-first heap   total 367616K, used 161551K [0x0000000080000000, 0x0000000100000000)
  region size 1024K, 2 young (2048K), 2 survivors (2048K)
 Metaspace       used 139715K, committed 140800K, reserved 1179648K
  class space    used 18899K, committed 19456K, reserved 1048576K
}

Dll operation events (3 events):
Event: 0.013 Loaded shared library C:\Program Files\Android\Android Studio\jbr\bin\java.dll
Event: 0.187 Loaded shared library C:\Program Files\Android\Android Studio\jbr\bin\zip.dll
Event: 0.628 Loaded shared library C:\Program Files\Android\Android Studio\jbr\bin\verify.dll

Deoptimization events (20 events):
Event: 356.589 Thread 0x000001dd57c9b3d0 Uncommon trap: trap_request=0xffffffde fr.pc=0x000001dd3fac360c relative=0x00000000000010ac
Event: 356.589 Thread 0x000001dd57c9b3d0 Uncommon trap: reason=class_check action=maybe_recompile pc=0x000001dd3fac360c method=java.util.zip.InflaterInputStream.read([BII)I @ 100 c2
Event: 356.589 Thread 0x000001dd57c9b3d0 DEOPT PACKING pc=0x000001dd3fac360c sp=0x000000b1cc3fe010
Event: 356.589 Thread 0x000001dd57c9b3d0 DEOPT UNPACKING pc=0x000001dd3f4569a3 sp=0x000000b1cc3fe060 mode 2
Event: 356.590 Thread 0x000001dd57c9b3d0 Uncommon trap: trap_request=0xffffffde fr.pc=0x000001dd3fac360c relative=0x00000000000010ac
Event: 356.590 Thread 0x000001dd57c9b3d0 Uncommon trap: reason=class_check action=maybe_recompile pc=0x000001dd3fac360c method=java.util.zip.InflaterInputStream.read([BII)I @ 100 c2
Event: 356.590 Thread 0x000001dd57c9b3d0 DEOPT PACKING pc=0x000001dd3fac360c sp=0x000000b1cc3fe010
Event: 356.590 Thread 0x000001dd57c9b3d0 DEOPT UNPACKING pc=0x000001dd3f4569a3 sp=0x000000b1cc3fe060 mode 2
Event: 356.590 Thread 0x000001dd57c9b3d0 Uncommon trap: trap_request=0xffffffde fr.pc=0x000001dd3fac360c relative=0x00000000000010ac
Event: 356.590 Thread 0x000001dd57c9b3d0 Uncommon trap: reason=class_check action=maybe_recompile pc=0x000001dd3fac360c method=java.util.zip.InflaterInputStream.read([BII)I @ 100 c2
Event: 356.590 Thread 0x000001dd57c9b3d0 DEOPT PACKING pc=0x000001dd3fac360c sp=0x000000b1cc3fe010
Event: 356.590 Thread 0x000001dd57c9b3d0 DEOPT UNPACKING pc=0x000001dd3f4569a3 sp=0x000000b1cc3fe060 mode 2
Event: 356.590 Thread 0x000001dd57c9b3d0 Uncommon trap: trap_request=0xffffffde fr.pc=0x000001dd3fac360c relative=0x00000000000010ac
Event: 356.590 Thread 0x000001dd57c9b3d0 Uncommon trap: reason=class_check action=maybe_recompile pc=0x000001dd3fac360c method=java.util.zip.InflaterInputStream.read([BII)I @ 100 c2
Event: 356.590 Thread 0x000001dd57c9b3d0 DEOPT PACKING pc=0x000001dd3fac360c sp=0x000000b1cc3fe010
Event: 356.590 Thread 0x000001dd57c9b3d0 DEOPT UNPACKING pc=0x000001dd3f4569a3 sp=0x000000b1cc3fe060 mode 2
Event: 356.596 Thread 0x000001dd57c9b3d0 Uncommon trap: trap_request=0xffffff45 fr.pc=0x000001dd40226e7c relative=0x00000000000008bc
Event: 356.596 Thread 0x000001dd57c9b3d0 Uncommon trap: reason=unstable_if action=reinterpret pc=0x000001dd40226e7c method=java.io.File.getParent()Ljava/lang/String; @ 23 c2
Event: 356.596 Thread 0x000001dd57c9b3d0 DEOPT PACKING pc=0x000001dd40226e7c sp=0x000000b1cc3fe1a0
Event: 356.596 Thread 0x000001dd57c9b3d0 DEOPT UNPACKING pc=0x000001dd3f4569a3 sp=0x000000b1cc3fe180 mode 2

Classes unloaded (2 events):
Event: 43.873 Thread 0x000001dd4dfe9fd0 Unloading class 0x0000000100f30400 'java/lang/invoke/LambdaForm$DMH+0x0000000100f30400'
Event: 356.793 Thread 0x000001dd4dfe9fd0 Unloading class 0x0000000101114400 'jdk/internal/reflect/GeneratedSerializationConstructorAccessor188'

Classes redefined (0 events):
No events

Internal exceptions (20 events):
Event: 355.092 Thread 0x000001dd57724570 Exception <a 'java/lang/NoSuchMethodError'{0x0000000091c7fc00}: 'java.lang.Object java.lang.invoke.DirectMethodHandle$Holder.invokeStaticInit(java.lang.Object, java.lang.Object, java.lang.Object, java.lang.Object, java.lang.Object, java.lang.Object, java.lang.Object, java.lang.Object, java.lang.Object, java.lang.Object, java.lang.Object, java.lang.Object, java.lang.Object, java.lang.Object, java.lang.Object, java.lang.Object, java.lang.Object, java.lang.Object, java.lang.Object, java.lang.Object, int, java
Event: 355.125 Thread 0x000001dd57724570 Exception <a 'java/lang/IncompatibleClassChangeError'{0x0000000091a82400}: Found class java.lang.Object, but interface was expected> (0x0000000091a82400) 
thrown [s\src\hotspot\share\interpreter\linkResolver.cpp, line 838]
Event: 355.219 Thread 0x000001dd57724570 Exception <a 'java/lang/NoSuchMethodError'{0x00000000915faad8}: 'java.lang.Object java.lang.invoke.DirectMethodHandle$Holder.newInvokeSpecial(java.lang.Object, long)'> (0x00000000915faad8) 
thrown [s\src\hotspot\share\interpreter\linkResolver.cpp, line 771]
Event: 355.659 Thread 0x000001dd57724570 Exception <a 'java/lang/NoSuchMethodError'{0x00000000964ffc60}: 'java.lang.Object java.lang.invoke.DirectMethodHandle$Holder.invokeStatic(java.lang.Object, int, java.lang.Object, java.lang.Object)'> (0x00000000964ffc60) 
thrown [s\src\hotspot\share\interpreter\linkResolver.cpp, line 771]
Event: 355.660 Thread 0x000001dd57724570 Exception <a 'java/lang/NoSuchMethodError'{0x0000000096314f38}: 'java.lang.Object java.lang.invoke.DirectMethodHandle$Holder.invokeStatic(java.lang.Object, java.lang.Object, int, java.lang.Object, java.lang.Object)'> (0x0000000096314f38) 
thrown [s\src\hotspot\share\interpreter\linkResolver.cpp, line 771]
Event: 355.800 Thread 0x000001dd57724570 Exception <a 'java/lang/IncompatibleClassChangeError'{0x0000000095f4b0a0}: Found class java.lang.Object, but interface was expected> (0x0000000095f4b0a0) 
thrown [s\src\hotspot\share\interpreter\linkResolver.cpp, line 838]
Event: 355.835 Thread 0x000001dd57724570 Exception <a 'java/lang/IncompatibleClassChangeError'{0x0000000095ca6378}: Found class java.lang.Object, but interface was expected> (0x0000000095ca6378) 
thrown [s\src\hotspot\share\interpreter\linkResolver.cpp, line 838]
Event: 355.835 Thread 0x000001dd57724570 Exception <a 'java/lang/IncompatibleClassChangeError'{0x0000000095caaa20}: Found class java.lang.Object, but interface was expected> (0x0000000095caaa20) 
thrown [s\src\hotspot\share\interpreter\linkResolver.cpp, line 838]
Event: 355.902 Thread 0x000001dd57724570 Exception <a 'java/lang/NoSuchMethodError'{0x0000000095741e58}: 'void java.lang.invoke.DirectMethodHandle$Holder.invokeSpecial(java.lang.Object, java.lang.Object, int, java.lang.Object)'> (0x0000000095741e58) 
thrown [s\src\hotspot\share\interpreter\linkResolver.cpp, line 771]
Event: 355.977 Thread 0x000001dd57724570 Exception <a 'java/lang/NoSuchMethodError'{0x0000000095182f90}: 'int java.lang.invoke.DirectMethodHandle$Holder.invokeSpecial(java.lang.Object, java.lang.Object, java.lang.Object, int)'> (0x0000000095182f90) 
thrown [s\src\hotspot\share\interpreter\linkResolver.cpp, line 771]
Event: 355.983 Thread 0x000001dd57724570 Exception <a 'java/lang/NoSuchMethodError'{0x000000009500b1d8}: 'int java.lang.invoke.DirectMethodHandle$Holder.invokeSpecial(java.lang.Object, java.lang.Object, java.lang.Object, int, java.lang.Object)'> (0x000000009500b1d8) 
thrown [s\src\hotspot\share\interpreter\linkResolver.cpp, line 771]
Event: 356.174 Thread 0x000001dd57724570 Exception <a 'java/lang/NoSuchMethodError'{0x00000000947e1960}: 'java.lang.Object java.lang.invoke.DirectMethodHandle$Holder.invokeInterface(java.lang.Object, java.lang.Object, int)'> (0x00000000947e1960) 
thrown [s\src\hotspot\share\interpreter\linkResolver.cpp, line 771]
Event: 356.237 Thread 0x000001dd57724570 Exception <a 'java/lang/NoSuchMethodError'{0x00000000943a59f8}: 'java.lang.Object java.lang.invoke.DirectMethodHandle$Holder.newInvokeSpecial(java.lang.Object, java.lang.Object, int, java.lang.Object, java.lang.Object, java.lang.Object)'> (0x00000000943a59f8) 
thrown [s\src\hotspot\share\interpreter\linkResolver.cpp, line 771]
Event: 356.237 Thread 0x000001dd57724570 Exception <a 'java/lang/NoSuchMethodError'{0x00000000943ad470}: 'java.lang.Object java.lang.invoke.Invokers$Holder.linkToTargetMethod(java.lang.Object, int, java.lang.Object, java.lang.Object, java.lang.Object, java.lang.Object)'> (0x00000000943ad470) 
thrown [s\src\hotspot\share\interpreter\linkResolver.cpp, line 771]
Event: 356.238 Thread 0x000001dd57724570 Exception <a 'java/lang/NoSuchMethodError'{0x00000000943b14a8}: 'void java.lang.invoke.DirectMethodHandle$Holder.invokeSpecial(java.lang.Object, java.lang.Object, java.lang.Object, int, java.lang.Object, java.lang.Object, java.lang.Object, java.lang.Object)'> (0x00000000943b14a8) 
thrown [s\src\hotspot\share\interpreter\linkResolver.cpp, line 771]
Event: 356.240 Thread 0x000001dd57724570 Exception <a 'java/lang/NoSuchMethodError'{0x00000000943d73c8}: 'void java.lang.invoke.DirectMethodHandle$Holder.invokeStatic(java.lang.Object, java.lang.Object, java.lang.Object, java.lang.Object, java.lang.Object, java.lang.Object, java.lang.Object, java.lang.Object)'> (0x00000000943d73c8) 
thrown [s\src\hotspot\share\interpreter\linkResolver.cpp, line 771]
Event: 356.345 Thread 0x000001dd57724570 Exception <a 'java/lang/IncompatibleClassChangeError'{0x0000000093ec8730}: Found class java.lang.Object, but interface was expected> (0x0000000093ec8730) 
thrown [s\src\hotspot\share\interpreter\linkResolver.cpp, line 838]
Event: 356.434 Thread 0x000001dd57724570 Exception <a 'sun/nio/fs/WindowsException'{0x0000000093a570b0}> (0x0000000093a570b0) 
thrown [s\src\hotspot\share\prims\jni.cpp, line 517]
Event: 356.605 Thread 0x000001dd57c9b3d0 Exception <a 'sun/nio/fs/WindowsException'{0x0000000095495738}> (0x0000000095495738) 
thrown [s\src\hotspot\share\prims\jni.cpp, line 517]
Event: 356.606 Thread 0x000001dd57c9b3d0 Exception <a 'sun/nio/fs/WindowsException'{0x0000000095495920}> (0x0000000095495920) 
thrown [s\src\hotspot\share\prims\jni.cpp, line 517]

VM Operations (20 events):
Event: 355.706 Executing VM operation: G1CollectForAllocation
Event: 355.728 Executing VM operation: G1CollectForAllocation done
Event: 355.950 Executing VM operation: HandshakeAllThreads
Event: 355.951 Executing VM operation: HandshakeAllThreads done
Event: 355.953 Executing VM operation: HandshakeAllThreads
Event: 355.953 Executing VM operation: HandshakeAllThreads done
Event: 356.129 Executing VM operation: HandshakeAllThreads
Event: 356.129 Executing VM operation: HandshakeAllThreads done
Event: 356.175 Executing VM operation: ICBufferFull
Event: 356.176 Executing VM operation: ICBufferFull done
Event: 356.381 Executing VM operation: HandshakeAllThreads
Event: 356.381 Executing VM operation: HandshakeAllThreads done
Event: 356.410 Executing VM operation: ICBufferFull
Event: 356.411 Executing VM operation: ICBufferFull done
Event: 356.432 Executing VM operation: HandshakeAllThreads
Event: 356.432 Executing VM operation: HandshakeAllThreads done
Event: 356.456 Executing VM operation: G1TryInitiateConcMark
Event: 356.462 Executing VM operation: G1TryInitiateConcMark done
Event: 356.791 Executing VM operation: G1PauseRemark
Event: 356.815 Executing VM operation: G1PauseRemark done

Events (20 events):
Event: 356.036 loading class java/util/IdentityHashMap$ValueIterator done
Event: 356.146 loading class java/util/AbstractList$SubList
Event: 356.146 loading class java/util/AbstractList$SubList done
Event: 356.146 loading class java/util/AbstractList$SubList$1
Event: 356.147 loading class java/util/AbstractList$SubList$1 done
Event: 356.168 Thread 0x000001dd57dc2d80 Thread added: 0x000001dd57dc2d80
Event: 356.371 loading class java/nio/ShortBuffer
Event: 356.372 loading class java/nio/ShortBuffer done
Event: 356.387 Thread 0x000001dd4e1da3a0 flushing nmethod 0x000001dd37ef4690
Event: 356.397 Thread 0x000001dd4e1da3a0 flushing nmethod 0x000001dd3889be10
Event: 356.397 Thread 0x000001dd4e1da3a0 flushing nmethod 0x000001dd3890b890
Event: 356.401 Thread 0x000001dd4e1da3a0 flushing nmethod 0x000001dd38ca7690
Event: 356.405 loading class java/nio/ByteBufferAsShortBufferL
Event: 356.405 loading class java/nio/ByteBufferAsShortBufferL done
Event: 356.406 Thread 0x000001dd4e1da3a0 flushing nmethod 0x000001dd391c8610
Event: 356.420 Thread 0x000001dd5d641f70 Thread exited: 0x000001dd5d641f70
Event: 356.431 loading class java/util/zip/Adler32
Event: 356.431 loading class java/util/zip/Adler32 done
Event: 356.588 loading class java/io/PushbackInputStream
Event: 356.588 loading class java/io/PushbackInputStream done


Dynamic libraries:
0x00007ff6d6b00000 - 0x00007ff6d6b0a000 	C:\Program Files\Android\Android Studio\jbr\bin\java.exe
0x00007ffdc57f0000 - 0x00007ffdc59e8000 	C:\WINDOWS\SYSTEM32\ntdll.dll
0x00007ffdc3da0000 - 0x00007ffdc3e61000 	C:\WINDOWS\System32\KERNEL32.DLL
0x00007ffdc3140000 - 0x00007ffdc343d000 	C:\WINDOWS\System32\KERNELBASE.dll
0x00007ffdbeac0000 - 0x00007ffdbeb54000 	C:\WINDOWS\SYSTEM32\apphelp.dll
0x00007ffdc2f10000 - 0x00007ffdc3010000 	C:\WINDOWS\System32\ucrtbase.dll
0x00007ffdbf750000 - 0x00007ffdbf76b000 	C:\Program Files\Android\Android Studio\jbr\bin\VCRUNTIME140.dll
0x00007ffdae300000 - 0x00007ffdae317000 	C:\Program Files\Android\Android Studio\jbr\bin\jli.dll
0x00007ffdc5060000 - 0x00007ffdc51fd000 	C:\WINDOWS\System32\USER32.dll
0x00007ffdc3440000 - 0x00007ffdc3462000 	C:\WINDOWS\System32\win32u.dll
0x00007ffdc4a60000 - 0x00007ffdc4a8b000 	C:\WINDOWS\System32\GDI32.dll
0x00007ffdb1190000 - 0x00007ffdb142a000 	C:\WINDOWS\WinSxS\amd64_microsoft.windows.common-controls_6595b64144ccf1df_6.0.19041.4355_none_60b8b9eb71f62e16\COMCTL32.dll
0x00007ffdc3470000 - 0x00007ffdc3587000 	C:\WINDOWS\System32\gdi32full.dll
0x00007ffdc3960000 - 0x00007ffdc39fe000 	C:\WINDOWS\System32\msvcrt.dll
0x00007ffdc30a0000 - 0x00007ffdc313d000 	C:\WINDOWS\System32\msvcp_win.dll
0x00007ffdc4e50000 - 0x00007ffdc4e7f000 	C:\WINDOWS\System32\IMM32.DLL
0x00007ffdbf720000 - 0x00007ffdbf72c000 	C:\Program Files\Android\Android Studio\jbr\bin\vcruntime140_1.dll
0x00007ffda59d0000 - 0x00007ffda5a5d000 	C:\Program Files\Android\Android Studio\jbr\bin\msvcp140.dll
0x00007ffd85a00000 - 0x00007ffd86683000 	C:\Program Files\Android\Android Studio\jbr\bin\server\jvm.dll
0x00007ffdc3aa0000 - 0x00007ffdc3b50000 	C:\WINDOWS\System32\ADVAPI32.dll
0x00007ffdc46d0000 - 0x00007ffdc4770000 	C:\WINDOWS\System32\sechost.dll
0x00007ffdc4f30000 - 0x00007ffdc5053000 	C:\WINDOWS\System32\RPCRT4.dll
0x00007ffdc3640000 - 0x00007ffdc3667000 	C:\WINDOWS\System32\bcrypt.dll
0x00007ffdc2420000 - 0x00007ffdc246b000 	C:\WINDOWS\SYSTEM32\POWRPROF.dll
0x00007ffdac4b0000 - 0x00007ffdac4b9000 	C:\WINDOWS\SYSTEM32\WSOCK32.dll
0x00007ffdc56d0000 - 0x00007ffdc573b000 	C:\WINDOWS\System32\WS2_32.dll
0x00007ffdbe8f0000 - 0x00007ffdbe8fa000 	C:\WINDOWS\SYSTEM32\VERSION.dll
0x00007ffdb15e0000 - 0x00007ffdb1607000 	C:\WINDOWS\SYSTEM32\WINMM.dll
0x00007ffdc2290000 - 0x00007ffdc22a2000 	C:\WINDOWS\SYSTEM32\UMPDC.dll
0x00007ffdc16e0000 - 0x00007ffdc16f2000 	C:\WINDOWS\SYSTEM32\kernel.appcore.dll
0x00007ffdbf570000 - 0x00007ffdbf57a000 	C:\Program Files\Android\Android Studio\jbr\bin\jimage.dll
0x00007ffdc0c10000 - 0x00007ffdc0df4000 	C:\WINDOWS\SYSTEM32\DBGHELP.DLL
0x00007ffdac990000 - 0x00007ffdac9c4000 	C:\WINDOWS\SYSTEM32\dbgcore.DLL
0x00007ffdc3010000 - 0x00007ffdc3092000 	C:\WINDOWS\System32\bcryptPrimitives.dll
0x00007ffdb19b0000 - 0x00007ffdb19be000 	C:\Program Files\Android\Android Studio\jbr\bin\instrument.dll
0x00007ffdbcbe0000 - 0x00007ffdbcc05000 	C:\Program Files\Android\Android Studio\jbr\bin\java.dll
0x00007ffdba070000 - 0x00007ffdba088000 	C:\Program Files\Android\Android Studio\jbr\bin\zip.dll
0x00007ffdc3f60000 - 0x00007ffdc46cf000 	C:\WINDOWS\System32\SHELL32.dll
0x00007ffdc0e20000 - 0x00007ffdc15bf000 	C:\WINDOWS\SYSTEM32\windows.storage.dll
0x00007ffdc4a90000 - 0x00007ffdc4de3000 	C:\WINDOWS\System32\combase.dll
0x00007ffdc28c0000 - 0x00007ffdc28ee000 	C:\WINDOWS\SYSTEM32\Wldp.dll
0x00007ffdc3cd0000 - 0x00007ffdc3d9d000 	C:\WINDOWS\System32\OLEAUT32.dll
0x00007ffdc4e80000 - 0x00007ffdc4f2d000 	C:\WINDOWS\System32\SHCORE.dll
0x00007ffdc4df0000 - 0x00007ffdc4e45000 	C:\WINDOWS\System32\shlwapi.dll
0x00007ffdc2dd0000 - 0x00007ffdc2df4000 	C:\WINDOWS\SYSTEM32\profapi.dll
0x00007ffdb5510000 - 0x00007ffdb5529000 	C:\Program Files\Android\Android Studio\jbr\bin\net.dll
0x00007ffdbad50000 - 0x00007ffdbae5d000 	C:\WINDOWS\SYSTEM32\WINHTTP.dll
0x00007ffdc2620000 - 0x00007ffdc268a000 	C:\WINDOWS\system32\mswsock.dll
0x00007ffdb17d0000 - 0x00007ffdb17e6000 	C:\Program Files\Android\Android Studio\jbr\bin\nio.dll
0x00007ffdb4c00000 - 0x00007ffdb4c10000 	C:\Program Files\Android\Android Studio\jbr\bin\verify.dll
0x00007ffdabf70000 - 0x00007ffdabf97000 	C:\Users\sadra\.gradle\wrapper\dists\gradle-8.7-bin\native\c067742578af261105cb4f569cf0c3c89f3d7b1fecec35dd04571415982c5e48\windows-amd64\native-platform.dll
0x00007ffd91530000 - 0x00007ffd91674000 	C:\Users\sadra\.gradle\wrapper\dists\gradle-8.7-bin\native\38dada09dfb8b06ba9b0570ebf7e218e3eb74d4ef43ca46872605cf95ebc2f47\windows-amd64\native-platform-file-events.dll
0x00007ffdbebd0000 - 0x00007ffdbebd9000 	C:\Program Files\Android\Android Studio\jbr\bin\management.dll
0x00007ffdb5500000 - 0x00007ffdb550b000 	C:\Program Files\Android\Android Studio\jbr\bin\management_ext.dll
0x00007ffdc5740000 - 0x00007ffdc5748000 	C:\WINDOWS\System32\PSAPI.DLL
0x00007ffdc2820000 - 0x00007ffdc2838000 	C:\WINDOWS\SYSTEM32\CRYPTSP.dll
0x00007ffdc1ed0000 - 0x00007ffdc1f04000 	C:\WINDOWS\system32\rsaenh.dll
0x00007ffdc2d40000 - 0x00007ffdc2d6e000 	C:\WINDOWS\SYSTEM32\USERENV.dll
0x00007ffdc2810000 - 0x00007ffdc281c000 	C:\WINDOWS\SYSTEM32\CRYPTBASE.dll
0x00007ffdc22b0000 - 0x00007ffdc22eb000 	C:\WINDOWS\SYSTEM32\IPHLPAPI.DLL
0x00007ffdc3950000 - 0x00007ffdc3958000 	C:\WINDOWS\System32\NSI.dll
0x00007ffdbbaa0000 - 0x00007ffdbbab7000 	C:\WINDOWS\SYSTEM32\dhcpcsvc6.DLL
0x00007ffdbc010000 - 0x00007ffdbc02d000 	C:\WINDOWS\SYSTEM32\dhcpcsvc.DLL
0x00007ffdc2300000 - 0x00007ffdc23ca000 	C:\WINDOWS\SYSTEM32\DNSAPI.dll
0x00007ffdbec50000 - 0x00007ffdbec59000 	C:\Program Files\Android\Android Studio\jbr\bin\extnet.dll
0x00007ffdbf320000 - 0x00007ffdbf327000 	C:\WINDOWS\system32\wshunix.dll
0x00007ffda5350000 - 0x00007ffda5367000 	C:\WINDOWS\system32\napinsp.dll
0x00007ffda52c0000 - 0x00007ffda52db000 	C:\WINDOWS\system32\pnrpnsp.dll
0x00007ffda4730000 - 0x00007ffda4745000 	C:\WINDOWS\system32\wshbth.dll
0x00007ffdbe830000 - 0x00007ffdbe84d000 	C:\WINDOWS\system32\NLAapi.dll
0x00007ffda3fc0000 - 0x00007ffda3fd2000 	C:\WINDOWS\System32\winrnr.dll
0x00007ffdaf700000 - 0x00007ffdaf70a000 	C:\Windows\System32\rasadhlp.dll
0x00007ffdb1cc0000 - 0x00007ffdb1d40000 	C:\WINDOWS\System32\fwpuclnt.dll
0x00007ffdbf710000 - 0x00007ffdbf717000 	C:\Program Files\Android\Android Studio\jbr\bin\rmi.dll
0x00007ffdc1f60000 - 0x00007ffdc1f93000 	C:\WINDOWS\SYSTEM32\ntmarta.dll

dbghelp: loaded successfully - version: 4.0.5 - missing functions: none
symbol engine: initialized successfully - sym options: 0x614 - pdb path: .;C:\Program Files\Android\Android Studio\jbr\bin;C:\WINDOWS\SYSTEM32;C:\WINDOWS\WinSxS\amd64_microsoft.windows.common-controls_6595b64144ccf1df_6.0.19041.4355_none_60b8b9eb71f62e16;C:\Program Files\Android\Android Studio\jbr\bin\server;C:\Users\sadra\.gradle\wrapper\dists\gradle-8.7-bin\native\c067742578af261105cb4f569cf0c3c89f3d7b1fecec35dd04571415982c5e48\windows-amd64;C:\Users\sadra\.gradle\wrapper\dists\gradle-8.7-bin\native\38dada09dfb8b06ba9b0570ebf7e218e3eb74d4ef43ca46872605cf95ebc2f47\windows-amd64

VM Arguments:
jvm_args: --add-opens=java.base/java.util=ALL-UNNAMED --add-opens=java.base/java.lang=ALL-UNNAMED --add-opens=java.base/java.lang.invoke=ALL-UNNAMED --add-opens=java.prefs/java.util.prefs=ALL-UNNAMED --add-opens=java.base/java.nio.charset=ALL-UNNAMED --add-opens=java.base/java.net=ALL-UNNAMED --add-opens=java.base/java.util.concurrent.atomic=ALL-UNNAMED -Xmx2048m -Dfile.encoding=UTF-8 -Duser.country=US -Duser.language=en -Duser.variant -javaagent:C:\Users\sadra\.gradle\wrapper\dists\gradle-8.7-bin\wrapper\dists\gradle-8.7-bin\bhs2wmbdwecv87pi65oeuq5iu\gradle-8.7\lib\agents\gradle-instrumentation-agent-8.7.jar 
java_command: org.gradle.launcher.daemon.bootstrap.GradleDaemon 8.7
java_class_path (initial): C:\Users\sadra\.gradle\wrapper\dists\gradle-8.7-bin\wrapper\dists\gradle-8.7-bin\bhs2wmbdwecv87pi65oeuq5iu\gradle-8.7\lib\gradle-launcher-8.7.jar
Launcher Type: SUN_STANDARD

[Global flags]
     intx CICompilerCount                          = 3                                         {product} {ergonomic}
     uint ConcGCThreads                            = 1                                         {product} {ergonomic}
     uint G1ConcRefinementThreads                  = 4                                         {product} {ergonomic}
   size_t G1HeapRegionSize                         = 1048576                                   {product} {ergonomic}
    uintx GCDrainStackTargetSize                   = 64                                        {product} {ergonomic}
   size_t InitialHeapSize                          = 132120576                                 {product} {ergonomic}
   size_t MarkStackSize                            = 4194304                                   {product} {ergonomic}
   size_t MaxHeapSize                              = 2147483648                                {product} {command line}
   size_t MaxNewSize                               = 1287651328                                {product} {ergonomic}
   size_t MinHeapDeltaBytes                        = 1048576                                   {product} {ergonomic}
   size_t MinHeapSize                              = 8388608                                   {product} {ergonomic}
    uintx NonNMethodCodeHeapSize                   = 5832780                                {pd product} {ergonomic}
    uintx NonProfiledCodeHeapSize                  = 122912730                              {pd product} {ergonomic}
    uintx ProfiledCodeHeapSize                     = 122912730                              {pd product} {ergonomic}
    uintx ReservedCodeCacheSize                    = 251658240                              {pd product} {ergonomic}
     bool SegmentedCodeCache                       = true                                      {product} {ergonomic}
   size_t SoftMaxHeapSize                          = 2147483648                             {manageable} {ergonomic}
     bool UseCompressedClassPointers               = true                           {product lp64_product} {ergonomic}
     bool UseCompressedOops                        = true                           {product lp64_product} {ergonomic}
     bool UseG1GC                                  = true                                      {product} {ergonomic}
     bool UseLargePagesIndividualAllocation        = false                                  {pd product} {ergonomic}

Logging:
Log output configuration:
 #0: stdout all=warning uptime,level,tags
 #1: stderr all=off uptime,level,tags

Environment Variables:
JAVA_HOME=C:\Program Files\Java\jdk1.8.0_301
PATH=C:\Program Files\Common Files\Oracle\Java\javapath;C:\Program Files (x86)\Common Files\Oracle\Java\javapath;C:\Windows\system32;C:\Windows;C:\Windows\System32\Wbem;C:\Windows\System32\WindowsPowerShell\v1.0\;C:\Windows\System32\OpenSSH\;C:\Program Files (x86)\NVIDIA Corporation\PhysX\Common;C:\WINDOWS\system32;C:\WINDOWS;C:\WINDOWS\System32\Wbem;C:\WINDOWS\System32\WindowsPowerShell\v1.0\;C:\WINDOWS\System32\OpenSSH\;C:\Program Files\Git\cmd;C:\Program Files\dotnet\;C:\Users\sadra\AppData\Local\Microsoft\WindowsApps
USERNAME=Amirreza
OS=Windows_NT
PROCESSOR_IDENTIFIER=Intel64 Family 6 Model 78 Stepping 3, GenuineIntel
TMP=C:\Users\sadra\AppData\Local\Temp
TEMP=C:\Users\sadra\AppData\Local\Temp



Periodic native trim disabled

JNI global refs:
JNI global refs: 26, weak refs: 4

JNI global refs memory usage: 843, weak refs: 841

OOME stack traces (most recent first):
Classloader memory used:
Loader org.gradle.internal.classloader.VisitableURLClassLoader$InstrumentingVisitableURLClassLoader: 6625K
Loader org.gradle.internal.classloader.VisitableURLClassLoader                         : 5305K
Loader bootstrap                                                                       : 3598K
Loader org.gradle.initialization.MixInLegacyTypesClassLoader                           : 1623K
Loader jdk.internal.reflect.DelegatingClassLoader                                      : 194K
Loader jdk.internal.loader.ClassLoaders$PlatformClassLoader                            : 84948B
Loader org.gradle.internal.classloader.VisitableURLClassLoader                         : 38963B
Loader jdk.internal.loader.ClassLoaders$AppClassLoader                                 : 28754B
Loader sun.reflect.misc.MethodUtil                                                     : 373B

Classes loaded by more than one classloader:
Class Program                                                                         : loaded 5 times (x 70B)
Class Build_gradle$1                                                                  : loaded 3 times (x 72B)
Class Build_gradle                                                                    : loaded 3 times (x 128B)
Class com.google.common.io.Closer$SuppressingSuppressor                               : loaded 2 times (x 73B)
Class org.objectweb.asm.ModuleVisitor                                                 : loaded 2 times (x 79B)
Class com.google.common.io.ByteSource                                                 : loaded 2 times (x 82B)
Class com.google.common.collect.Maps$IteratorBasedAbstractMap$1                       : loaded 2 times (x 136B)
Class [Lcom.google.common.collect.AbstractMapEntry;                                   : loaded 2 times (x 67B)
Class com.google.common.collect.SingletonImmutableList                                : loaded 2 times (x 167B)
Class com.google.common.cache.CacheLoader$SupplierToCacheLoader                       : loaded 2 times (x 73B)
Class org.gradle.internal.classpath.ClassPath                                         : loaded 2 times (x 68B)
Class com.google.common.io.FileWriteMode                                              : loaded 2 times (x 77B)
Class com.google.common.cache.RemovalListener                                         : loaded 2 times (x 68B)
Class org.gradle.api.internal.classpath.DefaultModuleRegistry                         : loaded 2 times (x 84B)
Class com.google.common.collect.FluentIterable$1                                      : loaded 2 times (x 79B)
Class com.google.common.collect.FluentIterable$2                                      : loaded 2 times (x 79B)
Class com.google.common.collect.FluentIterable$3                                      : loaded 2 times (x 79B)
Class Settings_gradle$1$1                                                             : loaded 2 times (x 72B)
Class com.google.common.collect.ImmutableEnumSet                                      : loaded 2 times (x 144B)
Class com.google.common.collect.ListMultimap                                          : loaded 2 times (x 68B)
Class com.google.common.base.CharMatcher$JavaDigit                                    : loaded 2 times (x 109B)
Class com.google.common.base.CharMatcher$Digit                                        : loaded 2 times (x 110B)
Class com.google.common.collect.AbstractMultimap                                      : loaded 2 times (x 121B)
Class com.google.common.io.ByteSource$ConcatenatedByteSource                          : loaded 2 times (x 83B)
Class com.google.common.cache.CacheBuilder$OneWeigher                                 : loaded 2 times (x 80B)
Class org.gradle.api.Action                                                           : loaded 2 times (x 68B)
Class com.google.common.io.ByteSource$SlicedByteSource                                : loaded 2 times (x 83B)
Class com.google.common.io.ByteArrayDataOutput                                        : loaded 2 times (x 68B)
Class com.google.common.collect.ImmutableEntry                                        : loaded 2 times (x 80B)
Class com.google.common.collect.Lists$StringAsImmutableList                           : loaded 2 times (x 167B)
Class com.google.common.cache.LocalCache$StrongEntry                                  : loaded 2 times (x 106B)
Class org.objectweb.asm.FieldWriter                                                   : loaded 2 times (x 76B)
Class com.google.common.base.CharMatcher                                              : loaded 2 times (x 109B)
Class com.google.common.base.CharMatcher$IsNot                                        : loaded 2 times (x 109B)
Class com.google.common.collect.Maps$IteratorBasedAbstractMap                         : loaded 2 times (x 123B)
Class com.google.common.collect.SetMultimap                                           : loaded 2 times (x 68B)
Class com.google.common.base.Splitter                                                 : loaded 2 times (x 70B)
Class [Lcom.google.common.cache.Weigher;                                              : loaded 2 times (x 67B)
Class com.google.common.collect.Iterators$ArrayItr                                    : loaded 2 times (x 95B)
Class com.google.common.cache.LocalCache$Segment                                      : loaded 2 times (x 152B)
Class org.gradle.api.internal.DefaultClassPathProvider                                : loaded 2 times (x 74B)
Class org.gradle.internal.installation.GradleInstallation$1                           : loaded 2 times (x 73B)
Class com.google.common.cache.LocalCache$AbstractReferenceEntry                       : loaded 2 times (x 105B)
Class org.objectweb.asm.Type                                                          : loaded 2 times (x 70B)
Class com.google.common.util.concurrent.AbstractFuture$Failure                        : loaded 2 times (x 70B)
Class com.google.common.base.CharMatcher$BitSetMatcher                                : loaded 2 times (x 110B)
Class com.google.common.collect.ImmutableMap$IteratorBasedImmutableMap                : loaded 2 times (x 123B)
Class com.google.common.reflect.Reflection                                            : loaded 2 times (x 69B)
Class com.google.common.io.Files$FileByteSource                                       : loaded 2 times (x 83B)
Class com.google.common.collect.ImmutableMap                                          : loaded 2 times (x 118B)
Class com.google.common.base.Converter                                                : loaded 2 times (x 88B)
Class com.google.common.collect.ImmutableSet$EmptySetBuilderImpl                      : loaded 2 times (x 74B)
Class com.google.common.base.Equivalence                                              : loaded 2 times (x 80B)
Class com.google.common.primitives.Ints                                               : loaded 2 times (x 69B)
Class com.google.common.cache.LocalCache$EntryFactory$1                               : loaded 2 times (x 81B)
Class com.google.common.cache.LocalCache$EntryFactory$2                               : loaded 2 times (x 81B)
Class com.google.common.cache.LocalCache$EntryFactory$3                               : loaded 2 times (x 81B)
Class [Lcom.google.common.collect.Maps$EntryFunction;                                 : loaded 2 times (x 67B)
Class com.google.common.cache.LocalCache$EntryFactory$4                               : loaded 2 times (x 81B)
Class com.google.common.cache.LocalCache$EntryFactory$5                               : loaded 2 times (x 81B)
Class com.google.common.cache.LocalCache$EntryFactory$6                               : loaded 2 times (x 81B)
Class com.google.common.reflect.TypeResolver$TypeVariableKey                          : loaded 2 times (x 70B)
Class com.google.common.cache.LocalCache$EntryFactory$7                               : loaded 2 times (x 81B)
Class com.google.common.cache.LocalCache$EntryFactory$8                               : loaded 2 times (x 81B)
Class com.google.common.base.Predicate                                                : loaded 2 times (x 68B)
Class com.google.common.cache.LocalCache$StrongValueReference                         : loaded 2 times (x 88B)
Class org.gradle.internal.classloader.FilteringClassLoader                            : loaded 2 times (x 103B)
Class com.google.common.collect.AbstractMapBasedMultimap$WrappedCollection            : loaded 2 times (x 122B)
Class com.google.common.reflect.TypeResolver$TypeTable                                : loaded 2 times (x 71B)
Class com.google.common.reflect.Invokable$MethodInvokable                             : loaded 2 times (x 103B)
Class com.google.common.collect.RegularImmutableSet                                   : loaded 2 times (x 146B)
Class [Lcom.google.common.cache.LocalCache$Strength;                                  : loaded 2 times (x 67B)
Class org.gradle.internal.classpath.DefaultClassPath$ImmutableUniqueList$Builder      : loaded 2 times (x 73B)
Class com.google.common.collect.SortedSetMultimap                                     : loaded 2 times (x 68B)
Class com.google.common.collect.Maps$8                                                : loaded 2 times (x 80B)
Class com.google.common.collect.Sets$3$1                                              : loaded 2 times (x 80B)
Class [Lcom.google.common.cache.CacheBuilder$NullListener;                            : loaded 2 times (x 67B)
Class com.google.common.base.PatternCompiler                                          : loaded 2 times (x 68B)
Class com.google.common.base.CharMatcher$InRange                                      : loaded 2 times (x 109B)
Class com.google.common.collect.Maps$KeySet                                           : loaded 2 times (x 135B)
Class com.google.common.collect.Sets$SetView                                          : loaded 2 times (x 136B)
Class com.google.common.collect.BiMap                                                 : loaded 2 times (x 68B)
Class com.google.common.collect.Lists                                                 : loaded 2 times (x 69B)
Class org.objectweb.asm.AnnotationWriter                                              : loaded 2 times (x 77B)
Class com.google.common.math.IntMath$1                                                : loaded 2 times (x 69B)
Class org.gradle.internal.classloader.ClassLoaderVisitor                              : loaded 2 times (x 74B)
Class org.objectweb.asm.Label                                                         : loaded 2 times (x 71B)
Class com.google.common.cache.CacheBuilder$NullListener                               : loaded 2 times (x 80B)
Class com.google.common.math.MathPreconditions                                        : loaded 2 times (x 69B)
Class com.google.common.io.ByteStreams$1                                              : loaded 2 times (x 83B)
Class org.gradle.internal.service.DefaultServiceLocator                               : loaded 2 times (x 81B)
Class org.gradle.internal.service.UnknownServiceException                             : loaded 2 times (x 81B)
Class com.google.common.util.concurrent.AbstractFuture$SynchronizedHelper             : loaded 2 times (x 76B)
Class com.google.common.collect.ArrayListMultimap                                     : loaded 2 times (x 170B)
Class com.google.common.collect.Collections2$FilteredCollection                       : loaded 2 times (x 117B)
Class com.google.common.base.Strings                                                  : loaded 2 times (x 69B)
Class com.google.common.io.Closer                                                     : loaded 2 times (x 76B)
Class com.google.common.cache.CacheLoader$InvalidCacheLoadException                   : loaded 2 times (x 80B)
Class org.gradle.internal.classloader.DefaultClassLoaderFactory                       : loaded 2 times (x 80B)
Class com.google.common.collect.UnmodifiableIterator                                  : loaded 2 times (x 78B)
Class com.google.common.base.Stopwatch                                                : loaded 2 times (x 70B)
Class com.google.common.reflect.Types                                                 : loaded 2 times (x 69B)
Class com.google.common.base.Platform$JdkPatternCompiler                              : loaded 2 times (x 73B)
Class com.google.common.cache.LocalCache$LoadingValueReference                        : loaded 2 times (x 94B)
Class com.google.common.base.CharMatcher$SingleWidth                                  : loaded 2 times (x 110B)
Class com.google.common.collect.Hashing                                               : loaded 2 times (x 69B)
Class com.google.common.io.ByteStreams$LimitedInputStream                             : loaded 2 times (x 90B)
Class org.objectweb.asm.Context                                                       : loaded 2 times (x 70B)
Class [Lcom.google.common.reflect.Types$ClassOwnership;                               : loaded 2 times (x 67B)
Class com.google.common.base.JdkPattern                                               : loaded 2 times (x 73B)
Class com.google.common.base.Optional                                                 : loaded 2 times (x 78B)
Class com.google.common.collect.Multimap                                              : loaded 2 times (x 68B)
Class com.google.common.base.FunctionalEquivalence                                    : loaded 2 times (x 81B)
Class org.objectweb.asm.AnnotationVisitor                                             : loaded 2 times (x 76B)
Class org.objectweb.asm.RecordComponentWriter                                         : loaded 2 times (x 76B)
Class com.google.common.cache.LocalCache$1                                            : loaded 2 times (x 87B)
Class com.google.common.cache.LocalCache$2                                            : loaded 2 times (x 140B)
Class com.google.common.collect.RegularImmutableBiMap                                 : loaded 2 times (x 146B)
Class org.gradle.internal.classloader.VisitableURLClassLoader$Spec                    : loaded 2 times (x 72B)
Class org.gradle.api.GradleException                                                  : loaded 2 times (x 80B)
Class com.google.common.base.CharMatcher$JavaLetterOrDigit                            : loaded 2 times (x 109B)
Class org.gradle.api.internal.classpath.ModuleRegistry                                : loaded 2 times (x 68B)
Class com.google.common.collect.ForwardingObject                                      : loaded 2 times (x 70B)
Class com.google.common.reflect.TypeToken$1                                           : loaded 2 times (x 106B)
Class com.google.common.cache.CacheBuilder                                            : loaded 2 times (x 70B)
Class com.google.common.reflect.TypeToken$2                                           : loaded 2 times (x 106B)
Class org.objectweb.asm.ByteVector                                                    : loaded 2 times (x 77B)
Class com.google.common.collect.ImmutableCollection                                   : loaded 2 times (x 123B)
Class com.google.common.base.PairwiseEquivalence                                      : loaded 2 times (x 81B)
Class com.google.common.base.Ticker                                                   : loaded 2 times (x 70B)
Class org.gradle.api.internal.ClassPathProvider                                       : loaded 2 times (x 68B)
Class com.google.common.collect.Iterators$MergingIterator                             : loaded 2 times (x 79B)
Class com.google.common.collect.RegularImmutableMap$Values                            : loaded 2 times (x 167B)
Class org.objectweb.asm.ModuleWriter                                                  : loaded 2 times (x 80B)
Class org.gradle.internal.classloader.ClasspathUtil$1                                 : loaded 2 times (x 74B)
Class com.google.common.io.ByteSource$AsCharSource                                    : loaded 2 times (x 84B)
Class com.google.common.collect.ImmutableEnumMap                                      : loaded 2 times (x 123B)
Class com.google.common.collect.ImmutableList$ReverseImmutableList                    : loaded 2 times (x 168B)
Class com.google.common.cache.AbstractCache$StatsCounter                              : loaded 2 times (x 68B)
Class com.google.common.collect.Maps$EntryFunction$1                                  : loaded 2 times (x 89B)
Class com.google.common.collect.Maps$EntryFunction$2                                  : loaded 2 times (x 89B)
Class org.objectweb.asm.FieldVisitor                                                  : loaded 2 times (x 75B)
Class org.objectweb.asm.Symbol                                                        : loaded 2 times (x 71B)
Class com.google.common.reflect.TypeToken                                             : loaded 2 times (x 71B)
Class com.google.common.cache.LocalCache$Strength$1                                   : loaded 2 times (x 79B)
Class com.google.common.cache.LocalCache$Strength$2                                   : loaded 2 times (x 79B)
Class com.google.common.cache.LocalCache$Strength$3                                   : loaded 2 times (x 79B)
Class org.gradle.internal.classloader.ClassLoaderFactory                              : loaded 2 times (x 68B)
Class com.google.common.collect.ObjectArrays                                          : loaded 2 times (x 69B)
Class com.google.common.base.Absent                                                   : loaded 2 times (x 78B)
Class com.google.common.util.concurrent.AbstractFuture$Waiter                         : loaded 2 times (x 70B)
Class com.google.common.util.concurrent.Uninterruptibles                              : loaded 2 times (x 69B)
Class com.google.common.collect.Iterators$10                                          : loaded 2 times (x 79B)
Class com.google.common.collect.ImmutableList                                         : loaded 2 times (x 166B)
Class org.gradle.api.internal.classpath.ManifestUtil                                  : loaded 2 times (x 69B)
Class org.gradle.api.specs.Spec                                                       : loaded 2 times (x 68B)
Class com.google.common.cache.CacheLoader$UnsupportedLoadingOperationException        : loaded 2 times (x 80B)
Class com.google.common.base.CharMatcher$Whitespace                                   : loaded 2 times (x 110B)
Class com.google.common.util.concurrent.ListenableFuture                              : loaded 2 times (x 68B)
Class com.google.common.collect.Iterators$1                                           : loaded 2 times (x 79B)
Class com.google.common.collect.Iterators$4                                           : loaded 2 times (x 80B)
Class com.google.common.collect.RegularImmutableMap$BucketOverflowException           : loaded 2 times (x 80B)
Class com.google.common.collect.Iterators$5                                           : loaded 2 times (x 80B)
Class com.google.common.collect.Iterators$6                                           : loaded 2 times (x 79B)
Class com.google.common.util.concurrent.AbstractFuture$UnsafeAtomicHelper             : loaded 2 times (x 76B)
Class com.google.common.base.Joiner                                                   : loaded 2 times (x 77B)
Class com.google.common.base.Equivalence$Equals                                       : loaded 2 times (x 80B)
Class com.google.common.base.Preconditions                                            : loaded 2 times (x 69B)
Class com.google.common.base.Function                                                 : loaded 2 times (x 68B)
Class com.google.common.collect.Iterators$9                                           : loaded 2 times (x 79B)
Class org.gradle.internal.IoActions                                                   : loaded 2 times (x 69B)
Class com.google.common.cache.ReferenceEntry                                          : loaded 2 times (x 68B)
Class com.google.common.collect.RegularImmutableMap$KeySet                            : loaded 2 times (x 148B)
Class com.google.common.collect.CollectPreconditions                                  : loaded 2 times (x 69B)
Class [Lcom.google.common.base.Function;                                              : loaded 2 times (x 67B)
Class com.google.common.primitives.IntsMethodsForWeb                                  : loaded 2 times (x 69B)
Class com.google.common.collect.Maps                                                  : loaded 2 times (x 69B)
Class com.google.common.collect.RegularImmutableMap                                   : loaded 2 times (x 119B)
Class com.google.common.collect.AbstractIndexedListIterator                           : loaded 2 times (x 94B)
Class com.google.common.base.CharMatcher$None                                         : loaded 2 times (x 110B)
Class [Lorg.objectweb.asm.Attribute;                                                  : loaded 2 times (x 67B)
Class org.gradle.api.internal.classpath.EffectiveClassPath                            : loaded 2 times (x 88B)
Class com.google.common.collect.UnmodifiableListIterator                              : loaded 2 times (x 93B)
Class com.google.common.io.Files                                                      : loaded 2 times (x 69B)
Class com.google.common.cache.CacheLoader$FunctionToCacheLoader                       : loaded 2 times (x 73B)
Class com.google.common.cache.CacheBuilder$1                                          : loaded 2 times (x 83B)
Class com.google.common.cache.CacheBuilder$2                                          : loaded 2 times (x 70B)
Class com.google.common.collect.ImmutableList$1                                       : loaded 2 times (x 95B)
Class com.google.common.base.Splitter$Strategy                                        : loaded 2 times (x 68B)
Class com.google.common.collect.ImmutableMapEntrySet$RegularEntrySet                  : loaded 2 times (x 149B)
Class com.google.common.base.Predicates$CompositionPredicate                          : loaded 2 times (x 86B)
Class [Lcom.google.common.cache.RemovalListener;                                      : loaded 2 times (x 67B)
Class [Lcom.google.common.collect.ImmutableMapEntry;                                  : loaded 2 times (x 67B)
Class org.gradle.internal.installation.CurrentGradleInstallation                      : loaded 2 times (x 71B)
Class org.gradle.internal.agents.InstrumentingClassLoader                             : loaded 2 times (x 68B)
Class org.gradle.internal.installation.CurrentGradleInstallationLocator               : loaded 2 times (x 69B)
Class [Lcom.google.common.cache.LocalCache$Segment;                                   : loaded 2 times (x 67B)
Class org.gradle.api.internal.classpath.Module                                        : loaded 2 times (x 68B)
Class com.google.common.io.ByteSource$ByteArrayByteSource                             : loaded 2 times (x 83B)
Class com.google.common.collect.Multimaps$CustomSetMultimap                           : loaded 2 times (x 176B)
Class com.google.common.base.Splitter$1$1                                             : loaded 2 times (x 84B)
Class com.google.common.collect.ImmutableSet$JdkBackedSetBuilderImpl                  : loaded 2 times (x 74B)
Class com.google.common.reflect.Types$TypeVariableInvocationHandler                   : loaded 2 times (x 73B)
Class com.google.common.reflect.Types$ClassOwnership                                  : loaded 2 times (x 78B)
Class com.google.common.collect.ImmutableSet$RegularSetBuilderImpl                    : loaded 2 times (x 75B)
Class [Lorg.objectweb.asm.AnnotationWriter;                                           : loaded 2 times (x 67B)
Class org.gradle.internal.service.CachingServiceLocator                               : loaded 2 times (x 80B)
Class [Lcom.google.common.collect.ImmutableEntry;                                     : loaded 2 times (x 67B)
Class com.google.common.collect.Sets$ImprovedAbstractSet                              : loaded 2 times (x 133B)
Class org.gradle.internal.classpath.DefaultClassPath                                  : loaded 2 times (x 88B)
Class com.google.common.collect.AbstractSetMultimap                                   : loaded 2 times (x 172B)
Class com.google.common.util.concurrent.AbstractFuture$SetFuture                      : loaded 2 times (x 73B)
Class com.google.common.collect.TransformedIterator                                   : loaded 2 times (x 78B)
Class com.google.common.base.Splitter$SplittingIterator                               : loaded 2 times (x 82B)
Class com.google.common.reflect.TypeParameter                                         : loaded 2 times (x 70B)
Class com.google.common.cache.LocalCache$LocalManualCache$1                           : loaded 2 times (x 73B)
Class org.gradle.internal.installation.GradleInstallation                             : loaded 2 times (x 73B)
Class com.google.common.reflect.Types$ClassOwnership$1LocalClass                      : loaded 2 times (x 69B)
Class [Lcom.google.common.collect.AbstractIterator$State;                             : loaded 2 times (x 67B)
Class org.objectweb.asm.SymbolTable$Entry                                             : loaded 2 times (x 72B)
Class [Lcom.google.common.cache.LocalCache$EntryFactory;                              : loaded 2 times (x 67B)
Class com.google.common.base.CharMatcher$Is                                           : loaded 2 times (x 109B)
Class com.google.common.collect.Maps$AbstractFilteredMap                              : loaded 2 times (x 125B)
Class com.google.common.base.Platform                                                 : loaded 2 times (x 69B)
Class com.google.common.collect.RegularImmutableAsList                                : loaded 2 times (x 176B)
Class com.google.common.base.Suppliers$NonSerializableMemoizingSupplier               : loaded 2 times (x 77B)
Class com.google.common.collect.PeekingIterator                                       : loaded 2 times (x 68B)
Class com.google.common.collect.AbstractMapBasedMultimap$WrappedSet                   : loaded 2 times (x 140B)
Class com.google.common.reflect.TypeResolver$TypeTable$1                              : loaded 2 times (x 71B)
Class com.google.common.collect.ImmutableMapEntrySet                                  : loaded 2 times (x 149B)
Class com.google.common.cache.CacheLoader                                             : loaded 2 times (x 72B)
Class com.google.common.collect.ImmutableBiMapFauxverideShim                          : loaded 2 times (x 118B)
Class org.objectweb.asm.MethodTooLargeException                                       : loaded 2 times (x 81B)
Class com.google.common.cache.Cache                                                   : loaded 2 times (x 68B)
Class com.google.common.collect.Maps$EntrySet                                         : loaded 2 times (x 134B)
Class org.gradle.internal.classloader.SystemClassLoaderSpec                           : loaded 2 times (x 69B)
Class com.google.common.util.concurrent.internal.InternalFutureFailureAccess          : loaded 2 times (x 70B)
Class com.google.common.base.Charsets                                                 : loaded 2 times (x 69B)
Class com.google.common.primitives.Ints$IntConverter                                  : loaded 2 times (x 88B)
Class com.google.common.collect.SingletonImmutableSet                                 : loaded 2 times (x 144B)
Class com.google.common.reflect.Types$TypeVariableImpl                                : loaded 2 times (x 70B)
Class [Lcom.google.common.base.AbstractIterator$State;                                : loaded 2 times (x 67B)
Class com.google.common.collect.ImmutableMap$Builder                                  : loaded 2 times (x 80B)
Class com.google.common.base.AbstractIterator                                         : loaded 2 times (x 78B)
Class org.objectweb.asm.ClassWriter                                                   : loaded 2 times (x 104B)
Class com.google.common.base.AbstractIterator$1                                       : loaded 2 times (x 69B)
Class [Lcom.google.common.cache.CacheBuilder$OneWeigher;                              : loaded 2 times (x 67B)
Class com.google.common.collect.Iterators                                             : loaded 2 times (x 69B)
Class com.google.common.base.CharMatcher$1                                            : loaded 2 times (x 111B)
Class com.google.common.base.CharMatcher$Ascii                                        : loaded 2 times (x 110B)
Class com.google.common.cache.LocalCache$ComputingValueReference                      : loaded 2 times (x 94B)
Class com.google.common.collect.ImmutableList$SerializedForm                          : loaded 2 times (x 71B)
Class org.gradle.api.UncheckedIOException                                             : loaded 2 times (x 80B)
Class com.google.common.base.CharMatcher$And                                          : loaded 2 times (x 110B)
Class [Lcom.google.common.io.FileWriteMode;                                           : loaded 2 times (x 67B)
Class com.google.common.io.Files$FileByteSink                                         : loaded 2 times (x 75B)
Class com.google.common.collect.IndexedImmutableSet                                   : loaded 2 times (x 148B)
Class com.google.common.base.ExtraObjectsMethodsForWeb                                : loaded 2 times (x 69B)
Class com.google.common.collect.IndexedImmutableSet$1                                 : loaded 2 times (x 172B)
Class com.google.common.collect.AbstractListMultimap                                  : loaded 2 times (x 170B)
Class com.google.common.base.CharMatcher$Any                                          : loaded 2 times (x 110B)
Class com.google.common.base.Ascii                                                    : loaded 2 times (x 69B)
Class com.google.common.cache.LocalCache$Strength                                     : loaded 2 times (x 79B)
Class com.google.common.collect.AbstractMapBasedMultimap$KeySet                       : loaded 2 times (x 135B)
Class com.google.common.collect.ArrayListMultimapGwtSerializationDependencies         : loaded 2 times (x 170B)
Class com.google.common.base.CharMatcher$RangesMatcher                                : loaded 2 times (x 110B)
Class org.objectweb.asm.Handler                                                       : loaded 2 times (x 70B)
Class com.google.common.collect.ImmutableList$SubList                                 : loaded 2 times (x 168B)
Class com.google.common.cache.LocalCache$ValueReference                               : loaded 2 times (x 68B)
Class com.google.common.collect.CollectSpliterators                                   : loaded 2 times (x 69B)
Class org.objectweb.asm.ClassReader                                                   : loaded 2 times (x 91B)
Class org.gradle.internal.classloader.ClasspathUtil                                   : loaded 2 times (x 69B)
Class org.objectweb.asm.CurrentFrame                                                  : loaded 2 times (x 71B)
Class com.google.common.util.concurrent.AbstractFuture                                : loaded 2 times (x 93B)
Class com.google.common.reflect.TypeResolver                                          : loaded 2 times (x 70B)
Class com.google.common.base.Splitter$1                                               : loaded 2 times (x 75B)
Class com.google.common.base.Ticker$1                                                 : loaded 2 times (x 70B)
Class com.google.common.collect.Maps$BiMapConverter                                   : loaded 2 times (x 88B)
Class org.gradle.api.internal.DefaultClassPathRegistry                                : loaded 2 times (x 74B)
Class com.google.common.collect.AbstractIterator$State                                : loaded 2 times (x 77B)
Class [Lorg.objectweb.asm.Symbol;                                                     : loaded 2 times (x 67B)
Class com.google.common.util.concurrent.AbstractFuture$Cancellation                   : loaded 2 times (x 70B)
Class com.google.common.base.Predicates                                               : loaded 2 times (x 69B)
Class com.google.common.collect.ImmutableSet$SetBuilderImpl                           : loaded 2 times (x 74B)
Class org.gradle.api.internal.classpath.DefaultModuleRegistry$DefaultModule           : loaded 2 times (x 84B)
Class com.google.common.base.CharMatcher$JavaIsoControl                               : loaded 2 times (x 110B)
Class com.google.common.collect.ImmutableMap$1                                        : loaded 2 times (x 79B)
Class com.google.common.base.CharMatcher$Or                                           : loaded 2 times (x 110B)
Class org.gradle.kotlin.dsl.VersionCatalogAccessorsKt                                 : loaded 2 times (x 69B)
Class com.google.common.base.Suppliers$SupplierOfInstance                             : loaded 2 times (x 77B)
Class org.objectweb.asm.RecordComponentVisitor                                        : loaded 2 times (x 75B)
Class com.google.common.reflect.Types$ClassOwnership$1                                : loaded 2 times (x 78B)
Class com.google.common.reflect.Invokable                                             : loaded 2 times (x 99B)
Class com.google.common.reflect.Types$ClassOwnership$2                                : loaded 2 times (x 78B)
Class com.google.common.reflect.Types$ClassOwnership$3                                : loaded 2 times (x 69B)
Class com.google.common.cache.LocalCache$HashIterator                                 : loaded 2 times (x 84B)
Class com.google.common.collect.Iterables                                             : loaded 2 times (x 69B)
Class com.google.common.base.CharMatcher$JavaLowerCase                                : loaded 2 times (x 109B)
Class com.google.common.cache.LocalCache$WriteThroughEntry                            : loaded 2 times (x 77B)
Class org.objectweb.asm.ClassTooLargeException                                        : loaded 2 times (x 81B)
Class org.gradle.api.internal.classpath.UnknownModuleException                        : loaded 2 times (x 80B)
Class com.google.common.collect.FluentIterable                                        : loaded 2 times (x 79B)
Class com.google.common.util.concurrent.AbstractFuture$Listener                       : loaded 2 times (x 70B)
Class com.google.common.collect.Iterables$5                                           : loaded 2 times (x 79B)
Class org.objectweb.asm.Edge                                                          : loaded 2 times (x 70B)
Class com.google.common.collect.Maps$EntryTransformer                                 : loaded 2 times (x 68B)
Class com.google.common.collect.ImmutableCollection$Builder                           : loaded 2 times (x 74B)
Class com.google.common.io.ByteArrayDataInput                                         : loaded 2 times (x 68B)
Class [Lorg.objectweb.asm.SymbolTable$Entry;                                          : loaded 2 times (x 67B)
Class com.google.common.reflect.Types$JavaVersion                                     : loaded 2 times (x 81B)
Class com.google.common.collect.SingletonImmutableBiMap                               : loaded 2 times (x 141B)
Class com.google.common.base.CommonPattern                                            : loaded 2 times (x 72B)
Class com.google.common.base.Suppliers$MemoizingSupplier                              : loaded 2 times (x 77B)
Class com.google.common.collect.CollectSpliterators$1WithCharacteristics              : loaded 2 times (x 88B)
Class com.google.common.base.Suppliers                                                : loaded 2 times (x 69B)
Class org.objectweb.asm.ClassVisitor                                                  : loaded 2 times (x 86B)
Class com.google.common.cache.LoadingCache                                            : loaded 2 times (x 68B)
Class org.gradle.internal.service.ServiceLookupException                              : loaded 2 times (x 80B)
Class org.gradle.cache.GlobalCache                                                    : loaded 2 times (x 68B)
Class com.google.common.base.Present                                                  : loaded 2 times (x 79B)
Class com.google.common.base.CharMatcher$NegatedFastMatcher                           : loaded 2 times (x 111B)
Class [Lorg.gradle.api.internal.ClassPathProvider;                                    : loaded 2 times (x 67B)
Class com.google.common.util.concurrent.AbstractFuture$SafeAtomicHelper               : loaded 2 times (x 77B)
Class org.gradle.util.internal.GUtil                                                  : loaded 2 times (x 69B)
Class com.google.common.math.IntMath                                                  : loaded 2 times (x 69B)
Class [Lcom.google.common.reflect.Types$JavaVersion;                                  : loaded 2 times (x 67B)
Class com.google.common.collect.AbstractIterator                                      : loaded 2 times (x 80B)
Class org.gradle.internal.classloader.ClassLoaderSpec                                 : loaded 2 times (x 69B)
Class com.google.common.io.LineProcessor                                              : loaded 2 times (x 68B)
Class com.google.common.base.NullnessCasts                                            : loaded 2 times (x 69B)
Class com.google.common.io.CharSink                                                   : loaded 2 times (x 77B)
Class org.objectweb.asm.Frame                                                         : loaded 2 times (x 71B)
Class com.google.common.cache.LocalCache$LocalManualCache                             : loaded 2 times (x 97B)
Class com.google.common.collect.AbstractMapEntry                                      : loaded 2 times (x 79B)
Class com.google.common.collect.ImmutableList$Builder                                 : loaded 2 times (x 75B)
Class com.google.common.base.CharMatcher$Negated                                      : loaded 2 times (x 111B)
Class com.google.common.cache.CacheLoader$1                                           : loaded 2 times (x 73B)
Class com.google.common.util.concurrent.AbstractFuture$TrustedFuture                  : loaded 2 times (x 95B)
Class com.google.common.collect.Maps$ViewCachingAbstractMap                           : loaded 2 times (x 123B)
Class com.google.common.collect.Sets                                                  : loaded 2 times (x 69B)
Class com.google.common.collect.ImmutableSet$Builder                                  : loaded 2 times (x 83B)
Class com.google.common.collect.Sets$FilteredSet                                      : loaded 2 times (x 135B)
Class com.google.common.base.CharMatcher$ForPredicate                                 : loaded 2 times (x 110B)
Class com.google.common.collect.ImmutableMap$MapViewOfValuesAsSingletonSets           : loaded 2 times (x 123B)
Class com.google.common.base.MoreObjects                                              : loaded 2 times (x 69B)
Class com.google.common.collect.SortedMapDifference                                   : loaded 2 times (x 68B)
Class org.objectweb.asm.SymbolTable                                                   : loaded 2 times (x 70B)
Class [Lorg.objectweb.asm.AnnotationVisitor;                                          : loaded 2 times (x 67B)
Class com.google.common.cache.CacheStats                                              : loaded 2 times (x 69B)
Class org.objectweb.asm.Attribute                                                     : loaded 2 times (x 75B)
Class org.gradle.internal.classloader.VisitableURLClassLoader                         : loaded 2 times (x 115B)
Class com.google.common.cache.LocalCache$LocalLoadingCache                            : loaded 2 times (x 132B)
Class com.google.common.base.Supplier                                                 : loaded 2 times (x 68B)
Class com.google.common.base.Objects                                                  : loaded 2 times (x 69B)
Class com.google.common.util.concurrent.AbstractFuture$AtomicHelper                   : loaded 2 times (x 76B)
Class com.google.common.collect.ImmutableBiMap                                        : loaded 2 times (x 141B)
Class org.gradle.internal.Cast                                                        : loaded 2 times (x 69B)
Class com.google.common.hash.PrimitiveSink                                            : loaded 2 times (x 68B)
Class com.google.common.collect.NullnessCasts                                         : loaded 2 times (x 69B)
Class com.google.common.reflect.TypeCapture                                           : loaded 2 times (x 69B)
Class org.gradle.api.internal.ClassPathRegistry                                       : loaded 2 times (x 68B)
Class com.google.common.cache.LocalCache$EntryFactory                                 : loaded 2 times (x 81B)
Class com.google.common.util.concurrent.UncheckedExecutionException                   : loaded 2 times (x 80B)
Class com.google.common.collect.ImmutableSet                                          : loaded 2 times (x 143B)
Class org.gradle.internal.classloader.VisitableURLClassLoader$InstrumentingVisitableURLClassLoader: loaded 2 times (x 121B)
Class org.gradle.internal.classloader.ClassLoaderHierarchy                            : loaded 2 times (x 68B)
Class com.google.common.io.Closer$Suppressor                                          : loaded 2 times (x 68B)
Class [Lorg.objectweb.asm.Type;                                                       : loaded 2 times (x 67B)
Class com.google.common.base.AbstractIterator$State                                   : loaded 2 times (x 77B)
Class com.google.common.cache.Weigher                                                 : loaded 2 times (x 68B)
Class com.google.common.base.CharMatcher$NamedFastMatcher                             : loaded 2 times (x 110B)
Class org.gradle.internal.InternalTransformer                                         : loaded 2 times (x 68B)
Class org.gradle.internal.service.ServiceLocator                                      : loaded 2 times (x 68B)
Class Settings_gradle$1                                                               : loaded 2 times (x 72B)
Class com.google.common.util.concurrent.SettableFuture                                : loaded 2 times (x 95B)
Class com.google.common.io.Files$2                                                    : loaded 2 times (x 74B)
Class com.google.common.collect.ImmutableMapEntry                                     : loaded 2 times (x 83B)
Class com.google.common.reflect.Types$ParameterizedTypeImpl                           : loaded 2 times (x 79B)
Class com.google.common.collect.Maps$EntryFunction                                    : loaded 2 times (x 89B)
Class com.google.common.io.ByteStreams                                                : loaded 2 times (x 69B)
Class com.google.common.base.CharMatcher$Invisible                                    : loaded 2 times (x 110B)
Class com.google.common.base.Joiner$1                                                 : loaded 2 times (x 78B)
Class com.google.common.base.Joiner$2                                                 : loaded 2 times (x 77B)
Class com.google.common.reflect.Types$JavaVersion$1                                   : loaded 2 times (x 81B)
Class com.google.common.base.CharMatcher$FastMatcher                                  : loaded 2 times (x 109B)
Class com.google.common.reflect.Types$JavaVersion$2                                   : loaded 2 times (x 81B)
Class com.google.common.reflect.Types$JavaVersion$3                                   : loaded 2 times (x 81B)
Class org.gradle.internal.classpath.DefaultClassPath$ImmutableUniqueList              : loaded 2 times (x 159B)
Class com.google.common.reflect.Types$JavaVersion$4                                   : loaded 2 times (x 81B)
Class com.google.common.reflect.Types$JavaVersion$5                                   : loaded 2 times (x 69B)
Class com.google.common.base.CharMatcher$JavaLetter                                   : loaded 2 times (x 109B)
Class org.gradle.internal.classpath.TransformedClassPath                              : loaded 2 times (x 94B)
Class com.google.common.collect.MapDifference                                         : loaded 2 times (x 68B)
Class com.google.common.reflect.TypeToken$SimpleTypeToken                             : loaded 2 times (x 71B)
Class com.google.common.io.ByteSource$EmptyByteSource                                 : loaded 2 times (x 83B)
Class com.google.common.collect.Sets$1                                                : loaded 2 times (x 137B)
Class com.google.common.collect.Sets$2                                                : loaded 2 times (x 137B)
Class com.google.common.util.concurrent.AbstractFuture$Trusted                        : loaded 2 times (x 68B)
Class com.google.common.collect.Sets$3                                                : loaded 2 times (x 137B)
Class com.google.common.graph.SuccessorsFunction                                      : loaded 2 times (x 68B)
Class com.google.common.collect.Sets$4                                                : loaded 2 times (x 137B)
Class com.google.common.reflect.Types$NativeTypeVariableEquals                        : loaded 2 times (x 69B)
Class Settings_gradle                                                                 : loaded 2 times (x 126B)
Class com.google.common.io.ByteSink                                                   : loaded 2 times (x 74B)
Class com.google.common.collect.AbstractMapBasedMultimap$WrappedCollection$WrappedIterator: loaded 2 times (x 82B)
Class org.objectweb.asm.MethodWriter                                                  : loaded 2 times (x 104B)
Class com.google.common.collect.Multimaps                                             : loaded 2 times (x 69B)
Class com.google.common.collect.Platform                                              : loaded 2 times (x 69B)
Class com.google.common.collect.ImmutableAsList                                       : loaded 2 times (x 169B)
Class com.google.common.util.concurrent.ExecutionError                                : loaded 2 times (x 80B)
Class com.google.common.io.ByteSink$AsCharSink                                        : loaded 2 times (x 78B)
Class com.google.common.base.Equivalence$Identity                                     : loaded 2 times (x 80B)
Class com.google.common.base.CharMatcher$AnyOf                                        : loaded 2 times (x 110B)
Class com.google.common.base.CharMatcher$IsEither                                     : loaded 2 times (x 109B)
Class com.google.common.collect.AbstractIterator$1                                    : loaded 2 times (x 69B)
Class com.google.common.io.CharSource                                                 : loaded 2 times (x 83B)
Class com.google.common.cache.LocalCache                                              : loaded 2 times (x 185B)
Class com.google.common.collect.RegularImmutableList                                  : loaded 2 times (x 172B)
Class com.google.common.util.concurrent.AbstractFuture$UnsafeAtomicHelper$1           : loaded 2 times (x 74B)
Class com.google.common.base.CharMatcher$JavaUpperCase                                : loaded 2 times (x 109B)
Class com.google.common.collect.Multiset                                              : loaded 2 times (x 68B)
Class com.google.common.collect.ImmutableSet$CachingAsList                            : loaded 2 times (x 145B)
Class com.google.common.reflect.Invokable$ConstructorInvokable                        : loaded 2 times (x 103B)
Class org.objectweb.asm.MethodVisitor                                                 : loaded 2 times (x 103B)
Class com.google.common.collect.AbstractMapBasedMultimap$KeySet$1                     : loaded 2 times (x 80B)
Class com.google.common.collect.ImmutableMapEntry$NonTerminalImmutableMapEntry        : loaded 2 times (x 83B)
Class com.google.common.collect.AbstractMapBasedMultimap                              : loaded 2 times (x 137B)


---------------  S Y S T E M  ---------------

OS:
 Windows 10 , 64 bit Build 19041 (10.0.19041.4717)
OS uptime: 14 days 1:27 hours

CPU: total 4 (initial active 4) (2 cores per cpu, 2 threads per core) family 6 model 78 stepping 3 microcode 0xcc, cx8, cmov, fxsr, ht, mmx, 3dnowpref, sse, sse2, sse3, ssse3, sse4.1, sse4.2, popcnt, lzcnt, tsc, tscinvbit, avx, avx2, aes, erms, clmul, bmi1, bmi2, adx, fma, vzeroupper, clflush, clflushopt
Processor Information for all 4 processors :
  Max Mhz: 2592, Current Mhz: 2492, Mhz Limit: 2488

Memory: 4k page, system-wide physical 7989M (414M free)
TotalPageFile size 20416M (AvailPageFile size 3M)
current process WorkingSet (physical memory assigned to process): 653M, peak: 715M
current process commit charge ("private bytes"): 738M, peak: 740M

vm_info: OpenJDK 64-Bit Server VM (17.0.10+0--11609105) for windows-amd64 JRE (17.0.10+0--11609105), built on Mar 21 2024 19:10:56 by "androidbuild" with MS VC++ 16.10 / 16.11 (VS2019)

END.
